Workbook
Name StageNames: StageMap[Stage]
Name StatusNames: WorkStatuses[Status]

Sheet Dashboard
AA1: =COUNTIFS(Pursuits[Active],1) -> 0 | AB1: Active pursuits | AD1: =IF(AA7<1,0,MATCH(1,Pursuits[Deadline order],0)) -> 0 | AE1: =IF(AA9<1,0,MATCH(1,Actions[Dashboard order],0)) -> 0 | AF1: =IF(AA10<1,0,MATCH(1,Pursuits[Review order],0)) -> 0
B2: Opportunity pipeline | C2: Opportunity pipeline | D2: Opportunity pipeline | E2: Opportunity pipeline | F2: Opportunity pipeline | G2: Opportunity pipeline | H2: Opportunity pipeline | I2: Opportunity pipeline | J2: Opportunity pipeline | K2: Opportunity pipeline | L2: Opportunity pipeline | M2: Opportunity pipeline | N2: Opportunity pipeline | O2: Opportunity pipeline | P2: Opportunity pipeline | Q2: Opportunity pipeline | R2: Opportunity pipeline | T2: Logo here | U2: Logo here | V2: Logo here | W2: Logo here | X2: Logo here | AA2: =COUNT(Pursuits[Included value]) -> 0 | AB2: Estimates available | AD2: =IF(AA7<2,0,MATCH(2,Pursuits[Deadline order],0)) -> 0 | AE2: =IF(AA9<2,0,MATCH(2,Actions[Dashboard order],0)) -> 0 | AF2: =IF(AA10<2,0,MATCH(2,Pursuits[Review order],0)) -> 0
T3: As of | U3: As of | AA3: =COUNTIFS(Pursuits[Input check],"?*")+COUNTIFS(Actions[Needs attention],"?*")+COUNTIFS(Sources[Input check],"?*")+COUNTIFS(StageMap[Input check],"?*")+COUNTIFS(WorkStatuses[Input check],"?*") -> 0 | AB3: Input issues | AD3: =IF(AA7<3,0,MATCH(3,Pursuits[Deadline order],0)) -> 0 | AE3: =IF(AA9<3,0,MATCH(3,Actions[Dashboard order],0)) -> 0 | AF3: =IF(AA10<3,0,MATCH(3,Pursuits[Review order],0)) -> 0
N4: =IF(AA3>0,AA3&IF(AA3=1," row needs attention"," rows need attention")&"; see working tabs","") | AA4: =SUM(Pursuits[Included value]) -> 0 | AB4: Estimated value | AE4: =IF(AA9<4,0,MATCH(4,Actions[Dashboard order],0)) -> 0
AA5: =COUNT(Pursuits[Probable value]) -> 0 | AB5: Probabilities available | AE5: =IF(AA9<5,0,MATCH(5,Actions[Dashboard order],0)) -> 0
AA6: =SUM(Pursuits[Probable value]) -> 0 | AB6: Probable value
B7: Active pursuits | C7: Active pursuits | D7: Active pursuits | E7: Active pursuits | F7: Active pursuits | H7: Estimated value | I7: Estimated value | J7: Estimated value | K7: Estimated value | L7: Estimated value | N7: Responses due in 30 days | O7: Responses due in 30 days | P7: Responses due in 30 days | Q7: Responses due in 30 days | R7: Responses due in 30 days | T7: Overdue actions | U7: Overdue actions | V7: Overdue actions | W7: Overdue actions | X7: Overdue actions | AA7: =COUNT(Pursuits[Deadline order]) -> 0 | AB7: Responses in 30 days
B8: =IF(AA11>0,"Check stages",AA1) -> 0 | H8: =IF(AA11>0,"Check stages",IF(AA2=0,"—",AA4)) -> — | N8: =IF(AA11>0,"Check stages",IF(AND(ISNUMBER(Dashboard!$V$3),Dashboard!$V$3>=1,Dashboard!$V$3<DATE(2099,1,1)),AA7,"Set As of")) -> Set As of | T8: =IF(AA11>0,"Check stages",IF(AA12>0,"Check status",IF(AND(ISNUMBER(Dashboard!$V$3),Dashboard!$V$3>=1,Dashboard!$V$3<DATE(2099,1,1)),AA8,"Set As of"))) -> Set As of | AA8: =IF(AND(ISNUMBER(Dashboard!$V$3),Dashboard!$V$3>=1,Dashboard!$V$3<DATE(2099,1,1)),COUNTIFS(Actions[Active pursuit],1,Actions[Open action],1,Actions[Sort date],"<"&Dashboard!$V$3),"") | AB8: Overdue actions
B9: =IF(AA11>0,"Resolve the stage settings",IF(AA1=0,"Add pursuits on Pipeline","Across active stages")) -> Add pursuits on Pipeline | H9: =IF(AA11>0,"Resolve the stage settings",AA2&" of "&AA1&" valued") -> 0 of 0 valued | N9: =IF(AND(ISNUMBER(Dashboard!$V$3),Dashboard!$V$3>=1,Dashboard!$V$3<DATE(2099,1,1)),"Includes responses due today","Enter the review date above") -> Enter the review date above | T9: =IF(AND(ISNUMBER(Dashboard!$V$3),Dashboard!$V$3>=1,Dashboard!$V$3<DATE(2099,1,1)),"Incomplete actions on active pursuits","Enter the review date above") -> Enter the review date above | AA9: =COUNT(Actions[Dashboard order]) -> 0 | AB9: Open actions
H10: =IF(OR(AA11>0,AA5=0),"",TEXT(AA6,"$0.00,,")&"m probable; "&AA5&" of "&AA1) | AA10: =COUNT(Pursuits[Review order]) -> 0 | AB10: Pursuits to review
AA11: =COUNTIFS(Pursuits[Identity valid],1)-COUNT(Pursuits[Active]) -> 0 | AB11: Unresolved pursuit stages
B12: Pipeline by stage | C12: Pipeline by stage | D12: Pipeline by stage | E12: Pipeline by stage | F12: Pipeline by stage | G12: Pipeline by stage | H12: Pipeline by stage | I12: Pipeline by stage | J12: Pipeline by stage | K12: Pipeline by stage | L12: Pipeline by stage | M12: Pipeline by stage | N12: Pipeline by stage | O12: Pipeline by stage | Q12: Upcoming responses | R12: Upcoming responses | S12: Upcoming responses | T12: Upcoming responses | U12: Upcoming responses | V12: Upcoming responses | W12: Upcoming responses | X12: Upcoming responses | AA12: =COUNTIFS(WorkStatuses[Input check],"?*") -> 0 | AB12: Invalid status settings
Q13: =IF(AD1=0,"",HYPERLINK("#'Pipeline'!B"&(AD1+7),IF(AD1=0,"",INDEX(Pursuits[Opportunity],AD1)))) | V13: =IF(AD1=0,"",INDEX(Pursuits[Response due],AD1))
AA14: Stage | AB14: Pursuits
Q15: =IF(AD1=0,"",INDEX(Pursuits[Response type],AD1)&", "&INDEX(Pursuits[Response clock],AD1)) | AA15: =SUBSTITUTE('Source Data'!AD40," ",CHAR(10)) -> Identified | AB15: =COUNTIFS(Pursuits[Stage],'Source Data'!AD40,Pursuits[Identity valid],1) -> 0
Q16: =IF(AD2=0,"",HYPERLINK("#'Pipeline'!B"&(AD2+7),IF(AD2=0,"",INDEX(Pursuits[Opportunity],AD2)))) | V16: =IF(AD2=0,"",INDEX(Pursuits[Response due],AD2)) | AA16: =SUBSTITUTE('Source Data'!AD41," ",CHAR(10)) -> Qualifying | AB16: =COUNTIFS(Pursuits[Stage],'Source Data'!AD41,Pursuits[Identity valid],1) -> 0
AA17: =SUBSTITUTE('Source Data'!AD42," ",CHAR(10)) -> Pursuing | AB17: =COUNTIFS(Pursuits[Stage],'Source Data'!AD42,Pursuits[Identity valid],1) -> 0
Q18: =IF(AD2=0,"",INDEX(Pursuits[Response type],AD2)&", "&INDEX(Pursuits[Response clock],AD2)) | AA18: =SUBSTITUTE('Source Data'!AD43," ",CHAR(10)) -> Preparing response | AB18: =COUNTIFS(Pursuits[Stage],'Source Data'!AD43,Pursuits[Identity valid],1) -> 0
Q19: =IF(AD3=0,"",HYPERLINK("#'Pipeline'!B"&(AD3+7),IF(AD3=0,"",INDEX(Pursuits[Opportunity],AD3)))) | V19: =IF(AD3=0,"",INDEX(Pursuits[Response due],AD3)) | AA19: =SUBSTITUTE('Source Data'!AD44," ",CHAR(10)) -> Submitted | AB19: =COUNTIFS(Pursuits[Stage],'Source Data'!AD44,Pursuits[Identity valid],1) -> 0
AA20: =SUBSTITUTE('Source Data'!AD45," ",CHAR(10)) -> Won | AB20: =COUNTIFS(Pursuits[Stage],'Source Data'!AD45,Pursuits[Identity valid],1) -> 0
Q21: =IF(AD3=0,"",INDEX(Pursuits[Response type],AD3)&", "&INDEX(Pursuits[Response clock],AD3)) | AA21: =SUBSTITUTE('Source Data'!AD46," ",CHAR(10)) -> Lost | AB21: =COUNTIFS(Pursuits[Stage],'Source Data'!AD46,Pursuits[Identity valid],1) -> 0
Q22: =IF(AA7=0,IF(AND(ISNUMBER(Dashboard!$V$3),Dashboard!$V$3>=1,Dashboard!$V$3<DATE(2099,1,1)),"No responses due in this window","Set the As of date"),IF(AA7>3,"3 of "&AA7&" shown; see Pipeline","")) -> Set the As of date | AA22: =SUBSTITUTE('Source Data'!AD47," ",CHAR(10)) -> Abandoned | AB22: =COUNTIFS(Pursuits[Stage],'Source Data'!AD47,Pursuits[Identity valid],1) -> 0
B23: Actions needing attention | C23: Actions needing attention | D23: Actions needing attention | E23: Actions needing attention | F23: Actions needing attention | G23: Actions needing attention | H23: Actions needing attention | I23: Actions needing attention | J23: Actions needing attention | K23: Actions needing attention | L23: Actions needing attention | M23: Actions needing attention | N23: Actions needing attention | O23: Actions needing attention | Q23: Pursuits needing review | R23: Pursuits needing review | S23: Pursuits needing review | T23: Pursuits needing review | U23: Pursuits needing review | V23: Pursuits needing review | W23: Pursuits needing review | X23: Pursuits needing review
B24: Pursuit | C24: Pursuit | D24: Pursuit | E24: Action | F24: Action | G24: Action | H24: Action | I24: Action | J24: Action | K24: Due | L24: Due | M24: Status | N24: Status | O24: Status
B25: =IF(AE1=0,"",HYPERLINK("#'Actions'!D"&(AE1+7),IF(AE1=0,"",IF(INDEX(Actions[Pursuit],AE1)="","",INDEX(Actions[Pursuit],AE1))))) | E25: =IF(AE1=0,"",IF(INDEX(Actions[Action],AE1)="","",INDEX(Actions[Action],AE1))) | K25: =IF(AE1=0,"",IF(INDEX(Actions[Due date],AE1)="","",INDEX(Actions[Due date],AE1))) | M25: =IF(AE1=0,"",IF(INDEX(Actions[Status],AE1)="","",INDEX(Actions[Status],AE1))) | Q25: =IF(AF1=0,"",HYPERLINK("#'Pipeline'!I"&(AF1+7),IF(AF1=0,"",IF(INDEX(Pursuits[Opportunity],AF1)="","Unnamed pursuit",INDEX(Pursuits[Opportunity],AF1))&CHAR(10)&INDEX(Pursuits[Needs attention],AF1))))
B27: =IF(AE2=0,"",HYPERLINK("#'Actions'!D"&(AE2+7),IF(AE2=0,"",IF(INDEX(Actions[Pursuit],AE2)="","",INDEX(Actions[Pursuit],AE2))))) | E27: =IF(AE2=0,"",IF(INDEX(Actions[Action],AE2)="","",INDEX(Actions[Action],AE2))) | K27: =IF(AE2=0,"",IF(INDEX(Actions[Due date],AE2)="","",INDEX(Actions[Due date],AE2))) | M27: =IF(AE2=0,"",IF(INDEX(Actions[Status],AE2)="","",INDEX(Actions[Status],AE2)))
Q28: =IF(AF2=0,"",HYPERLINK("#'Pipeline'!I"&(AF2+7),IF(AF2=0,"",IF(INDEX(Pursuits[Opportunity],AF2)="","Unnamed pursuit",INDEX(Pursuits[Opportunity],AF2))&CHAR(10)&INDEX(Pursuits[Needs attention],AF2))))
B29: =IF(AE3=0,"",HYPERLINK("#'Actions'!D"&(AE3+7),IF(AE3=0,"",IF(INDEX(Actions[Pursuit],AE3)="","",INDEX(Actions[Pursuit],AE3))))) | E29: =IF(AE3=0,"",IF(INDEX(Actions[Action],AE3)="","",INDEX(Actions[Action],AE3))) | K29: =IF(AE3=0,"",IF(INDEX(Actions[Due date],AE3)="","",INDEX(Actions[Due date],AE3))) | M29: =IF(AE3=0,"",IF(INDEX(Actions[Status],AE3)="","",INDEX(Actions[Status],AE3)))
B31: =IF(AE4=0,"",HYPERLINK("#'Actions'!D"&(AE4+7),IF(AE4=0,"",IF(INDEX(Actions[Pursuit],AE4)="","",INDEX(Actions[Pursuit],AE4))))) | E31: =IF(AE4=0,"",IF(INDEX(Actions[Action],AE4)="","",INDEX(Actions[Action],AE4))) | K31: =IF(AE4=0,"",IF(INDEX(Actions[Due date],AE4)="","",INDEX(Actions[Due date],AE4))) | M31: =IF(AE4=0,"",IF(INDEX(Actions[Status],AE4)="","",INDEX(Actions[Status],AE4))) | Q31: =IF(AF3=0,"",HYPERLINK("#'Pipeline'!I"&(AF3+7),IF(AF3=0,"",IF(INDEX(Pursuits[Opportunity],AF3)="","Unnamed pursuit",INDEX(Pursuits[Opportunity],AF3))&CHAR(10)&INDEX(Pursuits[Needs attention],AF3))))
B33: =IF(AE5=0,"",HYPERLINK("#'Actions'!D"&(AE5+7),IF(AE5=0,"",IF(INDEX(Actions[Pursuit],AE5)="","",INDEX(Actions[Pursuit],AE5))))) | E33: =IF(AE5=0,"",IF(INDEX(Actions[Action],AE5)="","",INDEX(Actions[Action],AE5))) | K33: =IF(AE5=0,"",IF(INDEX(Actions[Due date],AE5)="","",INDEX(Actions[Due date],AE5))) | M33: =IF(AE5=0,"",IF(INDEX(Actions[Status],AE5)="","",INDEX(Actions[Status],AE5)))
Q34: =IF(AA10=0,"No pursuits need review",IF(AA10>3,"3 of "&AA10&" shown; see Pipeline","")) -> No pursuits need review
B35: =IF(AA9=0,"No open actions",IF(AA9>5,"5 of "&AA9&" shown; see Actions","")) -> No open actions
B36: Add company details, an As of date, pursuits and actions. Blue cells accept inputs. | C36: Add company details, an As of date, pursuits and actions. Blue cells accept inputs. | D36: Add company details, an As of date, pursuits and actions. Blue cells accept inputs. | E36: Add company details, an As of date, pursuits and actions. Blue cells accept inputs. | F36: Add company details, an As of date, pursuits and actions. Blue cells accept inputs. | G36: Add company details, an As of date, pursuits and actions. Blue cells accept inputs. | H36: Add company details, an As of date, pursuits and actions. Blue cells accept inputs. | I36: Add company details, an As of date, pursuits and actions. Blue cells accept inputs. | J36: Add company details, an As of date, pursuits and actions. Blue cells accept inputs. | K36: Add company details, an As of date, pursuits and actions. Blue cells accept inputs. | L36: Add company details, an As of date, pursuits and actions. Blue cells accept inputs. | M36: Add company details, an As of date, pursuits and actions. Blue cells accept inputs. | N36: Add company details, an As of date, pursuits and actions. Blue cells accept inputs. | O36: Add company details, an As of date, pursuits and actions. Blue cells accept inputs. | P36: Add company details, an As of date, pursuits and actions. Blue cells accept inputs. | Q36: Add company details, an As of date, pursuits and actions. Blue cells accept inputs. | R36: Add company details, an As of date, pursuits and actions. Blue cells accept inputs. | S36: Add company details, an As of date, pursuits and actions. Blue cells accept inputs. | T36: Add company details, an As of date, pursuits and actions. Blue cells accept inputs. | U36: Add company details, an As of date, pursuits and actions. Blue cells accept inputs. | V36: Add company details, an As of date, pursuits and actions. Blue cells accept inputs. | W36: Add company details, an As of date, pursuits and actions. Blue cells accept inputs. | X36: Add company details, an As of date, pursuits and actions. Blue cells accept inputs.
B37: Pipeline | C37: Pipeline | D37: Pipeline | E37: Pipeline | F37: Pipeline | H37: Actions | I37: Actions | J37: Actions | K37: Actions | L37: Actions | N37: Source Data | O37: Source Data | P37: Source Data | Q37: Source Data | R37: Source Data | T37: Settings | U37: Settings | V37: Settings | W37: Settings | X37: Settings

Sheet Pipeline
A2: Pipeline | B2: Pipeline
A4: As of | B4: =IF(Dashboard!$V$3="","",Dashboard!$V$3) | C4: Blue inputs; gray calculations | D4: Blue inputs; gray calculations | E4: Blue inputs; gray calculations | F4: Blue inputs; gray calculations
C5: Value: total company contract scope (USD) | D5: Value: total company contract scope (USD) | E5: Value: total company contract scope (USD) | F5: Value: total company contract scope (USD) | G5: Value: total company contract scope (USD) | H5: Value: total company contract scope (USD) | I5: Value: total company contract scope (USD)
A7: Pursuit ID | B7: Opportunity | C7: Buyer | D7: Stage | E7: Response due | F7: Next action | G7: Action due | H7: Estimated value | I7: Needs attention | J7: Response type | K7: Description | L7: Agency office | M7: Solicitation | N7: Acquisition route | O7: Location | P7: Release period | Q7: Award period | R7: Duration months | S7: Last reviewed | T7: Value basis | U7: Value period | V7: Probability of win | W7: Probable value | X7: Notes | Y7: Owner | Z7: GovTribe link | AA7: Related file | AB7: Source ID | AC7: Reviewed source version | AD7: Source row | AE7: Active | AF7: ID check | AG7: Value check | AH7: Included value | AI7: Deadline order | AJ7: Next action ID | AK7: Review order | AL7: Open actions | AM7: Undated actions | AN7: Source change | AO7: Review age | AP7: Input check | AQ7: Response clock | AR7: Review candidate | AS7: Identity valid
E8: =IF($AD8=0,"",IF(INDEX(Sources[Response date],$AD8)="","",INDEX(Sources[Response date],$AD8))) | F8: =IF($AJ8="","",INDEX(Actions[Action],MATCH($AJ8,Actions[Action ID],0))) | G8: =IF($AJ8="","",IF(INDEX(Actions[Due date],MATCH($AJ8,Actions[Action ID],0))="","",INDEX(Actions[Due date],MATCH($AJ8,Actions[Action ID],0)))) | I8: =IF($A8="",$AF8,_xlfn.TEXTJOIN(CHAR(10),TRUE(),$AP8,$AG8,IF(AND($AE8=1,AND(ISNUMBER(Dashboard!$V$3),Dashboard!$V$3>=1,Dashboard!$V$3<DATE(2099,1,1)),ISNUMBER($E8),$E8<Dashboard!$V$3),"Response date passed",""),IF(AND($AE8=1,$AL8=0),"No next action",""),IF(AND($AE8=1,$AM8>0),"Action needs a date",""),IF($AE8=1,$AN8,""),$AO8,IF($AD8=0,"",INDEX(Sources[Source issue],$AD8)))) | L8: =IF($AD8=0,"",IF(INDEX(Sources[Agency office],$AD8)="","",INDEX(Sources[Agency office],$AD8))) | M8: =IF($AD8=0,"",IF(INDEX(Sources[Solicitation],$AD8)="","",INDEX(Sources[Solicitation],$AD8))) | N8: =IF($AD8=0,"",IF(INDEX(Sources[Acquisition route],$AD8)="","",INDEX(Sources[Acquisition route],$AD8))) | O8: =IF($AD8=0,"",IF(INDEX(Sources[Location],$AD8)="","",INDEX(Sources[Location],$AD8))) | P8: =IF($AD8=0,"",IF(INDEX(Sources[Release period],$AD8)="","",INDEX(Sources[Release period],$AD8))) | Q8: =IF($AD8=0,"",IF(INDEX(Sources[Award period],$AD8)="","",INDEX(Sources[Award period],$AD8))) | W8: =IF(AND(ISNUMBER($AH8),ISNUMBER($V8),$V8>=0,$V8<=1),ROUND($AH8*$V8,2),"") | Z8: =IF($AD8=0,"",IF(INDEX(Sources[GovTribe URL],$AD8)="","",HYPERLINK(INDEX(Sources[GovTribe URL],$AD8),"Open GovTribe"))) | AD8: =IF($A8="",0,IF(AND($AB8<>"",COUNTIFS(Sources[Source ID],$AB8,Sources[Pursuit ID],$A8)=1,COUNTIFS(Sources[Source ID],$AB8)=1),MATCH($AB8,Sources[Source ID],0),0)) -> 0 | AE8: =IF($AS8=0,"",IF(COUNTIFS(StageMap[Stage],$D8)<>1,"",IF(INDEX(StageMap[Input check],MATCH($D8,StageMap[Stage],0))="",INDEX(StageMap[Active],MATCH($D8,StageMap[Stage],0)),""))) | AF8: =IF($A8="",IF(COUNTA(B8:D8,H8,J8:K8,R8:V8,X8:Y8,AA8:AC8)>0,"Missing pursuit ID",""),IF(COUNTIFS(Pursuits[Pursuit ID],$A8)>1,"Duplicate pursuit ID",IF($B8="","Add opportunity name",""))) | AG8: =IF($A8="","",IF($H8="","",IF(NOT(ISNUMBER($H8)),"Enter a numeric estimate",IF($H8<0,"Estimate cannot be negative",IF($T8<>"Total company contract value","Non-total value excluded",IF($U8="","Add value period","")))))) | AH8: =IF(AND($AE8=1,$AG8="",ISNUMBER($H8)),$H8,"") | AI8: =IF(AND($AE8=1,AND(ISNUMBER(Dashboard!$V$3),Dashboard!$V$3>=1,Dashboard!$V$3<DATE(2099,1,1)),ISNUMBER($E8),$E8>=1,$E8<DATE(2099,1,1),$E8>=Dashboard!$V$3,$E8<Dashboard!$V$3+30),COUNTIFS(Pursuits[Active],1,Pursuits[Response due],">="&Dashboard!$V$3,Pursuits[Response due],"<"&$E8)+COUNTIFS(Pursuits[Active],1,Pursuits[Response due],$E8,Pursuits[Pursuit ID],"<"&$A8)+1,"") | AJ8: =IF(OR($A8="",$AL8=0),"",INDEX(Actions[Action ID],MATCH($A8&"|1",Actions[Pursuit action key],0))) | AK8: =IF($AR8<>1,"",COUNTIFS(Pursuits[Review candidate],1,Pursuits[Pursuit ID],"<"&$A8)+COUNTIFS($A$8:$A8,$A8,$AR$8:$AR8,1)) | AL8: =IF($A8="","",COUNTIFS(Actions[Pursuit ID],$A8,Actions[Open action],1)) | AM8: =IF($A8="","",COUNTIFS(Actions[Pursuit ID],$A8,Actions[Open action],1,Actions[Sort date],DATE(9999,12,31))) | AN8: =IF($AD8=0,"",IF($AC8="","Source not reviewed",IF($AC8<>INDEX(Sources[Source updated],$AD8),"Source changed",""))) | AO8: =IF(OR($AE8<>1,NOT(AND(ISNUMBER(Dashboard!$V$3),Dashboard!$V$3>=1,Dashboard!$V$3<DATE(2099,1,1)))),"",IF($S8="","Not reviewed",IF(NOT(ISNUMBER($S8)),"Use a real review date",IF($S8>Dashboard!$V$3,"Review date is in future",IF(AND(ISNUMBER('Source Data'!$AE$36),'Source Data'!$AE$36>0),IF(Dashboard!$V$3-$S8>'Source Data'!$AE$36,"Review is overdue",""),"Set review interval"))))) | AP8: =IF($AF8<>"",$AF8,IF($A8="","",IF(COUNTIFS(StageMap[Stage],$D8)<>1,"Choose a valid stage",IF(NOT(ISNUMBER($AE8)),"Check stage settings",IF($AB8="","Add source ID",IF($AD8=0,"Source link needs review",IF(INDEX(Sources[Input check],$AD8)<>"",INDEX(Sources[Input check],$AD8),IF(AND($V8<>"",OR(NOT(ISNUMBER($V8)),$V8<0,$V8>1)),"Probability must be 0 to 100%",IF(AND($R8<>"",OR(NOT(ISNUMBER($R8)),$R8<0)),"Use valid duration months",""))))))))) | AQ8: =IF($AD8=0,"",IF(INDEX(Sources[Response time],$AD8)="","Time not confirmed",TEXT(INDEX(Sources[Response time],$AD8),"h:mm AM/PM")&" "&INDEX(Sources[Time zone],$AD8))) | AR8: =IF(AND($I8<>"",OR($AE8=1,$AP8<>"")),1,0) -> 0 | AS8: =IF(AND($A8<>"",$AF8=""),1,0) -> 0
E9: =IF($AD9=0,"",IF(INDEX(Sources[Response date],$AD9)="","",INDEX(Sources[Response date],$AD9))) | F9: =IF($AJ9="","",INDEX(Actions[Action],MATCH($AJ9,Actions[Action ID],0))) | G9: =IF($AJ9="","",IF(INDEX(Actions[Due date],MATCH($AJ9,Actions[Action ID],0))="","",INDEX(Actions[Due date],MATCH($AJ9,Actions[Action ID],0)))) | I9: =IF($A9="",$AF9,_xlfn.TEXTJOIN(CHAR(10),TRUE(),$AP9,$AG9,IF(AND($AE9=1,AND(ISNUMBER(Dashboard!$V$3),Dashboard!$V$3>=1,Dashboard!$V$3<DATE(2099,1,1)),ISNUMBER($E9),$E9<Dashboard!$V$3),"Response date passed",""),IF(AND($AE9=1,$AL9=0),"No next action",""),IF(AND($AE9=1,$AM9>0),"Action needs a date",""),IF($AE9=1,$AN9,""),$AO9,IF($AD9=0,"",INDEX(Sources[Source issue],$AD9)))) | L9: =IF($AD9=0,"",IF(INDEX(Sources[Agency office],$AD9)="","",INDEX(Sources[Agency office],$AD9))) | M9: =IF($AD9=0,"",IF(INDEX(Sources[Solicitation],$AD9)="","",INDEX(Sources[Solicitation],$AD9))) | N9: =IF($AD9=0,"",IF(INDEX(Sources[Acquisition route],$AD9)="","",INDEX(Sources[Acquisition route],$AD9))) | O9: =IF($AD9=0,"",IF(INDEX(Sources[Location],$AD9)="","",INDEX(Sources[Location],$AD9))) | P9: =IF($AD9=0,"",IF(INDEX(Sources[Release period],$AD9)="","",INDEX(Sources[Release period],$AD9))) | Q9: =IF($AD9=0,"",IF(INDEX(Sources[Award period],$AD9)="","",INDEX(Sources[Award period],$AD9))) | W9: =IF(AND(ISNUMBER($AH9),ISNUMBER($V9),$V9>=0,$V9<=1),ROUND($AH9*$V9,2),"") | Z9: =IF($AD9=0,"",IF(INDEX(Sources[GovTribe URL],$AD9)="","",HYPERLINK(INDEX(Sources[GovTribe URL],$AD9),"Open GovTribe"))) | AD9: =IF($A9="",0,IF(AND($AB9<>"",COUNTIFS(Sources[Source ID],$AB9,Sources[Pursuit ID],$A9)=1,COUNTIFS(Sources[Source ID],$AB9)=1),MATCH($AB9,Sources[Source ID],0),0)) -> 0 | AE9: =IF($AS9=0,"",IF(COUNTIFS(StageMap[Stage],$D9)<>1,"",IF(INDEX(StageMap[Input check],MATCH($D9,StageMap[Stage],0))="",INDEX(StageMap[Active],MATCH($D9,StageMap[Stage],0)),""))) | AF9: =IF($A9="",IF(COUNTA(B9:D9,H9,J9:K9,R9:V9,X9:Y9,AA9:AC9)>0,"Missing pursuit ID",""),IF(COUNTIFS(Pursuits[Pursuit ID],$A9)>1,"Duplicate pursuit ID",IF($B9="","Add opportunity name",""))) | AG9: =IF($A9="","",IF($H9="","",IF(NOT(ISNUMBER($H9)),"Enter a numeric estimate",IF($H9<0,"Estimate cannot be negative",IF($T9<>"Total company contract value","Non-total value excluded",IF($U9="","Add value period","")))))) | AH9: =IF(AND($AE9=1,$AG9="",ISNUMBER($H9)),$H9,"") | AI9: =IF(AND($AE9=1,AND(ISNUMBER(Dashboard!$V$3),Dashboard!$V$3>=1,Dashboard!$V$3<DATE(2099,1,1)),ISNUMBER($E9),$E9>=1,$E9<DATE(2099,1,1),$E9>=Dashboard!$V$3,$E9<Dashboard!$V$3+30),COUNTIFS(Pursuits[Active],1,Pursuits[Response due],">="&Dashboard!$V$3,Pursuits[Response due],"<"&$E9)+COUNTIFS(Pursuits[Active],1,Pursuits[Response due],$E9,Pursuits[Pursuit ID],"<"&$A9)+1,"") | AJ9: =IF(OR($A9="",$AL9=0),"",INDEX(Actions[Action ID],MATCH($A9&"|1",Actions[Pursuit action key],0))) | AK9: =IF($AR9<>1,"",COUNTIFS(Pursuits[Review candidate],1,Pursuits[Pursuit ID],"<"&$A9)+COUNTIFS($A$8:$A9,$A9,$AR$8:$AR9,1)) | AL9: =IF($A9="","",COUNTIFS(Actions[Pursuit ID],$A9,Actions[Open action],1)) | AM9: =IF($A9="","",COUNTIFS(Actions[Pursuit ID],$A9,Actions[Open action],1,Actions[Sort date],DATE(9999,12,31))) | AN9: =IF($AD9=0,"",IF($AC9="","Source not reviewed",IF($AC9<>INDEX(Sources[Source updated],$AD9),"Source changed",""))) | AO9: =IF(OR($AE9<>1,NOT(AND(ISNUMBER(Dashboard!$V$3),Dashboard!$V$3>=1,Dashboard!$V$3<DATE(2099,1,1)))),"",IF($S9="","Not reviewed",IF(NOT(ISNUMBER($S9)),"Use a real review date",IF($S9>Dashboard!$V$3,"Review date is in future",IF(AND(ISNUMBER('Source Data'!$AE$36),'Source Data'!$AE$36>0),IF(Dashboard!$V$3-$S9>'Source Data'!$AE$36,"Review is overdue",""),"Set review interval"))))) | AP9: =IF($AF9<>"",$AF9,IF($A9="","",IF(COUNTIFS(StageMap[Stage],$D9)<>1,"Choose a valid stage",IF(NOT(ISNUMBER($AE9)),"Check stage settings",IF($AB9="","Add source ID",IF($AD9=0,"Source link needs review",IF(INDEX(Sources[Input check],$AD9)<>"",INDEX(Sources[Input check],$AD9),IF(AND($V9<>"",OR(NOT(ISNUMBER($V9)),$V9<0,$V9>1)),"Probability must be 0 to 100%",IF(AND($R9<>"",OR(NOT(ISNUMBER($R9)),$R9<0)),"Use valid duration months",""))))))))) | AQ9: =IF($AD9=0,"",IF(INDEX(Sources[Response time],$AD9)="","Time not confirmed",TEXT(INDEX(Sources[Response time],$AD9),"h:mm AM/PM")&" "&INDEX(Sources[Time zone],$AD9))) | AR9: =IF(AND($I9<>"",OR($AE9=1,$AP9<>"")),1,0) -> 0 | AS9: =IF(AND($A9<>"",$AF9=""),1,0) -> 0
E10: =IF($AD10=0,"",IF(INDEX(Sources[Response date],$AD10)="","",INDEX(Sources[Response date],$AD10))) | F10: =IF($AJ10="","",INDEX(Actions[Action],MATCH($AJ10,Actions[Action ID],0))) | G10: =IF($AJ10="","",IF(INDEX(Actions[Due date],MATCH($AJ10,Actions[Action ID],0))="","",INDEX(Actions[Due date],MATCH($AJ10,Actions[Action ID],0)))) | I10: =IF($A10="",$AF10,_xlfn.TEXTJOIN(CHAR(10),TRUE(),$AP10,$AG10,IF(AND($AE10=1,AND(ISNUMBER(Dashboard!$V$3),Dashboard!$V$3>=1,Dashboard!$V$3<DATE(2099,1,1)),ISNUMBER($E10),$E10<Dashboard!$V$3),"Response date passed",""),IF(AND($AE10=1,$AL10=0),"No next action",""),IF(AND($AE10=1,$AM10>0),"Action needs a date",""),IF($AE10=1,$AN10,""),$AO10,IF($AD10=0,"",INDEX(Sources[Source issue],$AD10)))) | L10: =IF($AD10=0,"",IF(INDEX(Sources[Agency office],$AD10)="","",INDEX(Sources[Agency office],$AD10))) | M10: =IF($AD10=0,"",IF(INDEX(Sources[Solicitation],$AD10)="","",INDEX(Sources[Solicitation],$AD10))) | N10: =IF($AD10=0,"",IF(INDEX(Sources[Acquisition route],$AD10)="","",INDEX(Sources[Acquisition route],$AD10))) | O10: =IF($AD10=0,"",IF(INDEX(Sources[Location],$AD10)="","",INDEX(Sources[Location],$AD10))) | P10: =IF($AD10=0,"",IF(INDEX(Sources[Release period],$AD10)="","",INDEX(Sources[Release period],$AD10))) | Q10: =IF($AD10=0,"",IF(INDEX(Sources[Award period],$AD10)="","",INDEX(Sources[Award period],$AD10))) | W10: =IF(AND(ISNUMBER($AH10),ISNUMBER($V10),$V10>=0,$V10<=1),ROUND($AH10*$V10,2),"") | Z10: =IF($AD10=0,"",IF(INDEX(Sources[GovTribe URL],$AD10)="","",HYPERLINK(INDEX(Sources[GovTribe URL],$AD10),"Open GovTribe"))) | AD10: =IF($A10="",0,IF(AND($AB10<>"",COUNTIFS(Sources[Source ID],$AB10,Sources[Pursuit ID],$A10)=1,COUNTIFS(Sources[Source ID],$AB10)=1),MATCH($AB10,Sources[Source ID],0),0)) -> 0 | AE10: =IF($AS10=0,"",IF(COUNTIFS(StageMap[Stage],$D10)<>1,"",IF(INDEX(StageMap[Input check],MATCH($D10,StageMap[Stage],0))="",INDEX(StageMap[Active],MATCH($D10,StageMap[Stage],0)),""))) | AF10: =IF($A10="",IF(COUNTA(B10:D10,H10,J10:K10,R10:V10,X10:Y10,AA10:AC10)>0,"Missing pursuit ID",""),IF(COUNTIFS(Pursuits[Pursuit ID],$A10)>1,"Duplicate pursuit ID",IF($B10="","Add opportunity name",""))) | AG10: =IF($A10="","",IF($H10="","",IF(NOT(ISNUMBER($H10)),"Enter a numeric estimate",IF($H10<0,"Estimate cannot be negative",IF($T10<>"Total company contract value","Non-total value excluded",IF($U10="","Add value period","")))))) | AH10: =IF(AND($AE10=1,$AG10="",ISNUMBER($H10)),$H10,"") | AI10: =IF(AND($AE10=1,AND(ISNUMBER(Dashboard!$V$3),Dashboard!$V$3>=1,Dashboard!$V$3<DATE(2099,1,1)),ISNUMBER($E10),$E10>=1,$E10<DATE(2099,1,1),$E10>=Dashboard!$V$3,$E10<Dashboard!$V$3+30),COUNTIFS(Pursuits[Active],1,Pursuits[Response due],">="&Dashboard!$V$3,Pursuits[Response due],"<"&$E10)+COUNTIFS(Pursuits[Active],1,Pursuits[Response due],$E10,Pursuits[Pursuit ID],"<"&$A10)+1,"") | AJ10: =IF(OR($A10="",$AL10=0),"",INDEX(Actions[Action ID],MATCH($A10&"|1",Actions[Pursuit action key],0))) | AK10: =IF($AR10<>1,"",COUNTIFS(Pursuits[Review candidate],1,Pursuits[Pursuit ID],"<"&$A10)+COUNTIFS($A$8:$A10,$A10,$AR$8:$AR10,1)) | AL10: =IF($A10="","",COUNTIFS(Actions[Pursuit ID],$A10,Actions[Open action],1)) | AM10: =IF($A10="","",COUNTIFS(Actions[Pursuit ID],$A10,Actions[Open action],1,Actions[Sort date],DATE(9999,12,31))) | AN10: =IF($AD10=0,"",IF($AC10="","Source not reviewed",IF($AC10<>INDEX(Sources[Source updated],$AD10),"Source changed",""))) | AO10: =IF(OR($AE10<>1,NOT(AND(ISNUMBER(Dashboard!$V$3),Dashboard!$V$3>=1,Dashboard!$V$3<DATE(2099,1,1)))),"",IF($S10="","Not reviewed",IF(NOT(ISNUMBER($S10)),"Use a real review date",IF($S10>Dashboard!$V$3,"Review date is in future",IF(AND(ISNUMBER('Source Data'!$AE$36),'Source Data'!$AE$36>0),IF(Dashboard!$V$3-$S10>'Source Data'!$AE$36,"Review is overdue",""),"Set review interval"))))) | AP10: =IF($AF10<>"",$AF10,IF($A10="","",IF(COUNTIFS(StageMap[Stage],$D10)<>1,"Choose a valid stage",IF(NOT(ISNUMBER($AE10)),"Check stage settings",IF($AB10="","Add source ID",IF($AD10=0,"Source link needs review",IF(INDEX(Sources[Input check],$AD10)<>"",INDEX(Sources[Input check],$AD10),IF(AND($V10<>"",OR(NOT(ISNUMBER($V10)),$V10<0,$V10>1)),"Probability must be 0 to 100%",IF(AND($R10<>"",OR(NOT(ISNUMBER($R10)),$R10<0)),"Use valid duration months",""))))))))) | AQ10: =IF($AD10=0,"",IF(INDEX(Sources[Response time],$AD10)="","Time not confirmed",TEXT(INDEX(Sources[Response time],$AD10),"h:mm AM/PM")&" "&INDEX(Sources[Time zone],$AD10))) | AR10: =IF(AND($I10<>"",OR($AE10=1,$AP10<>"")),1,0) -> 0 | AS10: =IF(AND($A10<>"",$AF10=""),1,0) -> 0
E11: =IF($AD11=0,"",IF(INDEX(Sources[Response date],$AD11)="","",INDEX(Sources[Response date],$AD11))) | F11: =IF($AJ11="","",INDEX(Actions[Action],MATCH($AJ11,Actions[Action ID],0))) | G11: =IF($AJ11="","",IF(INDEX(Actions[Due date],MATCH($AJ11,Actions[Action ID],0))="","",INDEX(Actions[Due date],MATCH($AJ11,Actions[Action ID],0)))) | I11: =IF($A11="",$AF11,_xlfn.TEXTJOIN(CHAR(10),TRUE(),$AP11,$AG11,IF(AND($AE11=1,AND(ISNUMBER(Dashboard!$V$3),Dashboard!$V$3>=1,Dashboard!$V$3<DATE(2099,1,1)),ISNUMBER($E11),$E11<Dashboard!$V$3),"Response date passed",""),IF(AND($AE11=1,$AL11=0),"No next action",""),IF(AND($AE11=1,$AM11>0),"Action needs a date",""),IF($AE11=1,$AN11,""),$AO11,IF($AD11=0,"",INDEX(Sources[Source issue],$AD11)))) | L11: =IF($AD11=0,"",IF(INDEX(Sources[Agency office],$AD11)="","",INDEX(Sources[Agency office],$AD11))) | M11: =IF($AD11=0,"",IF(INDEX(Sources[Solicitation],$AD11)="","",INDEX(Sources[Solicitation],$AD11))) | N11: =IF($AD11=0,"",IF(INDEX(Sources[Acquisition route],$AD11)="","",INDEX(Sources[Acquisition route],$AD11))) | O11: =IF($AD11=0,"",IF(INDEX(Sources[Location],$AD11)="","",INDEX(Sources[Location],$AD11))) | P11: =IF($AD11=0,"",IF(INDEX(Sources[Release period],$AD11)="","",INDEX(Sources[Release period],$AD11))) | Q11: =IF($AD11=0,"",IF(INDEX(Sources[Award period],$AD11)="","",INDEX(Sources[Award period],$AD11))) | W11: =IF(AND(ISNUMBER($AH11),ISNUMBER($V11),$V11>=0,$V11<=1),ROUND($AH11*$V11,2),"") | Z11: =IF($AD11=0,"",IF(INDEX(Sources[GovTribe URL],$AD11)="","",HYPERLINK(INDEX(Sources[GovTribe URL],$AD11),"Open GovTribe"))) | AD11: =IF($A11="",0,IF(AND($AB11<>"",COUNTIFS(Sources[Source ID],$AB11,Sources[Pursuit ID],$A11)=1,COUNTIFS(Sources[Source ID],$AB11)=1),MATCH($AB11,Sources[Source ID],0),0)) -> 0 | AE11: =IF($AS11=0,"",IF(COUNTIFS(StageMap[Stage],$D11)<>1,"",IF(INDEX(StageMap[Input check],MATCH($D11,StageMap[Stage],0))="",INDEX(StageMap[Active],MATCH($D11,StageMap[Stage],0)),""))) | AF11: =IF($A11="",IF(COUNTA(B11:D11,H11,J11:K11,R11:V11,X11:Y11,AA11:AC11)>0,"Missing pursuit ID",""),IF(COUNTIFS(Pursuits[Pursuit ID],$A11)>1,"Duplicate pursuit ID",IF($B11="","Add opportunity name",""))) | AG11: =IF($A11="","",IF($H11="","",IF(NOT(ISNUMBER($H11)),"Enter a numeric estimate",IF($H11<0,"Estimate cannot be negative",IF($T11<>"Total company contract value","Non-total value excluded",IF($U11="","Add value period","")))))) | AH11: =IF(AND($AE11=1,$AG11="",ISNUMBER($H11)),$H11,"") | AI11: =IF(AND($AE11=1,AND(ISNUMBER(Dashboard!$V$3),Dashboard!$V$3>=1,Dashboard!$V$3<DATE(2099,1,1)),ISNUMBER($E11),$E11>=1,$E11<DATE(2099,1,1),$E11>=Dashboard!$V$3,$E11<Dashboard!$V$3+30),COUNTIFS(Pursuits[Active],1,Pursuits[Response due],">="&Dashboard!$V$3,Pursuits[Response due],"<"&$E11)+COUNTIFS(Pursuits[Active],1,Pursuits[Response due],$E11,Pursuits[Pursuit ID],"<"&$A11)+1,"") | AJ11: =IF(OR($A11="",$AL11=0),"",INDEX(Actions[Action ID],MATCH($A11&"|1",Actions[Pursuit action key],0))) | AK11: =IF($AR11<>1,"",COUNTIFS(Pursuits[Review candidate],1,Pursuits[Pursuit ID],"<"&$A11)+COUNTIFS($A$8:$A11,$A11,$AR$8:$AR11,1)) | AL11: =IF($A11="","",COUNTIFS(Actions[Pursuit ID],$A11,Actions[Open action],1)) | AM11: =IF($A11="","",COUNTIFS(Actions[Pursuit ID],$A11,Actions[Open action],1,Actions[Sort date],DATE(9999,12,31))) | AN11: =IF($AD11=0,"",IF($AC11="","Source not reviewed",IF($AC11<>INDEX(Sources[Source updated],$AD11),"Source changed",""))) | AO11: =IF(OR($AE11<>1,NOT(AND(ISNUMBER(Dashboard!$V$3),Dashboard!$V$3>=1,Dashboard!$V$3<DATE(2099,1,1)))),"",IF($S11="","Not reviewed",IF(NOT(ISNUMBER($S11)),"Use a real review date",IF($S11>Dashboard!$V$3,"Review date is in future",IF(AND(ISNUMBER('Source Data'!$AE$36),'Source Data'!$AE$36>0),IF(Dashboard!$V$3-$S11>'Source Data'!$AE$36,"Review is overdue",""),"Set review interval"))))) | AP11: =IF($AF11<>"",$AF11,IF($A11="","",IF(COUNTIFS(StageMap[Stage],$D11)<>1,"Choose a valid stage",IF(NOT(ISNUMBER($AE11)),"Check stage settings",IF($AB11="","Add source ID",IF($AD11=0,"Source link needs review",IF(INDEX(Sources[Input check],$AD11)<>"",INDEX(Sources[Input check],$AD11),IF(AND($V11<>"",OR(NOT(ISNUMBER($V11)),$V11<0,$V11>1)),"Probability must be 0 to 100%",IF(AND($R11<>"",OR(NOT(ISNUMBER($R11)),$R11<0)),"Use valid duration months",""))))))))) | AQ11: =IF($AD11=0,"",IF(INDEX(Sources[Response time],$AD11)="","Time not confirmed",TEXT(INDEX(Sources[Response time],$AD11),"h:mm AM/PM")&" "&INDEX(Sources[Time zone],$AD11))) | AR11: =IF(AND($I11<>"",OR($AE11=1,$AP11<>"")),1,0) -> 0 | AS11: =IF(AND($A11<>"",$AF11=""),1,0) -> 0
E12: =IF($AD12=0,"",IF(INDEX(Sources[Response date],$AD12)="","",INDEX(Sources[Response date],$AD12))) | F12: =IF($AJ12="","",INDEX(Actions[Action],MATCH($AJ12,Actions[Action ID],0))) | G12: =IF($AJ12="","",IF(INDEX(Actions[Due date],MATCH($AJ12,Actions[Action ID],0))="","",INDEX(Actions[Due date],MATCH($AJ12,Actions[Action ID],0)))) | I12: =IF($A12="",$AF12,_xlfn.TEXTJOIN(CHAR(10),TRUE(),$AP12,$AG12,IF(AND($AE12=1,AND(ISNUMBER(Dashboard!$V$3),Dashboard!$V$3>=1,Dashboard!$V$3<DATE(2099,1,1)),ISNUMBER($E12),$E12<Dashboard!$V$3),"Response date passed",""),IF(AND($AE12=1,$AL12=0),"No next action",""),IF(AND($AE12=1,$AM12>0),"Action needs a date",""),IF($AE12=1,$AN12,""),$AO12,IF($AD12=0,"",INDEX(Sources[Source issue],$AD12)))) | L12: =IF($AD12=0,"",IF(INDEX(Sources[Agency office],$AD12)="","",INDEX(Sources[Agency office],$AD12))) | M12: =IF($AD12=0,"",IF(INDEX(Sources[Solicitation],$AD12)="","",INDEX(Sources[Solicitation],$AD12))) | N12: =IF($AD12=0,"",IF(INDEX(Sources[Acquisition route],$AD12)="","",INDEX(Sources[Acquisition route],$AD12))) | O12: =IF($AD12=0,"",IF(INDEX(Sources[Location],$AD12)="","",INDEX(Sources[Location],$AD12))) | P12: =IF($AD12=0,"",IF(INDEX(Sources[Release period],$AD12)="","",INDEX(Sources[Release period],$AD12))) | Q12: =IF($AD12=0,"",IF(INDEX(Sources[Award period],$AD12)="","",INDEX(Sources[Award period],$AD12))) | W12: =IF(AND(ISNUMBER($AH12),ISNUMBER($V12),$V12>=0,$V12<=1),ROUND($AH12*$V12,2),"") | Z12: =IF($AD12=0,"",IF(INDEX(Sources[GovTribe URL],$AD12)="","",HYPERLINK(INDEX(Sources[GovTribe URL],$AD12),"Open GovTribe"))) | AD12: =IF($A12="",0,IF(AND($AB12<>"",COUNTIFS(Sources[Source ID],$AB12,Sources[Pursuit ID],$A12)=1,COUNTIFS(Sources[Source ID],$AB12)=1),MATCH($AB12,Sources[Source ID],0),0)) -> 0 | AE12: =IF($AS12=0,"",IF(COUNTIFS(StageMap[Stage],$D12)<>1,"",IF(INDEX(StageMap[Input check],MATCH($D12,StageMap[Stage],0))="",INDEX(StageMap[Active],MATCH($D12,StageMap[Stage],0)),""))) | AF12: =IF($A12="",IF(COUNTA(B12:D12,H12,J12:K12,R12:V12,X12:Y12,AA12:AC12)>0,"Missing pursuit ID",""),IF(COUNTIFS(Pursuits[Pursuit ID],$A12)>1,"Duplicate pursuit ID",IF($B12="","Add opportunity name",""))) | AG12: =IF($A12="","",IF($H12="","",IF(NOT(ISNUMBER($H12)),"Enter a numeric estimate",IF($H12<0,"Estimate cannot be negative",IF($T12<>"Total company contract value","Non-total value excluded",IF($U12="","Add value period","")))))) | AH12: =IF(AND($AE12=1,$AG12="",ISNUMBER($H12)),$H12,"") | AI12: =IF(AND($AE12=1,AND(ISNUMBER(Dashboard!$V$3),Dashboard!$V$3>=1,Dashboard!$V$3<DATE(2099,1,1)),ISNUMBER($E12),$E12>=1,$E12<DATE(2099,1,1),$E12>=Dashboard!$V$3,$E12<Dashboard!$V$3+30),COUNTIFS(Pursuits[Active],1,Pursuits[Response due],">="&Dashboard!$V$3,Pursuits[Response due],"<"&$E12)+COUNTIFS(Pursuits[Active],1,Pursuits[Response due],$E12,Pursuits[Pursuit ID],"<"&$A12)+1,"") | AJ12: =IF(OR($A12="",$AL12=0),"",INDEX(Actions[Action ID],MATCH($A12&"|1",Actions[Pursuit action key],0))) | AK12: =IF($AR12<>1,"",COUNTIFS(Pursuits[Review candidate],1,Pursuits[Pursuit ID],"<"&$A12)+COUNTIFS($A$8:$A12,$A12,$AR$8:$AR12,1)) | AL12: =IF($A12="","",COUNTIFS(Actions[Pursuit ID],$A12,Actions[Open action],1)) | AM12: =IF($A12="","",COUNTIFS(Actions[Pursuit ID],$A12,Actions[Open action],1,Actions[Sort date],DATE(9999,12,31))) | AN12: =IF($AD12=0,"",IF($AC12="","Source not reviewed",IF($AC12<>INDEX(Sources[Source updated],$AD12),"Source changed",""))) | AO12: =IF(OR($AE12<>1,NOT(AND(ISNUMBER(Dashboard!$V$3),Dashboard!$V$3>=1,Dashboard!$V$3<DATE(2099,1,1)))),"",IF($S12="","Not reviewed",IF(NOT(ISNUMBER($S12)),"Use a real review date",IF($S12>Dashboard!$V$3,"Review date is in future",IF(AND(ISNUMBER('Source Data'!$AE$36),'Source Data'!$AE$36>0),IF(Dashboard!$V$3-$S12>'Source Data'!$AE$36,"Review is overdue",""),"Set review interval"))))) | AP12: =IF($AF12<>"",$AF12,IF($A12="","",IF(COUNTIFS(StageMap[Stage],$D12)<>1,"Choose a valid stage",IF(NOT(ISNUMBER($AE12)),"Check stage settings",IF($AB12="","Add source ID",IF($AD12=0,"Source link needs review",IF(INDEX(Sources[Input check],$AD12)<>"",INDEX(Sources[Input check],$AD12),IF(AND($V12<>"",OR(NOT(ISNUMBER($V12)),$V12<0,$V12>1)),"Probability must be 0 to 100%",IF(AND($R12<>"",OR(NOT(ISNUMBER($R12)),$R12<0)),"Use valid duration months",""))))))))) | AQ12: =IF($AD12=0,"",IF(INDEX(Sources[Response time],$AD12)="","Time not confirmed",TEXT(INDEX(Sources[Response time],$AD12),"h:mm AM/PM")&" "&INDEX(Sources[Time zone],$AD12))) | AR12: =IF(AND($I12<>"",OR($AE12=1,$AP12<>"")),1,0) -> 0 | AS12: =IF(AND($A12<>"",$AF12=""),1,0) -> 0
E13: =IF($AD13=0,"",IF(INDEX(Sources[Response date],$AD13)="","",INDEX(Sources[Response date],$AD13))) | F13: =IF($AJ13="","",INDEX(Actions[Action],MATCH($AJ13,Actions[Action ID],0))) | G13: =IF($AJ13="","",IF(INDEX(Actions[Due date],MATCH($AJ13,Actions[Action ID],0))="","",INDEX(Actions[Due date],MATCH($AJ13,Actions[Action ID],0)))) | I13: =IF($A13="",$AF13,_xlfn.TEXTJOIN(CHAR(10),TRUE(),$AP13,$AG13,IF(AND($AE13=1,AND(ISNUMBER(Dashboard!$V$3),Dashboard!$V$3>=1,Dashboard!$V$3<DATE(2099,1,1)),ISNUMBER($E13),$E13<Dashboard!$V$3),"Response date passed",""),IF(AND($AE13=1,$AL13=0),"No next action",""),IF(AND($AE13=1,$AM13>0),"Action needs a date",""),IF($AE13=1,$AN13,""),$AO13,IF($AD13=0,"",INDEX(Sources[Source issue],$AD13)))) | L13: =IF($AD13=0,"",IF(INDEX(Sources[Agency office],$AD13)="","",INDEX(Sources[Agency office],$AD13))) | M13: =IF($AD13=0,"",IF(INDEX(Sources[Solicitation],$AD13)="","",INDEX(Sources[Solicitation],$AD13))) | N13: =IF($AD13=0,"",IF(INDEX(Sources[Acquisition route],$AD13)="","",INDEX(Sources[Acquisition route],$AD13))) | O13: =IF($AD13=0,"",IF(INDEX(Sources[Location],$AD13)="","",INDEX(Sources[Location],$AD13))) | P13: =IF($AD13=0,"",IF(INDEX(Sources[Release period],$AD13)="","",INDEX(Sources[Release period],$AD13))) | Q13: =IF($AD13=0,"",IF(INDEX(Sources[Award period],$AD13)="","",INDEX(Sources[Award period],$AD13))) | W13: =IF(AND(ISNUMBER($AH13),ISNUMBER($V13),$V13>=0,$V13<=1),ROUND($AH13*$V13,2),"") | Z13: =IF($AD13=0,"",IF(INDEX(Sources[GovTribe URL],$AD13)="","",HYPERLINK(INDEX(Sources[GovTribe URL],$AD13),"Open GovTribe"))) | AD13: =IF($A13="",0,IF(AND($AB13<>"",COUNTIFS(Sources[Source ID],$AB13,Sources[Pursuit ID],$A13)=1,COUNTIFS(Sources[Source ID],$AB13)=1),MATCH($AB13,Sources[Source ID],0),0)) -> 0 | AE13: =IF($AS13=0,"",IF(COUNTIFS(StageMap[Stage],$D13)<>1,"",IF(INDEX(StageMap[Input check],MATCH($D13,StageMap[Stage],0))="",INDEX(StageMap[Active],MATCH($D13,StageMap[Stage],0)),""))) | AF13: =IF($A13="",IF(COUNTA(B13:D13,H13,J13:K13,R13:V13,X13:Y13,AA13:AC13)>0,"Missing pursuit ID",""),IF(COUNTIFS(Pursuits[Pursuit ID],$A13)>1,"Duplicate pursuit ID",IF($B13="","Add opportunity name",""))) | AG13: =IF($A13="","",IF($H13="","",IF(NOT(ISNUMBER($H13)),"Enter a numeric estimate",IF($H13<0,"Estimate cannot be negative",IF($T13<>"Total company contract value","Non-total value excluded",IF($U13="","Add value period","")))))) | AH13: =IF(AND($AE13=1,$AG13="",ISNUMBER($H13)),$H13,"") | AI13: =IF(AND($AE13=1,AND(ISNUMBER(Dashboard!$V$3),Dashboard!$V$3>=1,Dashboard!$V$3<DATE(2099,1,1)),ISNUMBER($E13),$E13>=1,$E13<DATE(2099,1,1),$E13>=Dashboard!$V$3,$E13<Dashboard!$V$3+30),COUNTIFS(Pursuits[Active],1,Pursuits[Response due],">="&Dashboard!$V$3,Pursuits[Response due],"<"&$E13)+COUNTIFS(Pursuits[Active],1,Pursuits[Response due],$E13,Pursuits[Pursuit ID],"<"&$A13)+1,"") | AJ13: =IF(OR($A13="",$AL13=0),"",INDEX(Actions[Action ID],MATCH($A13&"|1",Actions[Pursuit action key],0))) | AK13: =IF($AR13<>1,"",COUNTIFS(Pursuits[Review candidate],1,Pursuits[Pursuit ID],"<"&$A13)+COUNTIFS($A$8:$A13,$A13,$AR$8:$AR13,1)) | AL13: =IF($A13="","",COUNTIFS(Actions[Pursuit ID],$A13,Actions[Open action],1)) | AM13: =IF($A13="","",COUNTIFS(Actions[Pursuit ID],$A13,Actions[Open action],1,Actions[Sort date],DATE(9999,12,31))) | AN13: =IF($AD13=0,"",IF($AC13="","Source not reviewed",IF($AC13<>INDEX(Sources[Source updated],$AD13),"Source changed",""))) | AO13: =IF(OR($AE13<>1,NOT(AND(ISNUMBER(Dashboard!$V$3),Dashboard!$V$3>=1,Dashboard!$V$3<DATE(2099,1,1)))),"",IF($S13="","Not reviewed",IF(NOT(ISNUMBER($S13)),"Use a real review date",IF($S13>Dashboard!$V$3,"Review date is in future",IF(AND(ISNUMBER('Source Data'!$AE$36),'Source Data'!$AE$36>0),IF(Dashboard!$V$3-$S13>'Source Data'!$AE$36,"Review is overdue",""),"Set review interval"))))) | AP13: =IF($AF13<>"",$AF13,IF($A13="","",IF(COUNTIFS(StageMap[Stage],$D13)<>1,"Choose a valid stage",IF(NOT(ISNUMBER($AE13)),"Check stage settings",IF($AB13="","Add source ID",IF($AD13=0,"Source link needs review",IF(INDEX(Sources[Input check],$AD13)<>"",INDEX(Sources[Input check],$AD13),IF(AND($V13<>"",OR(NOT(ISNUMBER($V13)),$V13<0,$V13>1)),"Probability must be 0 to 100%",IF(AND($R13<>"",OR(NOT(ISNUMBER($R13)),$R13<0)),"Use valid duration months",""))))))))) | AQ13: =IF($AD13=0,"",IF(INDEX(Sources[Response time],$AD13)="","Time not confirmed",TEXT(INDEX(Sources[Response time],$AD13),"h:mm AM/PM")&" "&INDEX(Sources[Time zone],$AD13))) | AR13: =IF(AND($I13<>"",OR($AE13=1,$AP13<>"")),1,0) -> 0 | AS13: =IF(AND($A13<>"",$AF13=""),1,0) -> 0
E14: =IF($AD14=0,"",IF(INDEX(Sources[Response date],$AD14)="","",INDEX(Sources[Response date],$AD14))) | F14: =IF($AJ14="","",INDEX(Actions[Action],MATCH($AJ14,Actions[Action ID],0))) | G14: =IF($AJ14="","",IF(INDEX(Actions[Due date],MATCH($AJ14,Actions[Action ID],0))="","",INDEX(Actions[Due date],MATCH($AJ14,Actions[Action ID],0)))) | I14: =IF($A14="",$AF14,_xlfn.TEXTJOIN(CHAR(10),TRUE(),$AP14,$AG14,IF(AND($AE14=1,AND(ISNUMBER(Dashboard!$V$3),Dashboard!$V$3>=1,Dashboard!$V$3<DATE(2099,1,1)),ISNUMBER($E14),$E14<Dashboard!$V$3),"Response date passed",""),IF(AND($AE14=1,$AL14=0),"No next action",""),IF(AND($AE14=1,$AM14>0),"Action needs a date",""),IF($AE14=1,$AN14,""),$AO14,IF($AD14=0,"",INDEX(Sources[Source issue],$AD14)))) | L14: =IF($AD14=0,"",IF(INDEX(Sources[Agency office],$AD14)="","",INDEX(Sources[Agency office],$AD14))) | M14: =IF($AD14=0,"",IF(INDEX(Sources[Solicitation],$AD14)="","",INDEX(Sources[Solicitation],$AD14))) | N14: =IF($AD14=0,"",IF(INDEX(Sources[Acquisition route],$AD14)="","",INDEX(Sources[Acquisition route],$AD14))) | O14: =IF($AD14=0,"",IF(INDEX(Sources[Location],$AD14)="","",INDEX(Sources[Location],$AD14))) | P14: =IF($AD14=0,"",IF(INDEX(Sources[Release period],$AD14)="","",INDEX(Sources[Release period],$AD14))) | Q14: =IF($AD14=0,"",IF(INDEX(Sources[Award period],$AD14)="","",INDEX(Sources[Award period],$AD14))) | W14: =IF(AND(ISNUMBER($AH14),ISNUMBER($V14),$V14>=0,$V14<=1),ROUND($AH14*$V14,2),"") | Z14: =IF($AD14=0,"",IF(INDEX(Sources[GovTribe URL],$AD14)="","",HYPERLINK(INDEX(Sources[GovTribe URL],$AD14),"Open GovTribe"))) | AD14: =IF($A14="",0,IF(AND($AB14<>"",COUNTIFS(Sources[Source ID],$AB14,Sources[Pursuit ID],$A14)=1,COUNTIFS(Sources[Source ID],$AB14)=1),MATCH($AB14,Sources[Source ID],0),0)) -> 0 | AE14: =IF($AS14=0,"",IF(COUNTIFS(StageMap[Stage],$D14)<>1,"",IF(INDEX(StageMap[Input check],MATCH($D14,StageMap[Stage],0))="",INDEX(StageMap[Active],MATCH($D14,StageMap[Stage],0)),""))) | AF14: =IF($A14="",IF(COUNTA(B14:D14,H14,J14:K14,R14:V14,X14:Y14,AA14:AC14)>0,"Missing pursuit ID",""),IF(COUNTIFS(Pursuits[Pursuit ID],$A14)>1,"Duplicate pursuit ID",IF($B14="","Add opportunity name",""))) | AG14: =IF($A14="","",IF($H14="","",IF(NOT(ISNUMBER($H14)),"Enter a numeric estimate",IF($H14<0,"Estimate cannot be negative",IF($T14<>"Total company contract value","Non-total value excluded",IF($U14="","Add value period","")))))) | AH14: =IF(AND($AE14=1,$AG14="",ISNUMBER($H14)),$H14,"") | AI14: =IF(AND($AE14=1,AND(ISNUMBER(Dashboard!$V$3),Dashboard!$V$3>=1,Dashboard!$V$3<DATE(2099,1,1)),ISNUMBER($E14),$E14>=1,$E14<DATE(2099,1,1),$E14>=Dashboard!$V$3,$E14<Dashboard!$V$3+30),COUNTIFS(Pursuits[Active],1,Pursuits[Response due],">="&Dashboard!$V$3,Pursuits[Response due],"<"&$E14)+COUNTIFS(Pursuits[Active],1,Pursuits[Response due],$E14,Pursuits[Pursuit ID],"<"&$A14)+1,"") | AJ14: =IF(OR($A14="",$AL14=0),"",INDEX(Actions[Action ID],MATCH($A14&"|1",Actions[Pursuit action key],0))) | AK14: =IF($AR14<>1,"",COUNTIFS(Pursuits[Review candidate],1,Pursuits[Pursuit ID],"<"&$A14)+COUNTIFS($A$8:$A14,$A14,$AR$8:$AR14,1)) | AL14: =IF($A14="","",COUNTIFS(Actions[Pursuit ID],$A14,Actions[Open action],1)) | AM14: =IF($A14="","",COUNTIFS(Actions[Pursuit ID],$A14,Actions[Open action],1,Actions[Sort date],DATE(9999,12,31))) | AN14: =IF($AD14=0,"",IF($AC14="","Source not reviewed",IF($AC14<>INDEX(Sources[Source updated],$AD14),"Source changed",""))) | AO14: =IF(OR($AE14<>1,NOT(AND(ISNUMBER(Dashboard!$V$3),Dashboard!$V$3>=1,Dashboard!$V$3<DATE(2099,1,1)))),"",IF($S14="","Not reviewed",IF(NOT(ISNUMBER($S14)),"Use a real review date",IF($S14>Dashboard!$V$3,"Review date is in future",IF(AND(ISNUMBER('Source Data'!$AE$36),'Source Data'!$AE$36>0),IF(Dashboard!$V$3-$S14>'Source Data'!$AE$36,"Review is overdue",""),"Set review interval"))))) | AP14: =IF($AF14<>"",$AF14,IF($A14="","",IF(COUNTIFS(StageMap[Stage],$D14)<>1,"Choose a valid stage",IF(NOT(ISNUMBER($AE14)),"Check stage settings",IF($AB14="","Add source ID",IF($AD14=0,"Source link needs review",IF(INDEX(Sources[Input check],$AD14)<>"",INDEX(Sources[Input check],$AD14),IF(AND($V14<>"",OR(NOT(ISNUMBER($V14)),$V14<0,$V14>1)),"Probability must be 0 to 100%",IF(AND($R14<>"",OR(NOT(ISNUMBER($R14)),$R14<0)),"Use valid duration months",""))))))))) | AQ14: =IF($AD14=0,"",IF(INDEX(Sources[Response time],$AD14)="","Time not confirmed",TEXT(INDEX(Sources[Response time],$AD14),"h:mm AM/PM")&" "&INDEX(Sources[Time zone],$AD14))) | AR14: =IF(AND($I14<>"",OR($AE14=1,$AP14<>"")),1,0) -> 0 | AS14: =IF(AND($A14<>"",$AF14=""),1,0) -> 0
E15: =IF($AD15=0,"",IF(INDEX(Sources[Response date],$AD15)="","",INDEX(Sources[Response date],$AD15))) | F15: =IF($AJ15="","",INDEX(Actions[Action],MATCH($AJ15,Actions[Action ID],0))) | G15: =IF($AJ15="","",IF(INDEX(Actions[Due date],MATCH($AJ15,Actions[Action ID],0))="","",INDEX(Actions[Due date],MATCH($AJ15,Actions[Action ID],0)))) | I15: =IF($A15="",$AF15,_xlfn.TEXTJOIN(CHAR(10),TRUE(),$AP15,$AG15,IF(AND($AE15=1,AND(ISNUMBER(Dashboard!$V$3),Dashboard!$V$3>=1,Dashboard!$V$3<DATE(2099,1,1)),ISNUMBER($E15),$E15<Dashboard!$V$3),"Response date passed",""),IF(AND($AE15=1,$AL15=0),"No next action",""),IF(AND($AE15=1,$AM15>0),"Action needs a date",""),IF($AE15=1,$AN15,""),$AO15,IF($AD15=0,"",INDEX(Sources[Source issue],$AD15)))) | L15: =IF($AD15=0,"",IF(INDEX(Sources[Agency office],$AD15)="","",INDEX(Sources[Agency office],$AD15))) | M15: =IF($AD15=0,"",IF(INDEX(Sources[Solicitation],$AD15)="","",INDEX(Sources[Solicitation],$AD15))) | N15: =IF($AD15=0,"",IF(INDEX(Sources[Acquisition route],$AD15)="","",INDEX(Sources[Acquisition route],$AD15))) | O15: =IF($AD15=0,"",IF(INDEX(Sources[Location],$AD15)="","",INDEX(Sources[Location],$AD15))) | P15: =IF($AD15=0,"",IF(INDEX(Sources[Release period],$AD15)="","",INDEX(Sources[Release period],$AD15))) | Q15: =IF($AD15=0,"",IF(INDEX(Sources[Award period],$AD15)="","",INDEX(Sources[Award period],$AD15))) | W15: =IF(AND(ISNUMBER($AH15),ISNUMBER($V15),$V15>=0,$V15<=1),ROUND($AH15*$V15,2),"") | Z15: =IF($AD15=0,"",IF(INDEX(Sources[GovTribe URL],$AD15)="","",HYPERLINK(INDEX(Sources[GovTribe URL],$AD15),"Open GovTribe"))) | AD15: =IF($A15="",0,IF(AND($AB15<>"",COUNTIFS(Sources[Source ID],$AB15,Sources[Pursuit ID],$A15)=1,COUNTIFS(Sources[Source ID],$AB15)=1),MATCH($AB15,Sources[Source ID],0),0)) -> 0 | AE15: =IF($AS15=0,"",IF(COUNTIFS(StageMap[Stage],$D15)<>1,"",IF(INDEX(StageMap[Input check],MATCH($D15,StageMap[Stage],0))="",INDEX(StageMap[Active],MATCH($D15,StageMap[Stage],0)),""))) | AF15: =IF($A15="",IF(COUNTA(B15:D15,H15,J15:K15,R15:V15,X15:Y15,AA15:AC15)>0,"Missing pursuit ID",""),IF(COUNTIFS(Pursuits[Pursuit ID],$A15)>1,"Duplicate pursuit ID",IF($B15="","Add opportunity name",""))) | AG15: =IF($A15="","",IF($H15="","",IF(NOT(ISNUMBER($H15)),"Enter a numeric estimate",IF($H15<0,"Estimate cannot be negative",IF($T15<>"Total company contract value","Non-total value excluded",IF($U15="","Add value period","")))))) | AH15: =IF(AND($AE15=1,$AG15="",ISNUMBER($H15)),$H15,"") | AI15: =IF(AND($AE15=1,AND(ISNUMBER(Dashboard!$V$3),Dashboard!$V$3>=1,Dashboard!$V$3<DATE(2099,1,1)),ISNUMBER($E15),$E15>=1,$E15<DATE(2099,1,1),$E15>=Dashboard!$V$3,$E15<Dashboard!$V$3+30),COUNTIFS(Pursuits[Active],1,Pursuits[Response due],">="&Dashboard!$V$3,Pursuits[Response due],"<"&$E15)+COUNTIFS(Pursuits[Active],1,Pursuits[Response due],$E15,Pursuits[Pursuit ID],"<"&$A15)+1,"") | AJ15: =IF(OR($A15="",$AL15=0),"",INDEX(Actions[Action ID],MATCH($A15&"|1",Actions[Pursuit action key],0))) | AK15: =IF($AR15<>1,"",COUNTIFS(Pursuits[Review candidate],1,Pursuits[Pursuit ID],"<"&$A15)+COUNTIFS($A$8:$A15,$A15,$AR$8:$AR15,1)) | AL15: =IF($A15="","",COUNTIFS(Actions[Pursuit ID],$A15,Actions[Open action],1)) | AM15: =IF($A15="","",COUNTIFS(Actions[Pursuit ID],$A15,Actions[Open action],1,Actions[Sort date],DATE(9999,12,31))) | AN15: =IF($AD15=0,"",IF($AC15="","Source not reviewed",IF($AC15<>INDEX(Sources[Source updated],$AD15),"Source changed",""))) | AO15: =IF(OR($AE15<>1,NOT(AND(ISNUMBER(Dashboard!$V$3),Dashboard!$V$3>=1,Dashboard!$V$3<DATE(2099,1,1)))),"",IF($S15="","Not reviewed",IF(NOT(ISNUMBER($S15)),"Use a real review date",IF($S15>Dashboard!$V$3,"Review date is in future",IF(AND(ISNUMBER('Source Data'!$AE$36),'Source Data'!$AE$36>0),IF(Dashboard!$V$3-$S15>'Source Data'!$AE$36,"Review is overdue",""),"Set review interval"))))) | AP15: =IF($AF15<>"",$AF15,IF($A15="","",IF(COUNTIFS(StageMap[Stage],$D15)<>1,"Choose a valid stage",IF(NOT(ISNUMBER($AE15)),"Check stage settings",IF($AB15="","Add source ID",IF($AD15=0,"Source link needs review",IF(INDEX(Sources[Input check],$AD15)<>"",INDEX(Sources[Input check],$AD15),IF(AND($V15<>"",OR(NOT(ISNUMBER($V15)),$V15<0,$V15>1)),"Probability must be 0 to 100%",IF(AND($R15<>"",OR(NOT(ISNUMBER($R15)),$R15<0)),"Use valid duration months",""))))))))) | AQ15: =IF($AD15=0,"",IF(INDEX(Sources[Response time],$AD15)="","Time not confirmed",TEXT(INDEX(Sources[Response time],$AD15),"h:mm AM/PM")&" "&INDEX(Sources[Time zone],$AD15))) | AR15: =IF(AND($I15<>"",OR($AE15=1,$AP15<>"")),1,0) -> 0 | AS15: =IF(AND($A15<>"",$AF15=""),1,0) -> 0
E16: =IF($AD16=0,"",IF(INDEX(Sources[Response date],$AD16)="","",INDEX(Sources[Response date],$AD16))) | F16: =IF($AJ16="","",INDEX(Actions[Action],MATCH($AJ16,Actions[Action ID],0))) | G16: =IF($AJ16="","",IF(INDEX(Actions[Due date],MATCH($AJ16,Actions[Action ID],0))="","",INDEX(Actions[Due date],MATCH($AJ16,Actions[Action ID],0)))) | I16: =IF($A16="",$AF16,_xlfn.TEXTJOIN(CHAR(10),TRUE(),$AP16,$AG16,IF(AND($AE16=1,AND(ISNUMBER(Dashboard!$V$3),Dashboard!$V$3>=1,Dashboard!$V$3<DATE(2099,1,1)),ISNUMBER($E16),$E16<Dashboard!$V$3),"Response date passed",""),IF(AND($AE16=1,$AL16=0),"No next action",""),IF(AND($AE16=1,$AM16>0),"Action needs a date",""),IF($AE16=1,$AN16,""),$AO16,IF($AD16=0,"",INDEX(Sources[Source issue],$AD16)))) | L16: =IF($AD16=0,"",IF(INDEX(Sources[Agency office],$AD16)="","",INDEX(Sources[Agency office],$AD16))) | M16: =IF($AD16=0,"",IF(INDEX(Sources[Solicitation],$AD16)="","",INDEX(Sources[Solicitation],$AD16))) | N16: =IF($AD16=0,"",IF(INDEX(Sources[Acquisition route],$AD16)="","",INDEX(Sources[Acquisition route],$AD16))) | O16: =IF($AD16=0,"",IF(INDEX(Sources[Location],$AD16)="","",INDEX(Sources[Location],$AD16))) | P16: =IF($AD16=0,"",IF(INDEX(Sources[Release period],$AD16)="","",INDEX(Sources[Release period],$AD16))) | Q16: =IF($AD16=0,"",IF(INDEX(Sources[Award period],$AD16)="","",INDEX(Sources[Award period],$AD16))) | W16: =IF(AND(ISNUMBER($AH16),ISNUMBER($V16),$V16>=0,$V16<=1),ROUND($AH16*$V16,2),"") | Z16: =IF($AD16=0,"",IF(INDEX(Sources[GovTribe URL],$AD16)="","",HYPERLINK(INDEX(Sources[GovTribe URL],$AD16),"Open GovTribe"))) | AD16: =IF($A16="",0,IF(AND($AB16<>"",COUNTIFS(Sources[Source ID],$AB16,Sources[Pursuit ID],$A16)=1,COUNTIFS(Sources[Source ID],$AB16)=1),MATCH($AB16,Sources[Source ID],0),0)) -> 0 | AE16: =IF($AS16=0,"",IF(COUNTIFS(StageMap[Stage],$D16)<>1,"",IF(INDEX(StageMap[Input check],MATCH($D16,StageMap[Stage],0))="",INDEX(StageMap[Active],MATCH($D16,StageMap[Stage],0)),""))) | AF16: =IF($A16="",IF(COUNTA(B16:D16,H16,J16:K16,R16:V16,X16:Y16,AA16:AC16)>0,"Missing pursuit ID",""),IF(COUNTIFS(Pursuits[Pursuit ID],$A16)>1,"Duplicate pursuit ID",IF($B16="","Add opportunity name",""))) | AG16: =IF($A16="","",IF($H16="","",IF(NOT(ISNUMBER($H16)),"Enter a numeric estimate",IF($H16<0,"Estimate cannot be negative",IF($T16<>"Total company contract value","Non-total value excluded",IF($U16="","Add value period","")))))) | AH16: =IF(AND($AE16=1,$AG16="",ISNUMBER($H16)),$H16,"") | AI16: =IF(AND($AE16=1,AND(ISNUMBER(Dashboard!$V$3),Dashboard!$V$3>=1,Dashboard!$V$3<DATE(2099,1,1)),ISNUMBER($E16),$E16>=1,$E16<DATE(2099,1,1),$E16>=Dashboard!$V$3,$E16<Dashboard!$V$3+30),COUNTIFS(Pursuits[Active],1,Pursuits[Response due],">="&Dashboard!$V$3,Pursuits[Response due],"<"&$E16)+COUNTIFS(Pursuits[Active],1,Pursuits[Response due],$E16,Pursuits[Pursuit ID],"<"&$A16)+1,"") | AJ16: =IF(OR($A16="",$AL16=0),"",INDEX(Actions[Action ID],MATCH($A16&"|1",Actions[Pursuit action key],0))) | AK16: =IF($AR16<>1,"",COUNTIFS(Pursuits[Review candidate],1,Pursuits[Pursuit ID],"<"&$A16)+COUNTIFS($A$8:$A16,$A16,$AR$8:$AR16,1)) | AL16: =IF($A16="","",COUNTIFS(Actions[Pursuit ID],$A16,Actions[Open action],1)) | AM16: =IF($A16="","",COUNTIFS(Actions[Pursuit ID],$A16,Actions[Open action],1,Actions[Sort date],DATE(9999,12,31))) | AN16: =IF($AD16=0,"",IF($AC16="","Source not reviewed",IF($AC16<>INDEX(Sources[Source updated],$AD16),"Source changed",""))) | AO16: =IF(OR($AE16<>1,NOT(AND(ISNUMBER(Dashboard!$V$3),Dashboard!$V$3>=1,Dashboard!$V$3<DATE(2099,1,1)))),"",IF($S16="","Not reviewed",IF(NOT(ISNUMBER($S16)),"Use a real review date",IF($S16>Dashboard!$V$3,"Review date is in future",IF(AND(ISNUMBER('Source Data'!$AE$36),'Source Data'!$AE$36>0),IF(Dashboard!$V$3-$S16>'Source Data'!$AE$36,"Review is overdue",""),"Set review interval"))))) | AP16: =IF($AF16<>"",$AF16,IF($A16="","",IF(COUNTIFS(StageMap[Stage],$D16)<>1,"Choose a valid stage",IF(NOT(ISNUMBER($AE16)),"Check stage settings",IF($AB16="","Add source ID",IF($AD16=0,"Source link needs review",IF(INDEX(Sources[Input check],$AD16)<>"",INDEX(Sources[Input check],$AD16),IF(AND($V16<>"",OR(NOT(ISNUMBER($V16)),$V16<0,$V16>1)),"Probability must be 0 to 100%",IF(AND($R16<>"",OR(NOT(ISNUMBER($R16)),$R16<0)),"Use valid duration months",""))))))))) | AQ16: =IF($AD16=0,"",IF(INDEX(Sources[Response time],$AD16)="","Time not confirmed",TEXT(INDEX(Sources[Response time],$AD16),"h:mm AM/PM")&" "&INDEX(Sources[Time zone],$AD16))) | AR16: =IF(AND($I16<>"",OR($AE16=1,$AP16<>"")),1,0) -> 0 | AS16: =IF(AND($A16<>"",$AF16=""),1,0) -> 0
E17: =IF($AD17=0,"",IF(INDEX(Sources[Response date],$AD17)="","",INDEX(Sources[Response date],$AD17))) | F17: =IF($AJ17="","",INDEX(Actions[Action],MATCH($AJ17,Actions[Action ID],0))) | G17: =IF($AJ17="","",IF(INDEX(Actions[Due date],MATCH($AJ17,Actions[Action ID],0))="","",INDEX(Actions[Due date],MATCH($AJ17,Actions[Action ID],0)))) | I17: =IF($A17="",$AF17,_xlfn.TEXTJOIN(CHAR(10),TRUE(),$AP17,$AG17,IF(AND($AE17=1,AND(ISNUMBER(Dashboard!$V$3),Dashboard!$V$3>=1,Dashboard!$V$3<DATE(2099,1,1)),ISNUMBER($E17),$E17<Dashboard!$V$3),"Response date passed",""),IF(AND($AE17=1,$AL17=0),"No next action",""),IF(AND($AE17=1,$AM17>0),"Action needs a date",""),IF($AE17=1,$AN17,""),$AO17,IF($AD17=0,"",INDEX(Sources[Source issue],$AD17)))) | L17: =IF($AD17=0,"",IF(INDEX(Sources[Agency office],$AD17)="","",INDEX(Sources[Agency office],$AD17))) | M17: =IF($AD17=0,"",IF(INDEX(Sources[Solicitation],$AD17)="","",INDEX(Sources[Solicitation],$AD17))) | N17: =IF($AD17=0,"",IF(INDEX(Sources[Acquisition route],$AD17)="","",INDEX(Sources[Acquisition route],$AD17))) | O17: =IF($AD17=0,"",IF(INDEX(Sources[Location],$AD17)="","",INDEX(Sources[Location],$AD17))) | P17: =IF($AD17=0,"",IF(INDEX(Sources[Release period],$AD17)="","",INDEX(Sources[Release period],$AD17))) | Q17: =IF($AD17=0,"",IF(INDEX(Sources[Award period],$AD17)="","",INDEX(Sources[Award period],$AD17))) | W17: =IF(AND(ISNUMBER($AH17),ISNUMBER($V17),$V17>=0,$V17<=1),ROUND($AH17*$V17,2),"") | Z17: =IF($AD17=0,"",IF(INDEX(Sources[GovTribe URL],$AD17)="","",HYPERLINK(INDEX(Sources[GovTribe URL],$AD17),"Open GovTribe"))) | AD17: =IF($A17="",0,IF(AND($AB17<>"",COUNTIFS(Sources[Source ID],$AB17,Sources[Pursuit ID],$A17)=1,COUNTIFS(Sources[Source ID],$AB17)=1),MATCH($AB17,Sources[Source ID],0),0)) -> 0 | AE17: =IF($AS17=0,"",IF(COUNTIFS(StageMap[Stage],$D17)<>1,"",IF(INDEX(StageMap[Input check],MATCH($D17,StageMap[Stage],0))="",INDEX(StageMap[Active],MATCH($D17,StageMap[Stage],0)),""))) | AF17: =IF($A17="",IF(COUNTA(B17:D17,H17,J17:K17,R17:V17,X17:Y17,AA17:AC17)>0,"Missing pursuit ID",""),IF(COUNTIFS(Pursuits[Pursuit ID],$A17)>1,"Duplicate pursuit ID",IF($B17="","Add opportunity name",""))) | AG17: =IF($A17="","",IF($H17="","",IF(NOT(ISNUMBER($H17)),"Enter a numeric estimate",IF($H17<0,"Estimate cannot be negative",IF($T17<>"Total company contract value","Non-total value excluded",IF($U17="","Add value period","")))))) | AH17: =IF(AND($AE17=1,$AG17="",ISNUMBER($H17)),$H17,"") | AI17: =IF(AND($AE17=1,AND(ISNUMBER(Dashboard!$V$3),Dashboard!$V$3>=1,Dashboard!$V$3<DATE(2099,1,1)),ISNUMBER($E17),$E17>=1,$E17<DATE(2099,1,1),$E17>=Dashboard!$V$3,$E17<Dashboard!$V$3+30),COUNTIFS(Pursuits[Active],1,Pursuits[Response due],">="&Dashboard!$V$3,Pursuits[Response due],"<"&$E17)+COUNTIFS(Pursuits[Active],1,Pursuits[Response due],$E17,Pursuits[Pursuit ID],"<"&$A17)+1,"") | AJ17: =IF(OR($A17="",$AL17=0),"",INDEX(Actions[Action ID],MATCH($A17&"|1",Actions[Pursuit action key],0))) | AK17: =IF($AR17<>1,"",COUNTIFS(Pursuits[Review candidate],1,Pursuits[Pursuit ID],"<"&$A17)+COUNTIFS($A$8:$A17,$A17,$AR$8:$AR17,1)) | AL17: =IF($A17="","",COUNTIFS(Actions[Pursuit ID],$A17,Actions[Open action],1)) | AM17: =IF($A17="","",COUNTIFS(Actions[Pursuit ID],$A17,Actions[Open action],1,Actions[Sort date],DATE(9999,12,31))) | AN17: =IF($AD17=0,"",IF($AC17="","Source not reviewed",IF($AC17<>INDEX(Sources[Source updated],$AD17),"Source changed",""))) | AO17: =IF(OR($AE17<>1,NOT(AND(ISNUMBER(Dashboard!$V$3),Dashboard!$V$3>=1,Dashboard!$V$3<DATE(2099,1,1)))),"",IF($S17="","Not reviewed",IF(NOT(ISNUMBER($S17)),"Use a real review date",IF($S17>Dashboard!$V$3,"Review date is in future",IF(AND(ISNUMBER('Source Data'!$AE$36),'Source Data'!$AE$36>0),IF(Dashboard!$V$3-$S17>'Source Data'!$AE$36,"Review is overdue",""),"Set review interval"))))) | AP17: =IF($AF17<>"",$AF17,IF($A17="","",IF(COUNTIFS(StageMap[Stage],$D17)<>1,"Choose a valid stage",IF(NOT(ISNUMBER($AE17)),"Check stage settings",IF($AB17="","Add source ID",IF($AD17=0,"Source link needs review",IF(INDEX(Sources[Input check],$AD17)<>"",INDEX(Sources[Input check],$AD17),IF(AND($V17<>"",OR(NOT(ISNUMBER($V17)),$V17<0,$V17>1)),"Probability must be 0 to 100%",IF(AND($R17<>"",OR(NOT(ISNUMBER($R17)),$R17<0)),"Use valid duration months",""))))))))) | AQ17: =IF($AD17=0,"",IF(INDEX(Sources[Response time],$AD17)="","Time not confirmed",TEXT(INDEX(Sources[Response time],$AD17),"h:mm AM/PM")&" "&INDEX(Sources[Time zone],$AD17))) | AR17: =IF(AND($I17<>"",OR($AE17=1,$AP17<>"")),1,0) -> 0 | AS17: =IF(AND($A17<>"",$AF17=""),1,0) -> 0
E18: =IF($AD18=0,"",IF(INDEX(Sources[Response date],$AD18)="","",INDEX(Sources[Response date],$AD18))) | F18: =IF($AJ18="","",INDEX(Actions[Action],MATCH($AJ18,Actions[Action ID],0))) | G18: =IF($AJ18="","",IF(INDEX(Actions[Due date],MATCH($AJ18,Actions[Action ID],0))="","",INDEX(Actions[Due date],MATCH($AJ18,Actions[Action ID],0)))) | I18: =IF($A18="",$AF18,_xlfn.TEXTJOIN(CHAR(10),TRUE(),$AP18,$AG18,IF(AND($AE18=1,AND(ISNUMBER(Dashboard!$V$3),Dashboard!$V$3>=1,Dashboard!$V$3<DATE(2099,1,1)),ISNUMBER($E18),$E18<Dashboard!$V$3),"Response date passed",""),IF(AND($AE18=1,$AL18=0),"No next action",""),IF(AND($AE18=1,$AM18>0),"Action needs a date",""),IF($AE18=1,$AN18,""),$AO18,IF($AD18=0,"",INDEX(Sources[Source issue],$AD18)))) | L18: =IF($AD18=0,"",IF(INDEX(Sources[Agency office],$AD18)="","",INDEX(Sources[Agency office],$AD18))) | M18: =IF($AD18=0,"",IF(INDEX(Sources[Solicitation],$AD18)="","",INDEX(Sources[Solicitation],$AD18))) | N18: =IF($AD18=0,"",IF(INDEX(Sources[Acquisition route],$AD18)="","",INDEX(Sources[Acquisition route],$AD18))) | O18: =IF($AD18=0,"",IF(INDEX(Sources[Location],$AD18)="","",INDEX(Sources[Location],$AD18))) | P18: =IF($AD18=0,"",IF(INDEX(Sources[Release period],$AD18)="","",INDEX(Sources[Release period],$AD18))) | Q18: =IF($AD18=0,"",IF(INDEX(Sources[Award period],$AD18)="","",INDEX(Sources[Award period],$AD18))) | W18: =IF(AND(ISNUMBER($AH18),ISNUMBER($V18),$V18>=0,$V18<=1),ROUND($AH18*$V18,2),"") | Z18: =IF($AD18=0,"",IF(INDEX(Sources[GovTribe URL],$AD18)="","",HYPERLINK(INDEX(Sources[GovTribe URL],$AD18),"Open GovTribe"))) | AD18: =IF($A18="",0,IF(AND($AB18<>"",COUNTIFS(Sources[Source ID],$AB18,Sources[Pursuit ID],$A18)=1,COUNTIFS(Sources[Source ID],$AB18)=1),MATCH($AB18,Sources[Source ID],0),0)) -> 0 | AE18: =IF($AS18=0,"",IF(COUNTIFS(StageMap[Stage],$D18)<>1,"",IF(INDEX(StageMap[Input check],MATCH($D18,StageMap[Stage],0))="",INDEX(StageMap[Active],MATCH($D18,StageMap[Stage],0)),""))) | AF18: =IF($A18="",IF(COUNTA(B18:D18,H18,J18:K18,R18:V18,X18:Y18,AA18:AC18)>0,"Missing pursuit ID",""),IF(COUNTIFS(Pursuits[Pursuit ID],$A18)>1,"Duplicate pursuit ID",IF($B18="","Add opportunity name",""))) | AG18: =IF($A18="","",IF($H18="","",IF(NOT(ISNUMBER($H18)),"Enter a numeric estimate",IF($H18<0,"Estimate cannot be negative",IF($T18<>"Total company contract value","Non-total value excluded",IF($U18="","Add value period","")))))) | AH18: =IF(AND($AE18=1,$AG18="",ISNUMBER($H18)),$H18,"") | AI18: =IF(AND($AE18=1,AND(ISNUMBER(Dashboard!$V$3),Dashboard!$V$3>=1,Dashboard!$V$3<DATE(2099,1,1)),ISNUMBER($E18),$E18>=1,$E18<DATE(2099,1,1),$E18>=Dashboard!$V$3,$E18<Dashboard!$V$3+30),COUNTIFS(Pursuits[Active],1,Pursuits[Response due],">="&Dashboard!$V$3,Pursuits[Response due],"<"&$E18)+COUNTIFS(Pursuits[Active],1,Pursuits[Response due],$E18,Pursuits[Pursuit ID],"<"&$A18)+1,"") | AJ18: =IF(OR($A18="",$AL18=0),"",INDEX(Actions[Action ID],MATCH($A18&"|1",Actions[Pursuit action key],0))) | AK18: =IF($AR18<>1,"",COUNTIFS(Pursuits[Review candidate],1,Pursuits[Pursuit ID],"<"&$A18)+COUNTIFS($A$8:$A18,$A18,$AR$8:$AR18,1)) | AL18: =IF($A18="","",COUNTIFS(Actions[Pursuit ID],$A18,Actions[Open action],1)) | AM18: =IF($A18="","",COUNTIFS(Actions[Pursuit ID],$A18,Actions[Open action],1,Actions[Sort date],DATE(9999,12,31))) | AN18: =IF($AD18=0,"",IF($AC18="","Source not reviewed",IF($AC18<>INDEX(Sources[Source updated],$AD18),"Source changed",""))) | AO18: =IF(OR($AE18<>1,NOT(AND(ISNUMBER(Dashboard!$V$3),Dashboard!$V$3>=1,Dashboard!$V$3<DATE(2099,1,1)))),"",IF($S18="","Not reviewed",IF(NOT(ISNUMBER($S18)),"Use a real review date",IF($S18>Dashboard!$V$3,"Review date is in future",IF(AND(ISNUMBER('Source Data'!$AE$36),'Source Data'!$AE$36>0),IF(Dashboard!$V$3-$S18>'Source Data'!$AE$36,"Review is overdue",""),"Set review interval"))))) | AP18: =IF($AF18<>"",$AF18,IF($A18="","",IF(COUNTIFS(StageMap[Stage],$D18)<>1,"Choose a valid stage",IF(NOT(ISNUMBER($AE18)),"Check stage settings",IF($AB18="","Add source ID",IF($AD18=0,"Source link needs review",IF(INDEX(Sources[Input check],$AD18)<>"",INDEX(Sources[Input check],$AD18),IF(AND($V18<>"",OR(NOT(ISNUMBER($V18)),$V18<0,$V18>1)),"Probability must be 0 to 100%",IF(AND($R18<>"",OR(NOT(ISNUMBER($R18)),$R18<0)),"Use valid duration months",""))))))))) | AQ18: =IF($AD18=0,"",IF(INDEX(Sources[Response time],$AD18)="","Time not confirmed",TEXT(INDEX(Sources[Response time],$AD18),"h:mm AM/PM")&" "&INDEX(Sources[Time zone],$AD18))) | AR18: =IF(AND($I18<>"",OR($AE18=1,$AP18<>"")),1,0) -> 0 | AS18: =IF(AND($A18<>"",$AF18=""),1,0) -> 0
E19: =IF($AD19=0,"",IF(INDEX(Sources[Response date],$AD19)="","",INDEX(Sources[Response date],$AD19))) | F19: =IF($AJ19="","",INDEX(Actions[Action],MATCH($AJ19,Actions[Action ID],0))) | G19: =IF($AJ19="","",IF(INDEX(Actions[Due date],MATCH($AJ19,Actions[Action ID],0))="","",INDEX(Actions[Due date],MATCH($AJ19,Actions[Action ID],0)))) | I19: =IF($A19="",$AF19,_xlfn.TEXTJOIN(CHAR(10),TRUE(),$AP19,$AG19,IF(AND($AE19=1,AND(ISNUMBER(Dashboard!$V$3),Dashboard!$V$3>=1,Dashboard!$V$3<DATE(2099,1,1)),ISNUMBER($E19),$E19<Dashboard!$V$3),"Response date passed",""),IF(AND($AE19=1,$AL19=0),"No next action",""),IF(AND($AE19=1,$AM19>0),"Action needs a date",""),IF($AE19=1,$AN19,""),$AO19,IF($AD19=0,"",INDEX(Sources[Source issue],$AD19)))) | L19: =IF($AD19=0,"",IF(INDEX(Sources[Agency office],$AD19)="","",INDEX(Sources[Agency office],$AD19))) | M19: =IF($AD19=0,"",IF(INDEX(Sources[Solicitation],$AD19)="","",INDEX(Sources[Solicitation],$AD19))) | N19: =IF($AD19=0,"",IF(INDEX(Sources[Acquisition route],$AD19)="","",INDEX(Sources[Acquisition route],$AD19))) | O19: =IF($AD19=0,"",IF(INDEX(Sources[Location],$AD19)="","",INDEX(Sources[Location],$AD19))) | P19: =IF($AD19=0,"",IF(INDEX(Sources[Release period],$AD19)="","",INDEX(Sources[Release period],$AD19))) | Q19: =IF($AD19=0,"",IF(INDEX(Sources[Award period],$AD19)="","",INDEX(Sources[Award period],$AD19))) | W19: =IF(AND(ISNUMBER($AH19),ISNUMBER($V19),$V19>=0,$V19<=1),ROUND($AH19*$V19,2),"") | Z19: =IF($AD19=0,"",IF(INDEX(Sources[GovTribe URL],$AD19)="","",HYPERLINK(INDEX(Sources[GovTribe URL],$AD19),"Open GovTribe"))) | AD19: =IF($A19="",0,IF(AND($AB19<>"",COUNTIFS(Sources[Source ID],$AB19,Sources[Pursuit ID],$A19)=1,COUNTIFS(Sources[Source ID],$AB19)=1),MATCH($AB19,Sources[Source ID],0),0)) -> 0 | AE19: =IF($AS19=0,"",IF(COUNTIFS(StageMap[Stage],$D19)<>1,"",IF(INDEX(StageMap[Input check],MATCH($D19,StageMap[Stage],0))="",INDEX(StageMap[Active],MATCH($D19,StageMap[Stage],0)),""))) | AF19: =IF($A19="",IF(COUNTA(B19:D19,H19,J19:K19,R19:V19,X19:Y19,AA19:AC19)>0,"Missing pursuit ID",""),IF(COUNTIFS(Pursuits[Pursuit ID],$A19)>1,"Duplicate pursuit ID",IF($B19="","Add opportunity name",""))) | AG19: =IF($A19="","",IF($H19="","",IF(NOT(ISNUMBER($H19)),"Enter a numeric estimate",IF($H19<0,"Estimate cannot be negative",IF($T19<>"Total company contract value","Non-total value excluded",IF($U19="","Add value period","")))))) | AH19: =IF(AND($AE19=1,$AG19="",ISNUMBER($H19)),$H19,"") | AI19: =IF(AND($AE19=1,AND(ISNUMBER(Dashboard!$V$3),Dashboard!$V$3>=1,Dashboard!$V$3<DATE(2099,1,1)),ISNUMBER($E19),$E19>=1,$E19<DATE(2099,1,1),$E19>=Dashboard!$V$3,$E19<Dashboard!$V$3+30),COUNTIFS(Pursuits[Active],1,Pursuits[Response due],">="&Dashboard!$V$3,Pursuits[Response due],"<"&$E19)+COUNTIFS(Pursuits[Active],1,Pursuits[Response due],$E19,Pursuits[Pursuit ID],"<"&$A19)+1,"") | AJ19: =IF(OR($A19="",$AL19=0),"",INDEX(Actions[Action ID],MATCH($A19&"|1",Actions[Pursuit action key],0))) | AK19: =IF($AR19<>1,"",COUNTIFS(Pursuits[Review candidate],1,Pursuits[Pursuit ID],"<"&$A19)+COUNTIFS($A$8:$A19,$A19,$AR$8:$AR19,1)) | AL19: =IF($A19="","",COUNTIFS(Actions[Pursuit ID],$A19,Actions[Open action],1)) | AM19: =IF($A19="","",COUNTIFS(Actions[Pursuit ID],$A19,Actions[Open action],1,Actions[Sort date],DATE(9999,12,31))) | AN19: =IF($AD19=0,"",IF($AC19="","Source not reviewed",IF($AC19<>INDEX(Sources[Source updated],$AD19),"Source changed",""))) | AO19: =IF(OR($AE19<>1,NOT(AND(ISNUMBER(Dashboard!$V$3),Dashboard!$V$3>=1,Dashboard!$V$3<DATE(2099,1,1)))),"",IF($S19="","Not reviewed",IF(NOT(ISNUMBER($S19)),"Use a real review date",IF($S19>Dashboard!$V$3,"Review date is in future",IF(AND(ISNUMBER('Source Data'!$AE$36),'Source Data'!$AE$36>0),IF(Dashboard!$V$3-$S19>'Source Data'!$AE$36,"Review is overdue",""),"Set review interval"))))) | AP19: =IF($AF19<>"",$AF19,IF($A19="","",IF(COUNTIFS(StageMap[Stage],$D19)<>1,"Choose a valid stage",IF(NOT(ISNUMBER($AE19)),"Check stage settings",IF($AB19="","Add source ID",IF($AD19=0,"Source link needs review",IF(INDEX(Sources[Input check],$AD19)<>"",INDEX(Sources[Input check],$AD19),IF(AND($V19<>"",OR(NOT(ISNUMBER($V19)),$V19<0,$V19>1)),"Probability must be 0 to 100%",IF(AND($R19<>"",OR(NOT(ISNUMBER($R19)),$R19<0)),"Use valid duration months",""))))))))) | AQ19: =IF($AD19=0,"",IF(INDEX(Sources[Response time],$AD19)="","Time not confirmed",TEXT(INDEX(Sources[Response time],$AD19),"h:mm AM/PM")&" "&INDEX(Sources[Time zone],$AD19))) | AR19: =IF(AND($I19<>"",OR($AE19=1,$AP19<>"")),1,0) -> 0 | AS19: =IF(AND($A19<>"",$AF19=""),1,0) -> 0
... E27: =IF($AD27=0,"",IF(INDEX(Sources[Response date],$AD27)="","",INDEX(Sources[Response date],$AD27))) | F27: =IF($AJ27="","",INDEX(Actions[Action],MATCH($AJ27,Actions[Action ID],0))) | G27: =IF($AJ27="","",IF(INDEX(Actions[Due date],MATCH($AJ27,Actions[Action ID],0))="","",INDEX(Actions[Due date],MATCH($AJ27,Actions[Action ID],0)))) | I27: =IF($A27="",$AF27,_xlfn.TEXTJOIN(CHAR(10),TRUE(),$AP27,$AG27,IF(AND($AE27=1,AND(ISNUMBER(Dashboard!$V$3),Dashboard!$V$3>=1,Dashboard!$V$3<DATE(2099,1,1)),ISNUMBER($E27),$E27<Dashboard!$V$3),"Response date passed",""),IF(AND($AE27=1,$AL27=0),"No next action",""),IF(AND($AE27=1,$AM27>0),"Action needs a date",""),IF($AE27=1,$AN27,""),$AO27,IF($AD27=0,"",INDEX(Sources[Source issue],$AD27)))) | L27: =IF($AD27=0,"",IF(INDEX(Sources[Agency office],$AD27)="","",INDEX(Sources[Agency office],$AD27))) | M27: =IF($AD27=0,"",IF(INDEX(Sources[Solicitation],$AD27)="","",INDEX(Sources[Solicitation],$AD27))) | N27: =IF($AD27=0,"",IF(INDEX(Sources[Acquisition route],$AD27)="","",INDEX(Sources[Acquisition route],$AD27))) | O27: =IF($AD27=0,"",IF(INDEX(Sources[Location],$AD27)="","",INDEX(Sources[Location],$AD27))) | P27: =IF($AD27=0,"",IF(INDEX(Sources[Release period],$AD27)="","",INDEX(Sources[Release period],$AD27))) | Q27: =IF($AD27=0,"",IF(INDEX(Sources[Award period],$AD27)="","",INDEX(Sources[Award period],$AD27))) | W27: =IF(AND(ISNUMBER($AH27),ISNUMBER($V27),$V27>=0,$V27<=1),ROUND($AH27*$V27,2),"") | Z27: =IF($AD27=0,"",IF(INDEX(Sources[GovTribe URL],$AD27)="","",HYPERLINK(INDEX(Sources[GovTribe URL],$AD27),"Open GovTribe"))) | AD27: =IF($A27="",0,IF(AND($AB27<>"",COUNTIFS(Sources[Source ID],$AB27,Sources[Pursuit ID],$A27)=1,COUNTIFS(Sources[Source ID],$AB27)=1),MATCH($AB27,Sources[Source ID],0),0)) -> 0 | AE27: =IF($AS27=0,"",IF(COUNTIFS(StageMap[Stage],$D27)<>1,"",IF(INDEX(StageMap[Input check],MATCH($D27,StageMap[Stage],0))="",INDEX(StageMap[Active],MATCH($D27,StageMap[Stage],0)),""))) | AF27: =IF($A27="",IF(COUNTA(B27:D27,H27,J27:K27,R27:V27,X27:Y27,AA27:AC27)>0,"Missing pursuit ID",""),IF(COUNTIFS(Pursuits[Pursuit ID],$A27)>1,"Duplicate pursuit ID",IF($B27="","Add opportunity name",""))) | AG27: =IF($A27="","",IF($H27="","",IF(NOT(ISNUMBER($H27)),"Enter a numeric estimate",IF($H27<0,"Estimate cannot be negative",IF($T27<>"Total company contract value","Non-total value excluded",IF($U27="","Add value period","")))))) | AH27: =IF(AND($AE27=1,$AG27="",ISNUMBER($H27)),$H27,"") | AI27: =IF(AND($AE27=1,AND(ISNUMBER(Dashboard!$V$3),Dashboard!$V$3>=1,Dashboard!$V$3<DATE(2099,1,1)),ISNUMBER($E27),$E27>=1,$E27<DATE(2099,1,1),$E27>=Dashboard!$V$3,$E27<Dashboard!$V$3+30),COUNTIFS(Pursuits[Active],1,Pursuits[Response due],">="&Dashboard!$V$3,Pursuits[Response due],"<"&$E27)+COUNTIFS(Pursuits[Active],1,Pursuits[Response due],$E27,Pursuits[Pursuit ID],"<"&$A27)+1,"") | AJ27: =IF(OR($A27="",$AL27=0),"",INDEX(Actions[Action ID],MATCH($A27&"|1",Actions[Pursuit action key],0))) | AK27: =IF($AR27<>1,"",COUNTIFS(Pursuits[Review candidate],1,Pursuits[Pursuit ID],"<"&$A27)+COUNTIFS($A$8:$A27,$A27,$AR$8:$AR27,1)) | AL27: =IF($A27="","",COUNTIFS(Actions[Pursuit ID],$A27,Actions[Open action],1)) | AM27: =IF($A27="","",COUNTIFS(Actions[Pursuit ID],$A27,Actions[Open action],1,Actions[Sort date],DATE(9999,12,31))) | AN27: =IF($AD27=0,"",IF($AC27="","Source not reviewed",IF($AC27<>INDEX(Sources[Source updated],$AD27),"Source changed",""))) | AO27: =IF(OR($AE27<>1,NOT(AND(ISNUMBER(Dashboard!$V$3),Dashboard!$V$3>=1,Dashboard!$V$3<DATE(2099,1,1)))),"",IF($S27="","Not reviewed",IF(NOT(ISNUMBER($S27)),"Use a real review date",IF($S27>Dashboard!$V$3,"Review date is in future",IF(AND(ISNUMBER('Source Data'!$AE$36),'Source Data'!$AE$36>0),IF(Dashboard!$V$3-$S27>'Source Data'!$AE$36,"Review is overdue",""),"Set review interval"))))) | AP27: =IF($AF27<>"",$AF27,IF($A27="","",IF(COUNTIFS(StageMap[Stage],$D27)<>1,"Choose a valid stage",IF(NOT(ISNUMBER($AE27)),"Check stage settings",IF($AB27="","Add source ID",IF($AD27=0,"Source link needs review",IF(INDEX(Sources[Input check],$AD27)<>"",INDEX(Sources[Input check],$AD27),IF(AND($V27<>"",OR(NOT(ISNUMBER($V27)),$V27<0,$V27>1)),"Probability must be 0 to 100%",IF(AND($R27<>"",OR(NOT(ISNUMBER($R27)),$R27<0)),"Use valid duration months",""))))))))) | AQ27: =IF($AD27=0,"",IF(INDEX(Sources[Response time],$AD27)="","Time not confirmed",TEXT(INDEX(Sources[Response time],$AD27),"h:mm AM/PM")&" "&INDEX(Sources[Time zone],$AD27))) | AR27: =IF(AND($I27<>"",OR($AE27=1,$AP27<>"")),1,0) -> 0 | AS27: =IF(AND($A27<>"",$AF27=""),1,0) -> 0

Sheet Actions
A2: Actions | B2: Actions
A4: As of | B4: =IF(Dashboard!$V$3="","",Dashboard!$V$3) | C4: Blue inputs; gray calculations | D4: Blue inputs; gray calculations | E4: Blue inputs; gray calculations | F4: Blue inputs; gray calculations
A7: Action ID | B7: Pursuit ID | C7: Pursuit | D7: Action | E7: Due date | F7: Status | G7: Result or blocker | H7: Owner | I7: Completed date | J7: Needs attention | K7: Active pursuit | L7: Open action | M7: Sort date | N7: Dashboard order | O7: Pursuit order | P7: ID check | Q7: Pursuit action key
C8: =IF(COUNTIFS(Pursuits[Pursuit ID],$B8)<>1,"",INDEX(Pursuits[Opportunity],MATCH($B8,Pursuits[Pursuit ID],0))) | J8: =IF($P8<>"",$P8,IF($A8="","",IF(COUNTIFS(WorkStatuses[Status],$F8)<>1,"Choose a status",IF(INDEX(WorkStatuses[Input check],MATCH($F8,WorkStatuses[Status],0))<>"","Check status settings",_xlfn.TEXTJOIN(CHAR(10),TRUE(),IF(AND(INDEX(WorkStatuses[Complete],MATCH($F8,WorkStatuses[Status],0))=0,$E8=""),"Add due date",""),IF(AND($E8<>"",OR(NOT(ISNUMBER($E8)),$E8<1,$E8>=DATE(2099,1,1))),"Use a valid due date",""),IF(AND(INDEX(WorkStatuses[Complete],MATCH($F8,WorkStatuses[Status],0))=1,$I8=""),"Add completed date",""),IF(AND($I8<>"",OR(NOT(ISNUMBER($I8)),$I8<1,$I8>=DATE(2099,1,1))),"Use a valid completed date",""),IF(AND(INDEX(WorkStatuses[Complete],MATCH($F8,WorkStatuses[Status],0))=0,$I8<>""),"Check status and completed date",""),IF(AND(AND(ISNUMBER(Dashboard!$V$3),Dashboard!$V$3>=1,Dashboard!$V$3<DATE(2099,1,1)),ISNUMBER($I8),$I8>Dashboard!$V$3),"Completed date is in future","")))))) | K8: =IF($P8<>"",0,IF($A8="",0,SUMIFS(Pursuits[Active],Pursuits[Pursuit ID],$B8))) -> 0 | L8: =IF(AND($A8<>"",$P8="",COUNTIFS(WorkStatuses[Status],$F8)=1),IF(INDEX(WorkStatuses[Input check],MATCH($F8,WorkStatuses[Status],0))<>"",0,IF(INDEX(WorkStatuses[Complete],MATCH($F8,WorkStatuses[Status],0))=0,1,0)),0) -> 0 | M8: =IF($L8=0,"",IF(AND(ISNUMBER($E8),$E8>=1,$E8<DATE(2099,1,1)),$E8,DATE(9999,12,31))) | N8: =IF(AND($L8=1,$K8=1),COUNTIFS(Actions[Open action],1,Actions[Active pursuit],1,Actions[Sort date],"<"&$M8)+COUNTIFS(Actions[Open action],1,Actions[Active pursuit],1,Actions[Sort date],$M8,Actions[Action ID],"<"&$A8)+1,"") | O8: =IF($L8<>1,"",COUNTIFS(Actions[Open action],1,Actions[Pursuit ID],$B8,Actions[Sort date],"<"&$M8)+COUNTIFS(Actions[Open action],1,Actions[Pursuit ID],$B8,Actions[Sort date],$M8,Actions[Action ID],"<"&$A8)+1) | P8: =IF($A8="",IF(COUNTA(B8,D8:I8)>0,"Missing action ID",""),IF(COUNTIFS(Actions[Action ID],$A8)>1,"Duplicate action ID",IF(COUNTIFS(Pursuits[Pursuit ID],$B8)<>1,"Pursuit link needs review",IF($D8="","Add action text","")))) | Q8: =IF($L8=1,$B8&"|"&$O8,"")
C9: =IF(COUNTIFS(Pursuits[Pursuit ID],$B9)<>1,"",INDEX(Pursuits[Opportunity],MATCH($B9,Pursuits[Pursuit ID],0))) | J9: =IF($P9<>"",$P9,IF($A9="","",IF(COUNTIFS(WorkStatuses[Status],$F9)<>1,"Choose a status",IF(INDEX(WorkStatuses[Input check],MATCH($F9,WorkStatuses[Status],0))<>"","Check status settings",_xlfn.TEXTJOIN(CHAR(10),TRUE(),IF(AND(INDEX(WorkStatuses[Complete],MATCH($F9,WorkStatuses[Status],0))=0,$E9=""),"Add due date",""),IF(AND($E9<>"",OR(NOT(ISNUMBER($E9)),$E9<1,$E9>=DATE(2099,1,1))),"Use a valid due date",""),IF(AND(INDEX(WorkStatuses[Complete],MATCH($F9,WorkStatuses[Status],0))=1,$I9=""),"Add completed date",""),IF(AND($I9<>"",OR(NOT(ISNUMBER($I9)),$I9<1,$I9>=DATE(2099,1,1))),"Use a valid completed date",""),IF(AND(INDEX(WorkStatuses[Complete],MATCH($F9,WorkStatuses[Status],0))=0,$I9<>""),"Check status and completed date",""),IF(AND(AND(ISNUMBER(Dashboard!$V$3),Dashboard!$V$3>=1,Dashboard!$V$3<DATE(2099,1,1)),ISNUMBER($I9),$I9>Dashboard!$V$3),"Completed date is in future","")))))) | K9: =IF($P9<>"",0,IF($A9="",0,SUMIFS(Pursuits[Active],Pursuits[Pursuit ID],$B9))) -> 0 | L9: =IF(AND($A9<>"",$P9="",COUNTIFS(WorkStatuses[Status],$F9)=1),IF(INDEX(WorkStatuses[Input check],MATCH($F9,WorkStatuses[Status],0))<>"",0,IF(INDEX(WorkStatuses[Complete],MATCH($F9,WorkStatuses[Status],0))=0,1,0)),0) -> 0 | M9: =IF($L9=0,"",IF(AND(ISNUMBER($E9),$E9>=1,$E9<DATE(2099,1,1)),$E9,DATE(9999,12,31))) | N9: =IF(AND($L9=1,$K9=1),COUNTIFS(Actions[Open action],1,Actions[Active pursuit],1,Actions[Sort date],"<"&$M9)+COUNTIFS(Actions[Open action],1,Actions[Active pursuit],1,Actions[Sort date],$M9,Actions[Action ID],"<"&$A9)+1,"") | O9: =IF($L9<>1,"",COUNTIFS(Actions[Open action],1,Actions[Pursuit ID],$B9,Actions[Sort date],"<"&$M9)+COUNTIFS(Actions[Open action],1,Actions[Pursuit ID],$B9,Actions[Sort date],$M9,Actions[Action ID],"<"&$A9)+1) | P9: =IF($A9="",IF(COUNTA(B9,D9:I9)>0,"Missing action ID",""),IF(COUNTIFS(Actions[Action ID],$A9)>1,"Duplicate action ID",IF(COUNTIFS(Pursuits[Pursuit ID],$B9)<>1,"Pursuit link needs review",IF($D9="","Add action text","")))) | Q9: =IF($L9=1,$B9&"|"&$O9,"")
C10: =IF(COUNTIFS(Pursuits[Pursuit ID],$B10)<>1,"",INDEX(Pursuits[Opportunity],MATCH($B10,Pursuits[Pursuit ID],0))) | J10: =IF($P10<>"",$P10,IF($A10="","",IF(COUNTIFS(WorkStatuses[Status],$F10)<>1,"Choose a status",IF(INDEX(WorkStatuses[Input check],MATCH($F10,WorkStatuses[Status],0))<>"","Check status settings",_xlfn.TEXTJOIN(CHAR(10),TRUE(),IF(AND(INDEX(WorkStatuses[Complete],MATCH($F10,WorkStatuses[Status],0))=0,$E10=""),"Add due date",""),IF(AND($E10<>"",OR(NOT(ISNUMBER($E10)),$E10<1,$E10>=DATE(2099,1,1))),"Use a valid due date",""),IF(AND(INDEX(WorkStatuses[Complete],MATCH($F10,WorkStatuses[Status],0))=1,$I10=""),"Add completed date",""),IF(AND($I10<>"",OR(NOT(ISNUMBER($I10)),$I10<1,$I10>=DATE(2099,1,1))),"Use a valid completed date",""),IF(AND(INDEX(WorkStatuses[Complete],MATCH($F10,WorkStatuses[Status],0))=0,$I10<>""),"Check status and completed date",""),IF(AND(AND(ISNUMBER(Dashboard!$V$3),Dashboard!$V$3>=1,Dashboard!$V$3<DATE(2099,1,1)),ISNUMBER($I10),$I10>Dashboard!$V$3),"Completed date is in future","")))))) | K10: =IF($P10<>"",0,IF($A10="",0,SUMIFS(Pursuits[Active],Pursuits[Pursuit ID],$B10))) -> 0 | L10: =IF(AND($A10<>"",$P10="",COUNTIFS(WorkStatuses[Status],$F10)=1),IF(INDEX(WorkStatuses[Input check],MATCH($F10,WorkStatuses[Status],0))<>"",0,IF(INDEX(WorkStatuses[Complete],MATCH($F10,WorkStatuses[Status],0))=0,1,0)),0) -> 0 | M10: =IF($L10=0,"",IF(AND(ISNUMBER($E10),$E10>=1,$E10<DATE(2099,1,1)),$E10,DATE(9999,12,31))) | N10: =IF(AND($L10=1,$K10=1),COUNTIFS(Actions[Open action],1,Actions[Active pursuit],1,Actions[Sort date],"<"&$M10)+COUNTIFS(Actions[Open action],1,Actions[Active pursuit],1,Actions[Sort date],$M10,Actions[Action ID],"<"&$A10)+1,"") | O10: =IF($L10<>1,"",COUNTIFS(Actions[Open action],1,Actions[Pursuit ID],$B10,Actions[Sort date],"<"&$M10)+COUNTIFS(Actions[Open action],1,Actions[Pursuit ID],$B10,Actions[Sort date],$M10,Actions[Action ID],"<"&$A10)+1) | P10: =IF($A10="",IF(COUNTA(B10,D10:I10)>0,"Missing action ID",""),IF(COUNTIFS(Actions[Action ID],$A10)>1,"Duplicate action ID",IF(COUNTIFS(Pursuits[Pursuit ID],$B10)<>1,"Pursuit link needs review",IF($D10="","Add action text","")))) | Q10: =IF($L10=1,$B10&"|"&$O10,"")
C11: =IF(COUNTIFS(Pursuits[Pursuit ID],$B11)<>1,"",INDEX(Pursuits[Opportunity],MATCH($B11,Pursuits[Pursuit ID],0))) | J11: =IF($P11<>"",$P11,IF($A11="","",IF(COUNTIFS(WorkStatuses[Status],$F11)<>1,"Choose a status",IF(INDEX(WorkStatuses[Input check],MATCH($F11,WorkStatuses[Status],0))<>"","Check status settings",_xlfn.TEXTJOIN(CHAR(10),TRUE(),IF(AND(INDEX(WorkStatuses[Complete],MATCH($F11,WorkStatuses[Status],0))=0,$E11=""),"Add due date",""),IF(AND($E11<>"",OR(NOT(ISNUMBER($E11)),$E11<1,$E11>=DATE(2099,1,1))),"Use a valid due date",""),IF(AND(INDEX(WorkStatuses[Complete],MATCH($F11,WorkStatuses[Status],0))=1,$I11=""),"Add completed date",""),IF(AND($I11<>"",OR(NOT(ISNUMBER($I11)),$I11<1,$I11>=DATE(2099,1,1))),"Use a valid completed date",""),IF(AND(INDEX(WorkStatuses[Complete],MATCH($F11,WorkStatuses[Status],0))=0,$I11<>""),"Check status and completed date",""),IF(AND(AND(ISNUMBER(Dashboard!$V$3),Dashboard!$V$3>=1,Dashboard!$V$3<DATE(2099,1,1)),ISNUMBER($I11),$I11>Dashboard!$V$3),"Completed date is in future","")))))) | K11: =IF($P11<>"",0,IF($A11="",0,SUMIFS(Pursuits[Active],Pursuits[Pursuit ID],$B11))) -> 0 | L11: =IF(AND($A11<>"",$P11="",COUNTIFS(WorkStatuses[Status],$F11)=1),IF(INDEX(WorkStatuses[Input check],MATCH($F11,WorkStatuses[Status],0))<>"",0,IF(INDEX(WorkStatuses[Complete],MATCH($F11,WorkStatuses[Status],0))=0,1,0)),0) -> 0 | M11: =IF($L11=0,"",IF(AND(ISNUMBER($E11),$E11>=1,$E11<DATE(2099,1,1)),$E11,DATE(9999,12,31))) | N11: =IF(AND($L11=1,$K11=1),COUNTIFS(Actions[Open action],1,Actions[Active pursuit],1,Actions[Sort date],"<"&$M11)+COUNTIFS(Actions[Open action],1,Actions[Active pursuit],1,Actions[Sort date],$M11,Actions[Action ID],"<"&$A11)+1,"") | O11: =IF($L11<>1,"",COUNTIFS(Actions[Open action],1,Actions[Pursuit ID],$B11,Actions[Sort date],"<"&$M11)+COUNTIFS(Actions[Open action],1,Actions[Pursuit ID],$B11,Actions[Sort date],$M11,Actions[Action ID],"<"&$A11)+1) | P11: =IF($A11="",IF(COUNTA(B11,D11:I11)>0,"Missing action ID",""),IF(COUNTIFS(Actions[Action ID],$A11)>1,"Duplicate action ID",IF(COUNTIFS(Pursuits[Pursuit ID],$B11)<>1,"Pursuit link needs review",IF($D11="","Add action text","")))) | Q11: =IF($L11=1,$B11&"|"&$O11,"")
C12: =IF(COUNTIFS(Pursuits[Pursuit ID],$B12)<>1,"",INDEX(Pursuits[Opportunity],MATCH($B12,Pursuits[Pursuit ID],0))) | J12: =IF($P12<>"",$P12,IF($A12="","",IF(COUNTIFS(WorkStatuses[Status],$F12)<>1,"Choose a status",IF(INDEX(WorkStatuses[Input check],MATCH($F12,WorkStatuses[Status],0))<>"","Check status settings",_xlfn.TEXTJOIN(CHAR(10),TRUE(),IF(AND(INDEX(WorkStatuses[Complete],MATCH($F12,WorkStatuses[Status],0))=0,$E12=""),"Add due date",""),IF(AND($E12<>"",OR(NOT(ISNUMBER($E12)),$E12<1,$E12>=DATE(2099,1,1))),"Use a valid due date",""),IF(AND(INDEX(WorkStatuses[Complete],MATCH($F12,WorkStatuses[Status],0))=1,$I12=""),"Add completed date",""),IF(AND($I12<>"",OR(NOT(ISNUMBER($I12)),$I12<1,$I12>=DATE(2099,1,1))),"Use a valid completed date",""),IF(AND(INDEX(WorkStatuses[Complete],MATCH($F12,WorkStatuses[Status],0))=0,$I12<>""),"Check status and completed date",""),IF(AND(AND(ISNUMBER(Dashboard!$V$3),Dashboard!$V$3>=1,Dashboard!$V$3<DATE(2099,1,1)),ISNUMBER($I12),$I12>Dashboard!$V$3),"Completed date is in future","")))))) | K12: =IF($P12<>"",0,IF($A12="",0,SUMIFS(Pursuits[Active],Pursuits[Pursuit ID],$B12))) -> 0 | L12: =IF(AND($A12<>"",$P12="",COUNTIFS(WorkStatuses[Status],$F12)=1),IF(INDEX(WorkStatuses[Input check],MATCH($F12,WorkStatuses[Status],0))<>"",0,IF(INDEX(WorkStatuses[Complete],MATCH($F12,WorkStatuses[Status],0))=0,1,0)),0) -> 0 | M12: =IF($L12=0,"",IF(AND(ISNUMBER($E12),$E12>=1,$E12<DATE(2099,1,1)),$E12,DATE(9999,12,31))) | N12: =IF(AND($L12=1,$K12=1),COUNTIFS(Actions[Open action],1,Actions[Active pursuit],1,Actions[Sort date],"<"&$M12)+COUNTIFS(Actions[Open action],1,Actions[Active pursuit],1,Actions[Sort date],$M12,Actions[Action ID],"<"&$A12)+1,"") | O12: =IF($L12<>1,"",COUNTIFS(Actions[Open action],1,Actions[Pursuit ID],$B12,Actions[Sort date],"<"&$M12)+COUNTIFS(Actions[Open action],1,Actions[Pursuit ID],$B12,Actions[Sort date],$M12,Actions[Action ID],"<"&$A12)+1) | P12: =IF($A12="",IF(COUNTA(B12,D12:I12)>0,"Missing action ID",""),IF(COUNTIFS(Actions[Action ID],$A12)>1,"Duplicate action ID",IF(COUNTIFS(Pursuits[Pursuit ID],$B12)<>1,"Pursuit link needs review",IF($D12="","Add action text","")))) | Q12: =IF($L12=1,$B12&"|"&$O12,"")
C13: =IF(COUNTIFS(Pursuits[Pursuit ID],$B13)<>1,"",INDEX(Pursuits[Opportunity],MATCH($B13,Pursuits[Pursuit ID],0))) | J13: =IF($P13<>"",$P13,IF($A13="","",IF(COUNTIFS(WorkStatuses[Status],$F13)<>1,"Choose a status",IF(INDEX(WorkStatuses[Input check],MATCH($F13,WorkStatuses[Status],0))<>"","Check status settings",_xlfn.TEXTJOIN(CHAR(10),TRUE(),IF(AND(INDEX(WorkStatuses[Complete],MATCH($F13,WorkStatuses[Status],0))=0,$E13=""),"Add due date",""),IF(AND($E13<>"",OR(NOT(ISNUMBER($E13)),$E13<1,$E13>=DATE(2099,1,1))),"Use a valid due date",""),IF(AND(INDEX(WorkStatuses[Complete],MATCH($F13,WorkStatuses[Status],0))=1,$I13=""),"Add completed date",""),IF(AND($I13<>"",OR(NOT(ISNUMBER($I13)),$I13<1,$I13>=DATE(2099,1,1))),"Use a valid completed date",""),IF(AND(INDEX(WorkStatuses[Complete],MATCH($F13,WorkStatuses[Status],0))=0,$I13<>""),"Check status and completed date",""),IF(AND(AND(ISNUMBER(Dashboard!$V$3),Dashboard!$V$3>=1,Dashboard!$V$3<DATE(2099,1,1)),ISNUMBER($I13),$I13>Dashboard!$V$3),"Completed date is in future","")))))) | K13: =IF($P13<>"",0,IF($A13="",0,SUMIFS(Pursuits[Active],Pursuits[Pursuit ID],$B13))) -> 0 | L13: =IF(AND($A13<>"",$P13="",COUNTIFS(WorkStatuses[Status],$F13)=1),IF(INDEX(WorkStatuses[Input check],MATCH($F13,WorkStatuses[Status],0))<>"",0,IF(INDEX(WorkStatuses[Complete],MATCH($F13,WorkStatuses[Status],0))=0,1,0)),0) -> 0 | M13: =IF($L13=0,"",IF(AND(ISNUMBER($E13),$E13>=1,$E13<DATE(2099,1,1)),$E13,DATE(9999,12,31))) | N13: =IF(AND($L13=1,$K13=1),COUNTIFS(Actions[Open action],1,Actions[Active pursuit],1,Actions[Sort date],"<"&$M13)+COUNTIFS(Actions[Open action],1,Actions[Active pursuit],1,Actions[Sort date],$M13,Actions[Action ID],"<"&$A13)+1,"") | O13: =IF($L13<>1,"",COUNTIFS(Actions[Open action],1,Actions[Pursuit ID],$B13,Actions[Sort date],"<"&$M13)+COUNTIFS(Actions[Open action],1,Actions[Pursuit ID],$B13,Actions[Sort date],$M13,Actions[Action ID],"<"&$A13)+1) | P13: =IF($A13="",IF(COUNTA(B13,D13:I13)>0,"Missing action ID",""),IF(COUNTIFS(Actions[Action ID],$A13)>1,"Duplicate action ID",IF(COUNTIFS(Pursuits[Pursuit ID],$B13)<>1,"Pursuit link needs review",IF($D13="","Add action text","")))) | Q13: =IF($L13=1,$B13&"|"&$O13,"")
C14: =IF(COUNTIFS(Pursuits[Pursuit ID],$B14)<>1,"",INDEX(Pursuits[Opportunity],MATCH($B14,Pursuits[Pursuit ID],0))) | J14: =IF($P14<>"",$P14,IF($A14="","",IF(COUNTIFS(WorkStatuses[Status],$F14)<>1,"Choose a status",IF(INDEX(WorkStatuses[Input check],MATCH($F14,WorkStatuses[Status],0))<>"","Check status settings",_xlfn.TEXTJOIN(CHAR(10),TRUE(),IF(AND(INDEX(WorkStatuses[Complete],MATCH($F14,WorkStatuses[Status],0))=0,$E14=""),"Add due date",""),IF(AND($E14<>"",OR(NOT(ISNUMBER($E14)),$E14<1,$E14>=DATE(2099,1,1))),"Use a valid due date",""),IF(AND(INDEX(WorkStatuses[Complete],MATCH($F14,WorkStatuses[Status],0))=1,$I14=""),"Add completed date",""),IF(AND($I14<>"",OR(NOT(ISNUMBER($I14)),$I14<1,$I14>=DATE(2099,1,1))),"Use a valid completed date",""),IF(AND(INDEX(WorkStatuses[Complete],MATCH($F14,WorkStatuses[Status],0))=0,$I14<>""),"Check status and completed date",""),IF(AND(AND(ISNUMBER(Dashboard!$V$3),Dashboard!$V$3>=1,Dashboard!$V$3<DATE(2099,1,1)),ISNUMBER($I14),$I14>Dashboard!$V$3),"Completed date is in future","")))))) | K14: =IF($P14<>"",0,IF($A14="",0,SUMIFS(Pursuits[Active],Pursuits[Pursuit ID],$B14))) -> 0 | L14: =IF(AND($A14<>"",$P14="",COUNTIFS(WorkStatuses[Status],$F14)=1),IF(INDEX(WorkStatuses[Input check],MATCH($F14,WorkStatuses[Status],0))<>"",0,IF(INDEX(WorkStatuses[Complete],MATCH($F14,WorkStatuses[Status],0))=0,1,0)),0) -> 0 | M14: =IF($L14=0,"",IF(AND(ISNUMBER($E14),$E14>=1,$E14<DATE(2099,1,1)),$E14,DATE(9999,12,31))) | N14: =IF(AND($L14=1,$K14=1),COUNTIFS(Actions[Open action],1,Actions[Active pursuit],1,Actions[Sort date],"<"&$M14)+COUNTIFS(Actions[Open action],1,Actions[Active pursuit],1,Actions[Sort date],$M14,Actions[Action ID],"<"&$A14)+1,"") | O14: =IF($L14<>1,"",COUNTIFS(Actions[Open action],1,Actions[Pursuit ID],$B14,Actions[Sort date],"<"&$M14)+COUNTIFS(Actions[Open action],1,Actions[Pursuit ID],$B14,Actions[Sort date],$M14,Actions[Action ID],"<"&$A14)+1) | P14: =IF($A14="",IF(COUNTA(B14,D14:I14)>0,"Missing action ID",""),IF(COUNTIFS(Actions[Action ID],$A14)>1,"Duplicate action ID",IF(COUNTIFS(Pursuits[Pursuit ID],$B14)<>1,"Pursuit link needs review",IF($D14="","Add action text","")))) | Q14: =IF($L14=1,$B14&"|"&$O14,"")
C15: =IF(COUNTIFS(Pursuits[Pursuit ID],$B15)<>1,"",INDEX(Pursuits[Opportunity],MATCH($B15,Pursuits[Pursuit ID],0))) | J15: =IF($P15<>"",$P15,IF($A15="","",IF(COUNTIFS(WorkStatuses[Status],$F15)<>1,"Choose a status",IF(INDEX(WorkStatuses[Input check],MATCH($F15,WorkStatuses[Status],0))<>"","Check status settings",_xlfn.TEXTJOIN(CHAR(10),TRUE(),IF(AND(INDEX(WorkStatuses[Complete],MATCH($F15,WorkStatuses[Status],0))=0,$E15=""),"Add due date",""),IF(AND($E15<>"",OR(NOT(ISNUMBER($E15)),$E15<1,$E15>=DATE(2099,1,1))),"Use a valid due date",""),IF(AND(INDEX(WorkStatuses[Complete],MATCH($F15,WorkStatuses[Status],0))=1,$I15=""),"Add completed date",""),IF(AND($I15<>"",OR(NOT(ISNUMBER($I15)),$I15<1,$I15>=DATE(2099,1,1))),"Use a valid completed date",""),IF(AND(INDEX(WorkStatuses[Complete],MATCH($F15,WorkStatuses[Status],0))=0,$I15<>""),"Check status and completed date",""),IF(AND(AND(ISNUMBER(Dashboard!$V$3),Dashboard!$V$3>=1,Dashboard!$V$3<DATE(2099,1,1)),ISNUMBER($I15),$I15>Dashboard!$V$3),"Completed date is in future","")))))) | K15: =IF($P15<>"",0,IF($A15="",0,SUMIFS(Pursuits[Active],Pursuits[Pursuit ID],$B15))) -> 0 | L15: =IF(AND($A15<>"",$P15="",COUNTIFS(WorkStatuses[Status],$F15)=1),IF(INDEX(WorkStatuses[Input check],MATCH($F15,WorkStatuses[Status],0))<>"",0,IF(INDEX(WorkStatuses[Complete],MATCH($F15,WorkStatuses[Status],0))=0,1,0)),0) -> 0 | M15: =IF($L15=0,"",IF(AND(ISNUMBER($E15),$E15>=1,$E15<DATE(2099,1,1)),$E15,DATE(9999,12,31))) | N15: =IF(AND($L15=1,$K15=1),COUNTIFS(Actions[Open action],1,Actions[Active pursuit],1,Actions[Sort date],"<"&$M15)+COUNTIFS(Actions[Open action],1,Actions[Active pursuit],1,Actions[Sort date],$M15,Actions[Action ID],"<"&$A15)+1,"") | O15: =IF($L15<>1,"",COUNTIFS(Actions[Open action],1,Actions[Pursuit ID],$B15,Actions[Sort date],"<"&$M15)+COUNTIFS(Actions[Open action],1,Actions[Pursuit ID],$B15,Actions[Sort date],$M15,Actions[Action ID],"<"&$A15)+1) | P15: =IF($A15="",IF(COUNTA(B15,D15:I15)>0,"Missing action ID",""),IF(COUNTIFS(Actions[Action ID],$A15)>1,"Duplicate action ID",IF(COUNTIFS(Pursuits[Pursuit ID],$B15)<>1,"Pursuit link needs review",IF($D15="","Add action text","")))) | Q15: =IF($L15=1,$B15&"|"&$O15,"")
C16: =IF(COUNTIFS(Pursuits[Pursuit ID],$B16)<>1,"",INDEX(Pursuits[Opportunity],MATCH($B16,Pursuits[Pursuit ID],0))) | J16: =IF($P16<>"",$P16,IF($A16="","",IF(COUNTIFS(WorkStatuses[Status],$F16)<>1,"Choose a status",IF(INDEX(WorkStatuses[Input check],MATCH($F16,WorkStatuses[Status],0))<>"","Check status settings",_xlfn.TEXTJOIN(CHAR(10),TRUE(),IF(AND(INDEX(WorkStatuses[Complete],MATCH($F16,WorkStatuses[Status],0))=0,$E16=""),"Add due date",""),IF(AND($E16<>"",OR(NOT(ISNUMBER($E16)),$E16<1,$E16>=DATE(2099,1,1))),"Use a valid due date",""),IF(AND(INDEX(WorkStatuses[Complete],MATCH($F16,WorkStatuses[Status],0))=1,$I16=""),"Add completed date",""),IF(AND($I16<>"",OR(NOT(ISNUMBER($I16)),$I16<1,$I16>=DATE(2099,1,1))),"Use a valid completed date",""),IF(AND(INDEX(WorkStatuses[Complete],MATCH($F16,WorkStatuses[Status],0))=0,$I16<>""),"Check status and completed date",""),IF(AND(AND(ISNUMBER(Dashboard!$V$3),Dashboard!$V$3>=1,Dashboard!$V$3<DATE(2099,1,1)),ISNUMBER($I16),$I16>Dashboard!$V$3),"Completed date is in future","")))))) | K16: =IF($P16<>"",0,IF($A16="",0,SUMIFS(Pursuits[Active],Pursuits[Pursuit ID],$B16))) -> 0 | L16: =IF(AND($A16<>"",$P16="",COUNTIFS(WorkStatuses[Status],$F16)=1),IF(INDEX(WorkStatuses[Input check],MATCH($F16,WorkStatuses[Status],0))<>"",0,IF(INDEX(WorkStatuses[Complete],MATCH($F16,WorkStatuses[Status],0))=0,1,0)),0) -> 0 | M16: =IF($L16=0,"",IF(AND(ISNUMBER($E16),$E16>=1,$E16<DATE(2099,1,1)),$E16,DATE(9999,12,31))) | N16: =IF(AND($L16=1,$K16=1),COUNTIFS(Actions[Open action],1,Actions[Active pursuit],1,Actions[Sort date],"<"&$M16)+COUNTIFS(Actions[Open action],1,Actions[Active pursuit],1,Actions[Sort date],$M16,Actions[Action ID],"<"&$A16)+1,"") | O16: =IF($L16<>1,"",COUNTIFS(Actions[Open action],1,Actions[Pursuit ID],$B16,Actions[Sort date],"<"&$M16)+COUNTIFS(Actions[Open action],1,Actions[Pursuit ID],$B16,Actions[Sort date],$M16,Actions[Action ID],"<"&$A16)+1) | P16: =IF($A16="",IF(COUNTA(B16,D16:I16)>0,"Missing action ID",""),IF(COUNTIFS(Actions[Action ID],$A16)>1,"Duplicate action ID",IF(COUNTIFS(Pursuits[Pursuit ID],$B16)<>1,"Pursuit link needs review",IF($D16="","Add action text","")))) | Q16: =IF($L16=1,$B16&"|"&$O16,"")
C17: =IF(COUNTIFS(Pursuits[Pursuit ID],$B17)<>1,"",INDEX(Pursuits[Opportunity],MATCH($B17,Pursuits[Pursuit ID],0))) | J17: =IF($P17<>"",$P17,IF($A17="","",IF(COUNTIFS(WorkStatuses[Status],$F17)<>1,"Choose a status",IF(INDEX(WorkStatuses[Input check],MATCH($F17,WorkStatuses[Status],0))<>"","Check status settings",_xlfn.TEXTJOIN(CHAR(10),TRUE(),IF(AND(INDEX(WorkStatuses[Complete],MATCH($F17,WorkStatuses[Status],0))=0,$E17=""),"Add due date",""),IF(AND($E17<>"",OR(NOT(ISNUMBER($E17)),$E17<1,$E17>=DATE(2099,1,1))),"Use a valid due date",""),IF(AND(INDEX(WorkStatuses[Complete],MATCH($F17,WorkStatuses[Status],0))=1,$I17=""),"Add completed date",""),IF(AND($I17<>"",OR(NOT(ISNUMBER($I17)),$I17<1,$I17>=DATE(2099,1,1))),"Use a valid completed date",""),IF(AND(INDEX(WorkStatuses[Complete],MATCH($F17,WorkStatuses[Status],0))=0,$I17<>""),"Check status and completed date",""),IF(AND(AND(ISNUMBER(Dashboard!$V$3),Dashboard!$V$3>=1,Dashboard!$V$3<DATE(2099,1,1)),ISNUMBER($I17),$I17>Dashboard!$V$3),"Completed date is in future","")))))) | K17: =IF($P17<>"",0,IF($A17="",0,SUMIFS(Pursuits[Active],Pursuits[Pursuit ID],$B17))) -> 0 | L17: =IF(AND($A17<>"",$P17="",COUNTIFS(WorkStatuses[Status],$F17)=1),IF(INDEX(WorkStatuses[Input check],MATCH($F17,WorkStatuses[Status],0))<>"",0,IF(INDEX(WorkStatuses[Complete],MATCH($F17,WorkStatuses[Status],0))=0,1,0)),0) -> 0 | M17: =IF($L17=0,"",IF(AND(ISNUMBER($E17),$E17>=1,$E17<DATE(2099,1,1)),$E17,DATE(9999,12,31))) | N17: =IF(AND($L17=1,$K17=1),COUNTIFS(Actions[Open action],1,Actions[Active pursuit],1,Actions[Sort date],"<"&$M17)+COUNTIFS(Actions[Open action],1,Actions[Active pursuit],1,Actions[Sort date],$M17,Actions[Action ID],"<"&$A17)+1,"") | O17: =IF($L17<>1,"",COUNTIFS(Actions[Open action],1,Actions[Pursuit ID],$B17,Actions[Sort date],"<"&$M17)+COUNTIFS(Actions[Open action],1,Actions[Pursuit ID],$B17,Actions[Sort date],$M17,Actions[Action ID],"<"&$A17)+1) | P17: =IF($A17="",IF(COUNTA(B17,D17:I17)>0,"Missing action ID",""),IF(COUNTIFS(Actions[Action ID],$A17)>1,"Duplicate action ID",IF(COUNTIFS(Pursuits[Pursuit ID],$B17)<>1,"Pursuit link needs review",IF($D17="","Add action text","")))) | Q17: =IF($L17=1,$B17&"|"&$O17,"")
C18: =IF(COUNTIFS(Pursuits[Pursuit ID],$B18)<>1,"",INDEX(Pursuits[Opportunity],MATCH($B18,Pursuits[Pursuit ID],0))) | J18: =IF($P18<>"",$P18,IF($A18="","",IF(COUNTIFS(WorkStatuses[Status],$F18)<>1,"Choose a status",IF(INDEX(WorkStatuses[Input check],MATCH($F18,WorkStatuses[Status],0))<>"","Check status settings",_xlfn.TEXTJOIN(CHAR(10),TRUE(),IF(AND(INDEX(WorkStatuses[Complete],MATCH($F18,WorkStatuses[Status],0))=0,$E18=""),"Add due date",""),IF(AND($E18<>"",OR(NOT(ISNUMBER($E18)),$E18<1,$E18>=DATE(2099,1,1))),"Use a valid due date",""),IF(AND(INDEX(WorkStatuses[Complete],MATCH($F18,WorkStatuses[Status],0))=1,$I18=""),"Add completed date",""),IF(AND($I18<>"",OR(NOT(ISNUMBER($I18)),$I18<1,$I18>=DATE(2099,1,1))),"Use a valid completed date",""),IF(AND(INDEX(WorkStatuses[Complete],MATCH($F18,WorkStatuses[Status],0))=0,$I18<>""),"Check status and completed date",""),IF(AND(AND(ISNUMBER(Dashboard!$V$3),Dashboard!$V$3>=1,Dashboard!$V$3<DATE(2099,1,1)),ISNUMBER($I18),$I18>Dashboard!$V$3),"Completed date is in future","")))))) | K18: =IF($P18<>"",0,IF($A18="",0,SUMIFS(Pursuits[Active],Pursuits[Pursuit ID],$B18))) -> 0 | L18: =IF(AND($A18<>"",$P18="",COUNTIFS(WorkStatuses[Status],$F18)=1),IF(INDEX(WorkStatuses[Input check],MATCH($F18,WorkStatuses[Status],0))<>"",0,IF(INDEX(WorkStatuses[Complete],MATCH($F18,WorkStatuses[Status],0))=0,1,0)),0) -> 0 | M18: =IF($L18=0,"",IF(AND(ISNUMBER($E18),$E18>=1,$E18<DATE(2099,1,1)),$E18,DATE(9999,12,31))) | N18: =IF(AND($L18=1,$K18=1),COUNTIFS(Actions[Open action],1,Actions[Active pursuit],1,Actions[Sort date],"<"&$M18)+COUNTIFS(Actions[Open action],1,Actions[Active pursuit],1,Actions[Sort date],$M18,Actions[Action ID],"<"&$A18)+1,"") | O18: =IF($L18<>1,"",COUNTIFS(Actions[Open action],1,Actions[Pursuit ID],$B18,Actions[Sort date],"<"&$M18)+COUNTIFS(Actions[Open action],1,Actions[Pursuit ID],$B18,Actions[Sort date],$M18,Actions[Action ID],"<"&$A18)+1) | P18: =IF($A18="",IF(COUNTA(B18,D18:I18)>0,"Missing action ID",""),IF(COUNTIFS(Actions[Action ID],$A18)>1,"Duplicate action ID",IF(COUNTIFS(Pursuits[Pursuit ID],$B18)<>1,"Pursuit link needs review",IF($D18="","Add action text","")))) | Q18: =IF($L18=1,$B18&"|"&$O18,"")
C19: =IF(COUNTIFS(Pursuits[Pursuit ID],$B19)<>1,"",INDEX(Pursuits[Opportunity],MATCH($B19,Pursuits[Pursuit ID],0))) | J19: =IF($P19<>"",$P19,IF($A19="","",IF(COUNTIFS(WorkStatuses[Status],$F19)<>1,"Choose a status",IF(INDEX(WorkStatuses[Input check],MATCH($F19,WorkStatuses[Status],0))<>"","Check status settings",_xlfn.TEXTJOIN(CHAR(10),TRUE(),IF(AND(INDEX(WorkStatuses[Complete],MATCH($F19,WorkStatuses[Status],0))=0,$E19=""),"Add due date",""),IF(AND($E19<>"",OR(NOT(ISNUMBER($E19)),$E19<1,$E19>=DATE(2099,1,1))),"Use a valid due date",""),IF(AND(INDEX(WorkStatuses[Complete],MATCH($F19,WorkStatuses[Status],0))=1,$I19=""),"Add completed date",""),IF(AND($I19<>"",OR(NOT(ISNUMBER($I19)),$I19<1,$I19>=DATE(2099,1,1))),"Use a valid completed date",""),IF(AND(INDEX(WorkStatuses[Complete],MATCH($F19,WorkStatuses[Status],0))=0,$I19<>""),"Check status and completed date",""),IF(AND(AND(ISNUMBER(Dashboard!$V$3),Dashboard!$V$3>=1,Dashboard!$V$3<DATE(2099,1,1)),ISNUMBER($I19),$I19>Dashboard!$V$3),"Completed date is in future","")))))) | K19: =IF($P19<>"",0,IF($A19="",0,SUMIFS(Pursuits[Active],Pursuits[Pursuit ID],$B19))) -> 0 | L19: =IF(AND($A19<>"",$P19="",COUNTIFS(WorkStatuses[Status],$F19)=1),IF(INDEX(WorkStatuses[Input check],MATCH($F19,WorkStatuses[Status],0))<>"",0,IF(INDEX(WorkStatuses[Complete],MATCH($F19,WorkStatuses[Status],0))=0,1,0)),0) -> 0 | M19: =IF($L19=0,"",IF(AND(ISNUMBER($E19),$E19>=1,$E19<DATE(2099,1,1)),$E19,DATE(9999,12,31))) | N19: =IF(AND($L19=1,$K19=1),COUNTIFS(Actions[Open action],1,Actions[Active pursuit],1,Actions[Sort date],"<"&$M19)+COUNTIFS(Actions[Open action],1,Actions[Active pursuit],1,Actions[Sort date],$M19,Actions[Action ID],"<"&$A19)+1,"") | O19: =IF($L19<>1,"",COUNTIFS(Actions[Open action],1,Actions[Pursuit ID],$B19,Actions[Sort date],"<"&$M19)+COUNTIFS(Actions[Open action],1,Actions[Pursuit ID],$B19,Actions[Sort date],$M19,Actions[Action ID],"<"&$A19)+1) | P19: =IF($A19="",IF(COUNTA(B19,D19:I19)>0,"Missing action ID",""),IF(COUNTIFS(Actions[Action ID],$A19)>1,"Duplicate action ID",IF(COUNTIFS(Pursuits[Pursuit ID],$B19)<>1,"Pursuit link needs review",IF($D19="","Add action text","")))) | Q19: =IF($L19=1,$B19&"|"&$O19,"")
... C27: =IF(COUNTIFS(Pursuits[Pursuit ID],$B27)<>1,"",INDEX(Pursuits[Opportunity],MATCH($B27,Pursuits[Pursuit ID],0))) | J27: =IF($P27<>"",$P27,IF($A27="","",IF(COUNTIFS(WorkStatuses[Status],$F27)<>1,"Choose a status",IF(INDEX(WorkStatuses[Input check],MATCH($F27,WorkStatuses[Status],0))<>"","Check status settings",_xlfn.TEXTJOIN(CHAR(10),TRUE(),IF(AND(INDEX(WorkStatuses[Complete],MATCH($F27,WorkStatuses[Status],0))=0,$E27=""),"Add due date",""),IF(AND($E27<>"",OR(NOT(ISNUMBER($E27)),$E27<1,$E27>=DATE(2099,1,1))),"Use a valid due date",""),IF(AND(INDEX(WorkStatuses[Complete],MATCH($F27,WorkStatuses[Status],0))=1,$I27=""),"Add completed date",""),IF(AND($I27<>"",OR(NOT(ISNUMBER($I27)),$I27<1,$I27>=DATE(2099,1,1))),"Use a valid completed date",""),IF(AND(INDEX(WorkStatuses[Complete],MATCH($F27,WorkStatuses[Status],0))=0,$I27<>""),"Check status and completed date",""),IF(AND(AND(ISNUMBER(Dashboard!$V$3),Dashboard!$V$3>=1,Dashboard!$V$3<DATE(2099,1,1)),ISNUMBER($I27),$I27>Dashboard!$V$3),"Completed date is in future","")))))) | K27: =IF($P27<>"",0,IF($A27="",0,SUMIFS(Pursuits[Active],Pursuits[Pursuit ID],$B27))) -> 0 | L27: =IF(AND($A27<>"",$P27="",COUNTIFS(WorkStatuses[Status],$F27)=1),IF(INDEX(WorkStatuses[Input check],MATCH($F27,WorkStatuses[Status],0))<>"",0,IF(INDEX(WorkStatuses[Complete],MATCH($F27,WorkStatuses[Status],0))=0,1,0)),0) -> 0 | M27: =IF($L27=0,"",IF(AND(ISNUMBER($E27),$E27>=1,$E27<DATE(2099,1,1)),$E27,DATE(9999,12,31))) | N27: =IF(AND($L27=1,$K27=1),COUNTIFS(Actions[Open action],1,Actions[Active pursuit],1,Actions[Sort date],"<"&$M27)+COUNTIFS(Actions[Open action],1,Actions[Active pursuit],1,Actions[Sort date],$M27,Actions[Action ID],"<"&$A27)+1,"") | O27: =IF($L27<>1,"",COUNTIFS(Actions[Open action],1,Actions[Pursuit ID],$B27,Actions[Sort date],"<"&$M27)+COUNTIFS(Actions[Open action],1,Actions[Pursuit ID],$B27,Actions[Sort date],$M27,Actions[Action ID],"<"&$A27)+1) | P27: =IF($A27="",IF(COUNTA(B27,D27:I27)>0,"Missing action ID",""),IF(COUNTIFS(Actions[Action ID],$A27)>1,"Duplicate action ID",IF(COUNTIFS(Pursuits[Pursuit ID],$B27)<>1,"Pursuit link needs review",IF($D27="","Add action text","")))) | Q27: =IF($L27=1,$B27&"|"&$O27,"")

Sheet Source Data
A2: Source Data | B2: Source Data
A4: As of | B4: =IF(Dashboard!$V$3="","",Dashboard!$V$3) | C4: Published inputs and source evidence | D4: Published inputs and source evidence | E4: Published inputs and source evidence | F4: Published inputs and source evidence | H4: Settings
A5: Coverage
A7: Source ID | B7: Pursuit ID | C7: Original title | D7: Record type | E7: Solicitation | F7: Agency office | G7: Source status | H7: Response date | I7: Response time | J7: Time zone | K7: Raw deadline | L7: Release period | M7: Award period | N7: Raw award date | O7: Govt value low | P7: Govt value high | Q7: Acquisition route | R7: Location | S7: Source updated | T7: Retrieved | U7: GovTribe URL | V7: Primary URL | W7: Evidence | X7: Source issue | Y7: GovTribe ID | Z7: Input check | AA7: Open source
Z8: =IF($A8="",IF(COUNTA(B8:Y8)>0,"Missing source ID",""),IF(COUNTIFS(Sources[Source ID],$A8)>1,"Duplicate source ID",IF(COUNTIFS(Pursuits[Pursuit ID],$B8)<>1,"Pursuit link needs review",IF(AND($H8<>"",OR(NOT(ISNUMBER($H8)),$H8<1,$H8>=DATE(2099,1,1))),"Use a valid response date","")))) | AA8: =IF(OR($A8="",$U8=""),"",HYPERLINK($U8,"Open GovTribe"))
Z9: =IF($A9="",IF(COUNTA(B9:Y9)>0,"Missing source ID",""),IF(COUNTIFS(Sources[Source ID],$A9)>1,"Duplicate source ID",IF(COUNTIFS(Pursuits[Pursuit ID],$B9)<>1,"Pursuit link needs review",IF(AND($H9<>"",OR(NOT(ISNUMBER($H9)),$H9<1,$H9>=DATE(2099,1,1))),"Use a valid response date","")))) | AA9: =IF(OR($A9="",$U9=""),"",HYPERLINK($U9,"Open GovTribe"))
Z10: =IF($A10="",IF(COUNTA(B10:Y10)>0,"Missing source ID",""),IF(COUNTIFS(Sources[Source ID],$A10)>1,"Duplicate source ID",IF(COUNTIFS(Pursuits[Pursuit ID],$B10)<>1,"Pursuit link needs review",IF(AND($H10<>"",OR(NOT(ISNUMBER($H10)),$H10<1,$H10>=DATE(2099,1,1))),"Use a valid response date","")))) | AA10: =IF(OR($A10="",$U10=""),"",HYPERLINK($U10,"Open GovTribe"))
Z11: =IF($A11="",IF(COUNTA(B11:Y11)>0,"Missing source ID",""),IF(COUNTIFS(Sources[Source ID],$A11)>1,"Duplicate source ID",IF(COUNTIFS(Pursuits[Pursuit ID],$B11)<>1,"Pursuit link needs review",IF(AND($H11<>"",OR(NOT(ISNUMBER($H11)),$H11<1,$H11>=DATE(2099,1,1))),"Use a valid response date","")))) | AA11: =IF(OR($A11="",$U11=""),"",HYPERLINK($U11,"Open GovTribe"))
Z12: =IF($A12="",IF(COUNTA(B12:Y12)>0,"Missing source ID",""),IF(COUNTIFS(Sources[Source ID],$A12)>1,"Duplicate source ID",IF(COUNTIFS(Pursuits[Pursuit ID],$B12)<>1,"Pursuit link needs review",IF(AND($H12<>"",OR(NOT(ISNUMBER($H12)),$H12<1,$H12>=DATE(2099,1,1))),"Use a valid response date","")))) | AA12: =IF(OR($A12="",$U12=""),"",HYPERLINK($U12,"Open GovTribe"))
Z13: =IF($A13="",IF(COUNTA(B13:Y13)>0,"Missing source ID",""),IF(COUNTIFS(Sources[Source ID],$A13)>1,"Duplicate source ID",IF(COUNTIFS(Pursuits[Pursuit ID],$B13)<>1,"Pursuit link needs review",IF(AND($H13<>"",OR(NOT(ISNUMBER($H13)),$H13<1,$H13>=DATE(2099,1,1))),"Use a valid response date","")))) | AA13: =IF(OR($A13="",$U13=""),"",HYPERLINK($U13,"Open GovTribe"))
Z14: =IF($A14="",IF(COUNTA(B14:Y14)>0,"Missing source ID",""),IF(COUNTIFS(Sources[Source ID],$A14)>1,"Duplicate source ID",IF(COUNTIFS(Pursuits[Pursuit ID],$B14)<>1,"Pursuit link needs review",IF(AND($H14<>"",OR(NOT(ISNUMBER($H14)),$H14<1,$H14>=DATE(2099,1,1))),"Use a valid response date","")))) | AA14: =IF(OR($A14="",$U14=""),"",HYPERLINK($U14,"Open GovTribe"))
Z15: =IF($A15="",IF(COUNTA(B15:Y15)>0,"Missing source ID",""),IF(COUNTIFS(Sources[Source ID],$A15)>1,"Duplicate source ID",IF(COUNTIFS(Pursuits[Pursuit ID],$B15)<>1,"Pursuit link needs review",IF(AND($H15<>"",OR(NOT(ISNUMBER($H15)),$H15<1,$H15>=DATE(2099,1,1))),"Use a valid response date","")))) | AA15: =IF(OR($A15="",$U15=""),"",HYPERLINK($U15,"Open GovTribe"))
Z16: =IF($A16="",IF(COUNTA(B16:Y16)>0,"Missing source ID",""),IF(COUNTIFS(Sources[Source ID],$A16)>1,"Duplicate source ID",IF(COUNTIFS(Pursuits[Pursuit ID],$B16)<>1,"Pursuit link needs review",IF(AND($H16<>"",OR(NOT(ISNUMBER($H16)),$H16<1,$H16>=DATE(2099,1,1))),"Use a valid response date","")))) | AA16: =IF(OR($A16="",$U16=""),"",HYPERLINK($U16,"Open GovTribe"))
Z17: =IF($A17="",IF(COUNTA(B17:Y17)>0,"Missing source ID",""),IF(COUNTIFS(Sources[Source ID],$A17)>1,"Duplicate source ID",IF(COUNTIFS(Pursuits[Pursuit ID],$B17)<>1,"Pursuit link needs review",IF(AND($H17<>"",OR(NOT(ISNUMBER($H17)),$H17<1,$H17>=DATE(2099,1,1))),"Use a valid response date","")))) | AA17: =IF(OR($A17="",$U17=""),"",HYPERLINK($U17,"Open GovTribe"))
Z18: =IF($A18="",IF(COUNTA(B18:Y18)>0,"Missing source ID",""),IF(COUNTIFS(Sources[Source ID],$A18)>1,"Duplicate source ID",IF(COUNTIFS(Pursuits[Pursuit ID],$B18)<>1,"Pursuit link needs review",IF(AND($H18<>"",OR(NOT(ISNUMBER($H18)),$H18<1,$H18>=DATE(2099,1,1))),"Use a valid response date","")))) | AA18: =IF(OR($A18="",$U18=""),"",HYPERLINK($U18,"Open GovTribe"))
Z19: =IF($A19="",IF(COUNTA(B19:Y19)>0,"Missing source ID",""),IF(COUNTIFS(Sources[Source ID],$A19)>1,"Duplicate source ID",IF(COUNTIFS(Pursuits[Pursuit ID],$B19)<>1,"Pursuit link needs review",IF(AND($H19<>"",OR(NOT(ISNUMBER($H19)),$H19<1,$H19>=DATE(2099,1,1))),"Use a valid response date","")))) | AA19: =IF(OR($A19="",$U19=""),"",HYPERLINK($U19,"Open GovTribe"))
... Z27: =IF($A27="",IF(COUNTA(B27:Y27)>0,"Missing source ID",""),IF(COUNTIFS(Sources[Source ID],$A27)>1,"Duplicate source ID",IF(COUNTIFS(Pursuits[Pursuit ID],$B27)<>1,"Pursuit link needs review",IF(AND($H27<>"",OR(NOT(ISNUMBER($H27)),$H27<1,$H27>=DATE(2099,1,1))),"Use a valid response date","")))) | AA27: =IF(OR($A27="",$U27=""),"",HYPERLINK($U27,"Open GovTribe"))
AD34: Settings
AD36: Review interval (days) | AE36: 14
AD39: Stage | AE39: Active | AF39: Input check | AG39: Active: 1 includes the stage in open-pursuit totals. Use 0 for Won, Lost and Abandoned. | AH39: Active: 1 includes the stage in open-pursuit totals. Use 0 for Won, Lost and Abandoned. | AI39: Active: 1 includes the stage in open-pursuit totals. Use 0 for Won, Lost and Abandoned. | AJ39: Active: 1 includes the stage in open-pursuit totals. Use 0 for Won, Lost and Abandoned.
AD40: Identified | AE40: 1 | AF40: =IF(AD40="","Add a stage label",IF(COUNTIFS(StageMap[Stage],AD40)<>1,"Use a unique label",IF(OR(COUNT(AE40)<>1,AND(AE40<>0,AE40<>1)),"Use 0 or 1",""))) | AG40: Active: 1 includes the stage in open-pursuit totals. Use 0 for Won, Lost and Abandoned. | AH40: Active: 1 includes the stage in open-pursuit totals. Use 0 for Won, Lost and Abandoned. | AI40: Active: 1 includes the stage in open-pursuit totals. Use 0 for Won, Lost and Abandoned. | AJ40: Active: 1 includes the stage in open-pursuit totals. Use 0 for Won, Lost and Abandoned.
AD41: Qualifying | AE41: 1 | AF41: =IF(AD41="","Add a stage label",IF(COUNTIFS(StageMap[Stage],AD41)<>1,"Use a unique label",IF(OR(COUNT(AE41)<>1,AND(AE41<>0,AE41<>1)),"Use 0 or 1",""))) | AG41: Active: 1 includes the stage in open-pursuit totals. Use 0 for Won, Lost and Abandoned. | AH41: Active: 1 includes the stage in open-pursuit totals. Use 0 for Won, Lost and Abandoned. | AI41: Active: 1 includes the stage in open-pursuit totals. Use 0 for Won, Lost and Abandoned. | AJ41: Active: 1 includes the stage in open-pursuit totals. Use 0 for Won, Lost and Abandoned.
AD42: Pursuing | AE42: 1 | AF42: =IF(AD42="","Add a stage label",IF(COUNTIFS(StageMap[Stage],AD42)<>1,"Use a unique label",IF(OR(COUNT(AE42)<>1,AND(AE42<>0,AE42<>1)),"Use 0 or 1","")))
AD43: Preparing response | AE43: 1 | AF43: =IF(AD43="","Add a stage label",IF(COUNTIFS(StageMap[Stage],AD43)<>1,"Use a unique label",IF(OR(COUNT(AE43)<>1,AND(AE43<>0,AE43<>1)),"Use 0 or 1","")))
AD44: Submitted | AE44: 1 | AF44: =IF(AD44="","Add a stage label",IF(COUNTIFS(StageMap[Stage],AD44)<>1,"Use a unique label",IF(OR(COUNT(AE44)<>1,AND(AE44<>0,AE44<>1)),"Use 0 or 1","")))
AD45: Won | AE45: 0 | AF45: =IF(AD45="","Add a stage label",IF(COUNTIFS(StageMap[Stage],AD45)<>1,"Use a unique label",IF(OR(COUNT(AE45)<>1,AND(AE45<>0,AE45<>1)),"Use 0 or 1","")))
AD46: Lost | AE46: 0 | AF46: =IF(AD46="","Add a stage label",IF(COUNTIFS(StageMap[Stage],AD46)<>1,"Use a unique label",IF(OR(COUNT(AE46)<>1,AND(AE46<>0,AE46<>1)),"Use 0 or 1","")))
AD47: Abandoned | AE47: 0 | AF47: =IF(AD47="","Add a stage label",IF(COUNTIFS(StageMap[Stage],AD47)<>1,"Use a unique label",IF(OR(COUNT(AE47)<>1,AND(AE47<>0,AE47<>1)),"Use 0 or 1","")))
AD50: Status | AE50: Complete | AF50: Input check | AG50: Complete: 1 closes the action. Use 0 for work still open. Labels can be renamed. | AH50: Complete: 1 closes the action. Use 0 for work still open. Labels can be renamed. | AI50: Complete: 1 closes the action. Use 0 for work still open. Labels can be renamed. | AJ50: Complete: 1 closes the action. Use 0 for work still open. Labels can be renamed.
AD51: Not started | AE51: 0 | AF51: =IF(AD51="","Add a status label",IF(COUNTIFS(WorkStatuses[Status],AD51)<>1,"Use a unique label",IF(OR(COUNT(AE51)<>1,AND(AE51<>0,AE51<>1)),"Use 0 or 1",""))) | AG51: Complete: 1 closes the action. Use 0 for work still open. Labels can be renamed. | AH51: Complete: 1 closes the action. Use 0 for work still open. Labels can be renamed. | AI51: Complete: 1 closes the action. Use 0 for work still open. Labels can be renamed. | AJ51: Complete: 1 closes the action. Use 0 for work still open. Labels can be renamed.
AD52: In progress | AE52: 0 | AF52: =IF(AD52="","Add a status label",IF(COUNTIFS(WorkStatuses[Status],AD52)<>1,"Use a unique label",IF(OR(COUNT(AE52)<>1,AND(AE52<>0,AE52<>1)),"Use 0 or 1",""))) | AG52: Complete: 1 closes the action. Use 0 for work still open. Labels can be renamed. | AH52: Complete: 1 closes the action. Use 0 for work still open. Labels can be renamed. | AI52: Complete: 1 closes the action. Use 0 for work still open. Labels can be renamed. | AJ52: Complete: 1 closes the action. Use 0 for work still open. Labels can be renamed.
AD53: In review | AE53: 0 | AF53: =IF(AD53="","Add a status label",IF(COUNTIFS(WorkStatuses[Status],AD53)<>1,"Use a unique label",IF(OR(COUNT(AE53)<>1,AND(AE53<>0,AE53<>1)),"Use 0 or 1",""))) | AG53: Complete: 1 closes the action. Use 0 for work still open. Labels can be renamed. | AH53: Complete: 1 closes the action. Use 0 for work still open. Labels can be renamed. | AI53: Complete: 1 closes the action. Use 0 for work still open. Labels can be renamed. | AJ53: Complete: 1 closes the action. Use 0 for work still open. Labels can be renamed.
AD54: Complete | AE54: 1 | AF54: =IF(AD54="","Add a status label",IF(COUNTIFS(WorkStatuses[Status],AD54)<>1,"Use a unique label",IF(OR(COUNT(AE54)<>1,AND(AE54<>0,AE54<>1)),"Use 0 or 1","")))
AD56: Update the As of date on Dashboard before reviewing. The 30-day window includes that date. | AE56: Update the As of date on Dashboard before reviewing. The 30-day window includes that date. | AF56: Update the As of date on Dashboard before reviewing. The 30-day window includes that date. | AG56: Update the As of date on Dashboard before reviewing. The 30-day window includes that date. | AH56: Update the As of date on Dashboard before reviewing. The 30-day window includes that date. | AI56: Update the As of date on Dashboard before reviewing. The 30-day window includes that date. | AJ56: Update the As of date on Dashboard before reviewing. The 30-day window includes that date.
AD57: Update the As of date on Dashboard before reviewing. The 30-day window includes that date. | AE57: Update the As of date on Dashboard before reviewing. The 30-day window includes that date. | AF57: Update the As of date on Dashboard before reviewing. The 30-day window includes that date. | AG57: Update the As of date on Dashboard before reviewing. The 30-day window includes that date. | AH57: Update the As of date on Dashboard before reviewing. The 30-day window includes that date. | AI57: Update the As of date on Dashboard before reviewing. The 30-day window includes that date. | AJ57: Update the As of date on Dashboard before reviewing. The 30-day window includes that date.
AD59: Refresh source rows by Source ID. Keep pursuit IDs, stages, company estimates and Actions intact. Source changed stays visible until reviewed. | AE59: Refresh source rows by Source ID. Keep pursuit IDs, stages, company estimates and Actions intact. Source changed stays visible until reviewed. | AF59: Refresh source rows by Source ID. Keep pursuit IDs, stages, company estimates and Actions intact. Source changed stays visible until reviewed. | AG59: Refresh source rows by Source ID. Keep pursuit IDs, stages, company estimates and Actions intact. Source changed stays visible until reviewed. | AH59: Refresh source rows by Source ID. Keep pursuit IDs, stages, company estimates and Actions intact. Source changed stays visible until reviewed. | AI59: Refresh source rows by Source ID. Keep pursuit IDs, stages, company estimates and Actions intact. Source changed stays visible until reviewed. | AJ59: Refresh source rows by Source ID. Keep pursuit IDs, stages, company estimates and Actions intact. Source changed stays visible until reviewed.
AD60: Refresh source rows by Source ID. Keep pursuit IDs, stages, company estimates and Actions intact. Source changed stays visible until reviewed. | AE60: Refresh source rows by Source ID. Keep pursuit IDs, stages, company estimates and Actions intact. Source changed stays visible until reviewed. | AF60: Refresh source rows by Source ID. Keep pursuit IDs, stages, company estimates and Actions intact. Source changed stays visible until reviewed. | AG60: Refresh source rows by Source ID. Keep pursuit IDs, stages, company estimates and Actions intact. Source changed stays visible until reviewed. | AH60: Refresh source rows by Source ID. Keep pursuit IDs, stages, company estimates and Actions intact. Source changed stays visible until reviewed. | AI60: Refresh source rows by Source ID. Keep pursuit IDs, stages, company estimates and Actions intact. Source changed stays visible until reviewed. | AJ60: Refresh source rows by Source ID. Keep pursuit IDs, stages, company estimates and Actions intact. Source changed stays visible until reviewed.
AD61: Refresh source rows by Source ID. Keep pursuit IDs, stages, company estimates and Actions intact. Source changed stays visible until reviewed. | AE61: Refresh source rows by Source ID. Keep pursuit IDs, stages, company estimates and Actions intact. Source changed stays visible until reviewed. | AF61: Refresh source rows by Source ID. Keep pursuit IDs, stages, company estimates and Actions intact. Source changed stays visible until reviewed. | AG61: Refresh source rows by Source ID. Keep pursuit IDs, stages, company estimates and Actions intact. Source changed stays visible until reviewed. | AH61: Refresh source rows by Source ID. Keep pursuit IDs, stages, company estimates and Actions intact. Source changed stays visible until reviewed. | AI61: Refresh source rows by Source ID. Keep pursuit IDs, stages, company estimates and Actions intact. Source changed stays visible until reviewed. | AJ61: Refresh source rows by Source ID. Keep pursuit IDs, stages, company estimates and Actions intact. Source changed stays visible until reviewed.
AD63: After reviewing a source change, update Last reviewed and copy Source updated into Reviewed source version. Add rows inside the Excel table. | AE63: After reviewing a source change, update Last reviewed and copy Source updated into Reviewed source version. Add rows inside the Excel table. | AF63: After reviewing a source change, update Last reviewed and copy Source updated into Reviewed source version. Add rows inside the Excel table. | AG63: After reviewing a source change, update Last reviewed and copy Source updated into Reviewed source version. Add rows inside the Excel table. | AH63: After reviewing a source change, update Last reviewed and copy Source updated into Reviewed source version. Add rows inside the Excel table. | AI63: After reviewing a source change, update Last reviewed and copy Source updated into Reviewed source version. Add rows inside the Excel table. | AJ63: After reviewing a source change, update Last reviewed and copy Source updated into Reviewed source version. Add rows inside the Excel table.
AD64: After reviewing a source change, update Last reviewed and copy Source updated into Reviewed source version. Add rows inside the Excel table. | AE64: After reviewing a source change, update Last reviewed and copy Source updated into Reviewed source version. Add rows inside the Excel table. | AF64: After reviewing a source change, update Last reviewed and copy Source updated into Reviewed source version. Add rows inside the Excel table. | AG64: After reviewing a source change, update Last reviewed and copy Source updated into Reviewed source version. Add rows inside the Excel table. | AH64: After reviewing a source change, update Last reviewed and copy Source updated into Reviewed source version. Add rows inside the Excel table. | AI64: After reviewing a source change, update Last reviewed and copy Source updated into Reviewed source version. Add rows inside the Excel table. | AJ64: After reviewing a source change, update Last reviewed and copy Source updated into Reviewed source version. Add rows inside the Excel table.
AD65: After reviewing a source change, update Last reviewed and copy Source updated into Reviewed source version. Add rows inside the Excel table. | AE65: After reviewing a source change, update Last reviewed and copy Source updated into Reviewed source version. Add rows inside the Excel table. | AF65: After reviewing a source change, update Last reviewed and copy Source updated into Reviewed source version. Add rows inside the Excel table. | AG65: After reviewing a source change, update Last reviewed and copy Source updated into Reviewed source version. Add rows inside the Excel table. | AH65: After reviewing a source change, update Last reviewed and copy Source updated into Reviewed source version. Add rows inside the Excel table. | AI65: After reviewing a source change, update Last reviewed and copy Source updated into Reviewed source version. Add rows inside the Excel table. | AJ65: After reviewing a source change, update Last reviewed and copy Source updated into Reviewed source version. Add rows inside the Excel table.
AD67: After adding rows, expand the print area to the last populated row before exporting PDF. Keep repeated headers and IDs. Input validation is prepared through row 5007. | AE67: After adding rows, expand the print area to the last populated row before exporting PDF. Keep repeated headers and IDs. Input validation is prepared through row 5007. | AF67: After adding rows, expand the print area to the last populated row before exporting PDF. Keep repeated headers and IDs. Input validation is prepared through row 5007. | AG67: After adding rows, expand the print area to the last populated row before exporting PDF. Keep repeated headers and IDs. Input validation is prepared through row 5007. | AH67: After adding rows, expand the print area to the last populated row before exporting PDF. Keep repeated headers and IDs. Input validation is prepared through row 5007. | AI67: After adding rows, expand the print area to the last populated row before exporting PDF. Keep repeated headers and IDs. Input validation is prepared through row 5007. | AJ67: After adding rows, expand the print area to the last populated row before exporting PDF. Keep repeated headers and IDs. Input validation is prepared through row 5007.
AD68: After adding rows, expand the print area to the last populated row before exporting PDF. Keep repeated headers and IDs. Input validation is prepared through row 5007. | AE68: After adding rows, expand the print area to the last populated row before exporting PDF. Keep repeated headers and IDs. Input validation is prepared through row 5007. | AF68: After adding rows, expand the print area to the last populated row before exporting PDF. Keep repeated headers and IDs. Input validation is prepared through row 5007. | AG68: After adding rows, expand the print area to the last populated row before exporting PDF. Keep repeated headers and IDs. Input validation is prepared through row 5007. | AH68: After adding rows, expand the print area to the last populated row before exporting PDF. Keep repeated headers and IDs. Input validation is prepared through row 5007. | AI68: After adding rows, expand the print area to the last populated row before exporting PDF. Keep repeated headers and IDs. Input validation is prepared through row 5007. | AJ68: After adding rows, expand the print area to the last populated row before exporting PDF. Keep repeated headers and IDs. Input validation is prepared through row 5007.
AD69: After adding rows, expand the print area to the last populated row before exporting PDF. Keep repeated headers and IDs. Input validation is prepared through row 5007. | AE69: After adding rows, expand the print area to the last populated row before exporting PDF. Keep repeated headers and IDs. Input validation is prepared through row 5007. | AF69: After adding rows, expand the print area to the last populated row before exporting PDF. Keep repeated headers and IDs. Input validation is prepared through row 5007. | AG69: After adding rows, expand the print area to the last populated row before exporting PDF. Keep repeated headers and IDs. Input validation is prepared through row 5007. | AH69: After adding rows, expand the print area to the last populated row before exporting PDF. Keep repeated headers and IDs. Input validation is prepared through row 5007. | AI69: After adding rows, expand the print area to the last populated row before exporting PDF. Keep repeated headers and IDs. Input validation is prepared through row 5007. | AJ69: After adding rows, expand the print area to the last populated row before exporting PDF. Keep repeated headers and IDs. Input validation is prepared through row 5007.
