Workbook

Sheet Overview
B2: System / program research | R2: Logo here
B4: =IF('System Profile'!B6="","Agency",'System Profile'!B6) -> Agency | P4: =IF('System Profile'!B7="","As-of date needed",TEXT('System Profile'!B7,"mmm d, yyyy")) -> As-of date needed
B6: =IF('System Profile'!B9="","Start with the System Profile, then add contracts, funding and dated evidence.",'System Profile'!B9) -> Start with the System Profile, then add contracts, funding and dated evidence.
B9: Reviewed awards | I9: In-scope obligations | P9: Open questions
B10: =IF(NOT('System Profile'!B5<>""),"—",COUNTIF(ContractData[ID],"?*")) -> — | I10: =IF(NOT('System Profile'!B5<>""),"—",IF(COUNTIF(ContractData[Input check],"?*")>0,"Check inputs",IF(COUNTIF(ContractData[Relevance],"In scope")=0,"Not established",SUMIF(ContractData[Relevance],"In scope",ContractData[Obligations (USD)])/1000000))) -> — | P10: =IF(NOT('System Profile'!B5<>""),"—",IF(COUNTIF(QuestionData[Input check],"?*")>0,"Check inputs",COUNTIF(QuestionData[ID],"?*")-COUNTIFS(QuestionData[Status],"Resolved",QuestionData[Resolution evidence],"?*",QuestionData[Source],"?*"))) -> —
B13: Program-linked records in the selected issue-date window | I13: Analyst-confirmed system scope; cumulative award obligations | P13: See the Research Log for next steps
B16: Current phase
B17: =IF('System Profile'!B8="","Enter the current phase and its supporting source.",'System Profile'!B8) -> Enter the current phase and its supporting source.
B20: Current position | W20: Takeaway source IDs
T21: =IF(W21="","",IF(IF(W21="","Add source ID",IF(SUMPRODUCT(--(SourceData[ID]=W21))<>1,"Unknown or duplicate source ID",IF(INDEX(SourceData[Input check],MATCH(W21,SourceData[ID],0))<>"","Complete source record","")))<>"","Check source",HYPERLINK(INDEX(SourceData[Source URL],MATCH(W21,SourceData[ID],0)),W21)))
B25: Access and timing
T26: =IF(W26="","",IF(IF(W26="","Add source ID",IF(SUMPRODUCT(--(SourceData[ID]=W26))<>1,"Unknown or duplicate source ID",IF(INDEX(SourceData[Input check],MATCH(W26,SourceData[ID],0))<>"","Complete source record","")))<>"","Check source",HYPERLINK(INDEX(SourceData[Source URL],MATCH(W26,SourceData[ID],0)),W26)))
B30: What needs confirmation
T31: =IF(W31="","",IF(IF(W31="","Add source ID",IF(SUMPRODUCT(--(SourceData[ID]=W31))<>1,"Unknown or duplicate source ID",IF(INDEX(SourceData[Input check],MATCH(W31,SourceData[ID],0))<>"","Complete source record","")))<>"","Check source",HYPERLINK(INDEX(SourceData[Source URL],MATCH(W31,SourceData[ID],0)),W31)))
B36: Identified funding (USD millions)
B37: =IF(Funding!C5="","Period 1","FY"&Funding!C5&" "&Funding!C6) -> Period 1 | I37: =IF(Funding!D5="","Period 2","FY"&Funding!D5&" "&Funding!D6) -> Period 2 | P37: =IF(Funding!E5="","Period 3","FY"&Funding!E5&" "&Funding!E6) -> Period 3
B38: =IF(Funding!C15="","—",Funding!C15) -> — | I38: =IF(Funding!D15="","—",Funding!D15) -> — | P38: =IF(Funding!E15="","—",Funding!E15) -> —
B41: =IF(Funding!A4="","Add source amounts and funding bases on the Funding tab.",Funding!A4&". Amounts reflect only the entered budget lines.") -> Enter fiscal years, funding bases and source amounts below.. Amounts reflect only the entered budget lines.

Sheet System Profile
A2: System profile
A4: Program
A5: System
A6: Agency
A7: As of | C7: Program ID
A8: Phase
A9: Scope
A12: Awards issued from | D12: through
A13: Blue: editable inputs. Gray: calculations. Source links open the supporting record.
A14: ID | B14: Topic | C14: Detail | D14: Basis | E14: Source | F14: Location | G14: Source URL | H14: Source ID
B15: Program and system | E15: =IF(H15="","",IF(IF(H15="","Add source ID",IF(SUMPRODUCT(--(SourceData[ID]=H15))<>1,"Unknown or duplicate source ID",IF(INDEX(SourceData[Input check],MATCH(H15,SourceData[ID],0))<>"","Complete source record","")))<>"","Check source",HYPERLINK(INDEX(SourceData[Source URL],MATCH(H15,SourceData[ID],0)),H15))) | G15: =IF(H15="","",IF(IF(H15="","Add source ID",IF(SUMPRODUCT(--(SourceData[ID]=H15))<>1,"Unknown or duplicate source ID",IF(INDEX(SourceData[Input check],MATCH(H15,SourceData[ID],0))<>"","Complete source record","")))<>"","Check source",INDEX(SourceData[Source URL],MATCH(H15,SourceData[ID],0))))
B16: Mission | E16: =IF(H16="","",IF(IF(H16="","Add source ID",IF(SUMPRODUCT(--(SourceData[ID]=H16))<>1,"Unknown or duplicate source ID",IF(INDEX(SourceData[Input check],MATCH(H16,SourceData[ID],0))<>"","Complete source record","")))<>"","Check source",HYPERLINK(INDEX(SourceData[Source URL],MATCH(H16,SourceData[ID],0)),H16))) | G16: =IF(H16="","",IF(IF(H16="","Add source ID",IF(SUMPRODUCT(--(SourceData[ID]=H16))<>1,"Unknown or duplicate source ID",IF(INDEX(SourceData[Input check],MATCH(H16,SourceData[ID],0))<>"","Complete source record","")))<>"","Check source",INDEX(SourceData[Source URL],MATCH(H16,SourceData[ID],0))))
B17: Managing agency | E17: =IF(H17="","",IF(IF(H17="","Add source ID",IF(SUMPRODUCT(--(SourceData[ID]=H17))<>1,"Unknown or duplicate source ID",IF(INDEX(SourceData[Input check],MATCH(H17,SourceData[ID],0))<>"","Complete source record","")))<>"","Check source",HYPERLINK(INDEX(SourceData[Source URL],MATCH(H17,SourceData[ID],0)),H17))) | G17: =IF(H17="","",IF(IF(H17="","Add source ID",IF(SUMPRODUCT(--(SourceData[ID]=H17))<>1,"Unknown or duplicate source ID",IF(INDEX(SourceData[Input check],MATCH(H17,SourceData[ID],0))<>"","Complete source record","")))<>"","Check source",INDEX(SourceData[Source URL],MATCH(H17,SourceData[ID],0))))
B18: Program office | E18: =IF(H18="","",IF(IF(H18="","Add source ID",IF(SUMPRODUCT(--(SourceData[ID]=H18))<>1,"Unknown or duplicate source ID",IF(INDEX(SourceData[Input check],MATCH(H18,SourceData[ID],0))<>"","Complete source record","")))<>"","Check source",HYPERLINK(INDEX(SourceData[Source URL],MATCH(H18,SourceData[ID],0)),H18))) | G18: =IF(H18="","",IF(IF(H18="","Add source ID",IF(SUMPRODUCT(--(SourceData[ID]=H18))<>1,"Unknown or duplicate source ID",IF(INDEX(SourceData[Input check],MATCH(H18,SourceData[ID],0))<>"","Complete source record","")))<>"","Check source",INDEX(SourceData[Source URL],MATCH(H18,SourceData[ID],0))))
B19: Users and setting | E19: =IF(H19="","",IF(IF(H19="","Add source ID",IF(SUMPRODUCT(--(SourceData[ID]=H19))<>1,"Unknown or duplicate source ID",IF(INDEX(SourceData[Input check],MATCH(H19,SourceData[ID],0))<>"","Complete source record","")))<>"","Check source",HYPERLINK(INDEX(SourceData[Source URL],MATCH(H19,SourceData[ID],0)),H19))) | G19: =IF(H19="","",IF(IF(H19="","Add source ID",IF(SUMPRODUCT(--(SourceData[ID]=H19))<>1,"Unknown or duplicate source ID",IF(INDEX(SourceData[Input check],MATCH(H19,SourceData[ID],0))<>"","Complete source record","")))<>"","Check source",INDEX(SourceData[Source URL],MATCH(H19,SourceData[ID],0))))
B20: Current phase | E20: =IF(H20="","",IF(IF(H20="","Add source ID",IF(SUMPRODUCT(--(SourceData[ID]=H20))<>1,"Unknown or duplicate source ID",IF(INDEX(SourceData[Input check],MATCH(H20,SourceData[ID],0))<>"","Complete source record","")))<>"","Check source",HYPERLINK(INDEX(SourceData[Source URL],MATCH(H20,SourceData[ID],0)),H20))) | G20: =IF(H20="","",IF(IF(H20="","Add source ID",IF(SUMPRODUCT(--(SourceData[ID]=H20))<>1,"Unknown or duplicate source ID",IF(INDEX(SourceData[Input check],MATCH(H20,SourceData[ID],0))<>"","Complete source record","")))<>"","Check source",INDEX(SourceData[Source URL],MATCH(H20,SourceData[ID],0))))
B21: Supported functions | E21: =IF(H21="","",IF(IF(H21="","Add source ID",IF(SUMPRODUCT(--(SourceData[ID]=H21))<>1,"Unknown or duplicate source ID",IF(INDEX(SourceData[Input check],MATCH(H21,SourceData[ID],0))<>"","Complete source record","")))<>"","Check source",HYPERLINK(INDEX(SourceData[Source URL],MATCH(H21,SourceData[ID],0)),H21))) | G21: =IF(H21="","",IF(IF(H21="","Add source ID",IF(SUMPRODUCT(--(SourceData[ID]=H21))<>1,"Unknown or duplicate source ID",IF(INDEX(SourceData[Input check],MATCH(H21,SourceData[ID],0))<>"","Complete source record","")))<>"","Check source",INDEX(SourceData[Source URL],MATCH(H21,SourceData[ID],0))))
B22: Architecture | E22: =IF(H22="","",IF(IF(H22="","Add source ID",IF(SUMPRODUCT(--(SourceData[ID]=H22))<>1,"Unknown or duplicate source ID",IF(INDEX(SourceData[Input check],MATCH(H22,SourceData[ID],0))<>"","Complete source record","")))<>"","Check source",HYPERLINK(INDEX(SourceData[Source URL],MATCH(H22,SourceData[ID],0)),H22))) | G22: =IF(H22="","",IF(IF(H22="","Add source ID",IF(SUMPRODUCT(--(SourceData[ID]=H22))<>1,"Unknown or duplicate source ID",IF(INDEX(SourceData[Input check],MATCH(H22,SourceData[ID],0))<>"","Complete source record","")))<>"","Check source",INDEX(SourceData[Source URL],MATCH(H22,SourceData[ID],0))))
B23: Related systems | E23: =IF(H23="","",IF(IF(H23="","Add source ID",IF(SUMPRODUCT(--(SourceData[ID]=H23))<>1,"Unknown or duplicate source ID",IF(INDEX(SourceData[Input check],MATCH(H23,SourceData[ID],0))<>"","Complete source record","")))<>"","Check source",HYPERLINK(INDEX(SourceData[Source URL],MATCH(H23,SourceData[ID],0)),H23))) | G23: =IF(H23="","",IF(IF(H23="","Add source ID",IF(SUMPRODUCT(--(SourceData[ID]=H23))<>1,"Unknown or duplicate source ID",IF(INDEX(SourceData[Input check],MATCH(H23,SourceData[ID],0))<>"","Complete source record","")))<>"","Check source",INDEX(SourceData[Source URL],MATCH(H23,SourceData[ID],0))))
B24: Recent changes | E24: =IF(H24="","",IF(IF(H24="","Add source ID",IF(SUMPRODUCT(--(SourceData[ID]=H24))<>1,"Unknown or duplicate source ID",IF(INDEX(SourceData[Input check],MATCH(H24,SourceData[ID],0))<>"","Complete source record","")))<>"","Check source",HYPERLINK(INDEX(SourceData[Source URL],MATCH(H24,SourceData[ID],0)),H24))) | G24: =IF(H24="","",IF(IF(H24="","Add source ID",IF(SUMPRODUCT(--(SourceData[ID]=H24))<>1,"Unknown or duplicate source ID",IF(INDEX(SourceData[Input check],MATCH(H24,SourceData[ID],0))<>"","Complete source record","")))<>"","Check source",INDEX(SourceData[Source URL],MATCH(H24,SourceData[ID],0))))
B25: Contracting route | E25: =IF(H25="","",IF(IF(H25="","Add source ID",IF(SUMPRODUCT(--(SourceData[ID]=H25))<>1,"Unknown or duplicate source ID",IF(INDEX(SourceData[Input check],MATCH(H25,SourceData[ID],0))<>"","Complete source record","")))<>"","Check source",HYPERLINK(INDEX(SourceData[Source URL],MATCH(H25,SourceData[ID],0)),H25))) | G25: =IF(H25="","",IF(IF(H25="","Add source ID",IF(SUMPRODUCT(--(SourceData[ID]=H25))<>1,"Unknown or duplicate source ID",IF(INDEX(SourceData[Input check],MATCH(H25,SourceData[ID],0))<>"","Complete source record","")))<>"","Check source",INDEX(SourceData[Source URL],MATCH(H25,SourceData[ID],0))))
B26: Current follow-on route | E26: =IF(H26="","",IF(IF(H26="","Add source ID",IF(SUMPRODUCT(--(SourceData[ID]=H26))<>1,"Unknown or duplicate source ID",IF(INDEX(SourceData[Input check],MATCH(H26,SourceData[ID],0))<>"","Complete source record","")))<>"","Check source",HYPERLINK(INDEX(SourceData[Source URL],MATCH(H26,SourceData[ID],0)),H26))) | G26: =IF(H26="","",IF(IF(H26="","Add source ID",IF(SUMPRODUCT(--(SourceData[ID]=H26))<>1,"Unknown or duplicate source ID",IF(INDEX(SourceData[Input check],MATCH(H26,SourceData[ID],0))<>"","Complete source record","")))<>"","Check source",INDEX(SourceData[Source URL],MATCH(H26,SourceData[ID],0))))
... B28: Market implication | E28: =IF(H28="","",IF(IF(H28="","Add source ID",IF(SUMPRODUCT(--(SourceData[ID]=H28))<>1,"Unknown or duplicate source ID",IF(INDEX(SourceData[Input check],MATCH(H28,SourceData[ID],0))<>"","Complete source record","")))<>"","Check source",HYPERLINK(INDEX(SourceData[Source URL],MATCH(H28,SourceData[ID],0)),H28))) | G28: =IF(H28="","",IF(IF(H28="","Add source ID",IF(SUMPRODUCT(--(SourceData[ID]=H28))<>1,"Unknown or duplicate source ID",IF(INDEX(SourceData[Input check],MATCH(H28,SourceData[ID],0))<>"","Complete source record","")))<>"","Check source",INDEX(SourceData[Source URL],MATCH(H28,SourceData[ID],0))))

Sheet Contracts
A2: Contracts
A4: Program-coded awards require a separate assessment of system relevance.
A5: Obligations are cumulative at retrieval. Expand grouped columns to edit award/vendor names, URLs and dates.
A7: ID | B7: Award reference | C7: Vendor | D7: UEI | E7: Scope | F7: Relevance | G7: Obligations (USD) | H7: Current end | I7: Awarded | J7: Ultimate end | K7: Parent IDV | L7: Relevance rationale | M7: Record ID | N7: Award URL | O7: Vendor URL | P7: Parent URL | Q7: Input check | R7: Award reference input | S7: Vendor name input
B8: =IF(R8="","",IF(N8="",R8,HYPERLINK(N8,R8))) | C8: =IF(S8="","",IF(O8="",S8,HYPERLINK(O8,S8))) | Q8: =IF(A8="",IF(SUMPRODUCT(--(B8:P8<>""))>0,"Add contract ID",""),IF(COUNTIF(ContractData[ID],A8)<>1,"Duplicate contract ID",IF(OR(R8="",S8="",M8=""),"Add award and vendor identity",IF(COUNTIF(ContractData[Record ID],M8)<>1,"Duplicate award record",IF(NOT(ISNUMBER(G8)),"Add numeric obligations",IF(AND(F8<>"In scope",F8<>"Needs review",F8<>"Out of scope"),"Choose relevance",""))))))
B9: =IF(R9="","",IF(N9="",R9,HYPERLINK(N9,R9))) | C9: =IF(S9="","",IF(O9="",S9,HYPERLINK(O9,S9))) | Q9: =IF(A9="",IF(SUMPRODUCT(--(B9:P9<>""))>0,"Add contract ID",""),IF(COUNTIF(ContractData[ID],A9)<>1,"Duplicate contract ID",IF(OR(R9="",S9="",M9=""),"Add award and vendor identity",IF(COUNTIF(ContractData[Record ID],M9)<>1,"Duplicate award record",IF(NOT(ISNUMBER(G9)),"Add numeric obligations",IF(AND(F9<>"In scope",F9<>"Needs review",F9<>"Out of scope"),"Choose relevance",""))))))
B10: =IF(R10="","",IF(N10="",R10,HYPERLINK(N10,R10))) | C10: =IF(S10="","",IF(O10="",S10,HYPERLINK(O10,S10))) | Q10: =IF(A10="",IF(SUMPRODUCT(--(B10:P10<>""))>0,"Add contract ID",""),IF(COUNTIF(ContractData[ID],A10)<>1,"Duplicate contract ID",IF(OR(R10="",S10="",M10=""),"Add award and vendor identity",IF(COUNTIF(ContractData[Record ID],M10)<>1,"Duplicate award record",IF(NOT(ISNUMBER(G10)),"Add numeric obligations",IF(AND(F10<>"In scope",F10<>"Needs review",F10<>"Out of scope"),"Choose relevance",""))))))
B11: =IF(R11="","",IF(N11="",R11,HYPERLINK(N11,R11))) | C11: =IF(S11="","",IF(O11="",S11,HYPERLINK(O11,S11))) | Q11: =IF(A11="",IF(SUMPRODUCT(--(B11:P11<>""))>0,"Add contract ID",""),IF(COUNTIF(ContractData[ID],A11)<>1,"Duplicate contract ID",IF(OR(R11="",S11="",M11=""),"Add award and vendor identity",IF(COUNTIF(ContractData[Record ID],M11)<>1,"Duplicate award record",IF(NOT(ISNUMBER(G11)),"Add numeric obligations",IF(AND(F11<>"In scope",F11<>"Needs review",F11<>"Out of scope"),"Choose relevance",""))))))
B12: =IF(R12="","",IF(N12="",R12,HYPERLINK(N12,R12))) | C12: =IF(S12="","",IF(O12="",S12,HYPERLINK(O12,S12))) | Q12: =IF(A12="",IF(SUMPRODUCT(--(B12:P12<>""))>0,"Add contract ID",""),IF(COUNTIF(ContractData[ID],A12)<>1,"Duplicate contract ID",IF(OR(R12="",S12="",M12=""),"Add award and vendor identity",IF(COUNTIF(ContractData[Record ID],M12)<>1,"Duplicate award record",IF(NOT(ISNUMBER(G12)),"Add numeric obligations",IF(AND(F12<>"In scope",F12<>"Needs review",F12<>"Out of scope"),"Choose relevance",""))))))
B13: =IF(R13="","",IF(N13="",R13,HYPERLINK(N13,R13))) | C13: =IF(S13="","",IF(O13="",S13,HYPERLINK(O13,S13))) | Q13: =IF(A13="",IF(SUMPRODUCT(--(B13:P13<>""))>0,"Add contract ID",""),IF(COUNTIF(ContractData[ID],A13)<>1,"Duplicate contract ID",IF(OR(R13="",S13="",M13=""),"Add award and vendor identity",IF(COUNTIF(ContractData[Record ID],M13)<>1,"Duplicate award record",IF(NOT(ISNUMBER(G13)),"Add numeric obligations",IF(AND(F13<>"In scope",F13<>"Needs review",F13<>"Out of scope"),"Choose relevance",""))))))
B14: =IF(R14="","",IF(N14="",R14,HYPERLINK(N14,R14))) | C14: =IF(S14="","",IF(O14="",S14,HYPERLINK(O14,S14))) | Q14: =IF(A14="",IF(SUMPRODUCT(--(B14:P14<>""))>0,"Add contract ID",""),IF(COUNTIF(ContractData[ID],A14)<>1,"Duplicate contract ID",IF(OR(R14="",S14="",M14=""),"Add award and vendor identity",IF(COUNTIF(ContractData[Record ID],M14)<>1,"Duplicate award record",IF(NOT(ISNUMBER(G14)),"Add numeric obligations",IF(AND(F14<>"In scope",F14<>"Needs review",F14<>"Out of scope"),"Choose relevance",""))))))
B15: =IF(R15="","",IF(N15="",R15,HYPERLINK(N15,R15))) | C15: =IF(S15="","",IF(O15="",S15,HYPERLINK(O15,S15))) | Q15: =IF(A15="",IF(SUMPRODUCT(--(B15:P15<>""))>0,"Add contract ID",""),IF(COUNTIF(ContractData[ID],A15)<>1,"Duplicate contract ID",IF(OR(R15="",S15="",M15=""),"Add award and vendor identity",IF(COUNTIF(ContractData[Record ID],M15)<>1,"Duplicate award record",IF(NOT(ISNUMBER(G15)),"Add numeric obligations",IF(AND(F15<>"In scope",F15<>"Needs review",F15<>"Out of scope"),"Choose relevance",""))))))

Sheet Funding
A2: Funding
A4: Enter fiscal years, funding bases and source amounts below.
A5: Fiscal year
A6: Source basis
A7: Use one source vintage. A request is not enacted funding. Contract obligations are excluded.
A8: Funding line | B8: Source units | C8: Period 1 amount | D8: Period 2 amount | E8: Period 3 amount | F8: Citation | G8: ID | H8: To USD millions | I8: Period 1 USD M | J8: Period 2 USD M | K8: Period 3 USD M | L8: Input check | M8: Source ID | N8: Location
F9: =IF(M9="","",IF(IF(M9="","Add source ID",IF(SUMPRODUCT(--(SourceData[ID]=M9))<>1,"Unknown or duplicate source ID",IF(INDEX(SourceData[Input check],MATCH(M9,SourceData[ID],0))<>"","Complete source record","")))<>"","Check source",HYPERLINK(INDEX(SourceData[Source URL],MATCH(M9,SourceData[ID],0)),M9&IF(N9="",""," "&N9)))) | H9: =IF(A9="","",IF(B9="USD",0.000001,IF(B9="USD thousands",0.001,IF(B9="USD millions",1,"Check units")))) | I9: =IF(A9="","",IF(OR(C9="",NOT(ISNUMBER(C9)),NOT(ISNUMBER(H9))),"",C9*H9)) | J9: =IF(A9="","",IF(OR(D9="",NOT(ISNUMBER(D9)),NOT(ISNUMBER(H9))),"",D9*H9)) | K9: =IF(A9="","",IF(OR(E9="",NOT(ISNUMBER(E9)),NOT(ISNUMBER(H9))),"",E9*H9)) | L9: =IF(A9="",IF(SUMPRODUCT(--(B9:G9<>""))+COUNTA(M9:N9)>0,"Add funding line",""),IF(OR(G9="",COUNTIF(FundingData[ID],G9)<>1),"Missing or duplicate ID",IF(NOT(ISNUMBER(H9)),"Choose source units",IF(COUNT(C9:E9)<>3,"Add all period amounts",IF(MIN(C9:E9)<0,"Check negative amount",IF(M9="","Add source ID",IF(SUMPRODUCT(--(SourceData[ID]=M9))<>1,"Unknown or duplicate source ID",IF(INDEX(SourceData[Input check],MATCH(M9,SourceData[ID],0))<>"","Complete source record",""))))))))
F10: =IF(M10="","",IF(IF(M10="","Add source ID",IF(SUMPRODUCT(--(SourceData[ID]=M10))<>1,"Unknown or duplicate source ID",IF(INDEX(SourceData[Input check],MATCH(M10,SourceData[ID],0))<>"","Complete source record","")))<>"","Check source",HYPERLINK(INDEX(SourceData[Source URL],MATCH(M10,SourceData[ID],0)),M10&IF(N10="",""," "&N10)))) | H10: =IF(A10="","",IF(B10="USD",0.000001,IF(B10="USD thousands",0.001,IF(B10="USD millions",1,"Check units")))) | I10: =IF(A10="","",IF(OR(C10="",NOT(ISNUMBER(C10)),NOT(ISNUMBER(H10))),"",C10*H10)) | J10: =IF(A10="","",IF(OR(D10="",NOT(ISNUMBER(D10)),NOT(ISNUMBER(H10))),"",D10*H10)) | K10: =IF(A10="","",IF(OR(E10="",NOT(ISNUMBER(E10)),NOT(ISNUMBER(H10))),"",E10*H10)) | L10: =IF(A10="",IF(SUMPRODUCT(--(B10:G10<>""))+COUNTA(M10:N10)>0,"Add funding line",""),IF(OR(G10="",COUNTIF(FundingData[ID],G10)<>1),"Missing or duplicate ID",IF(NOT(ISNUMBER(H10)),"Choose source units",IF(COUNT(C10:E10)<>3,"Add all period amounts",IF(MIN(C10:E10)<0,"Check negative amount",IF(M10="","Add source ID",IF(SUMPRODUCT(--(SourceData[ID]=M10))<>1,"Unknown or duplicate source ID",IF(INDEX(SourceData[Input check],MATCH(M10,SourceData[ID],0))<>"","Complete source record",""))))))))
F11: =IF(M11="","",IF(IF(M11="","Add source ID",IF(SUMPRODUCT(--(SourceData[ID]=M11))<>1,"Unknown or duplicate source ID",IF(INDEX(SourceData[Input check],MATCH(M11,SourceData[ID],0))<>"","Complete source record","")))<>"","Check source",HYPERLINK(INDEX(SourceData[Source URL],MATCH(M11,SourceData[ID],0)),M11&IF(N11="",""," "&N11)))) | H11: =IF(A11="","",IF(B11="USD",0.000001,IF(B11="USD thousands",0.001,IF(B11="USD millions",1,"Check units")))) | I11: =IF(A11="","",IF(OR(C11="",NOT(ISNUMBER(C11)),NOT(ISNUMBER(H11))),"",C11*H11)) | J11: =IF(A11="","",IF(OR(D11="",NOT(ISNUMBER(D11)),NOT(ISNUMBER(H11))),"",D11*H11)) | K11: =IF(A11="","",IF(OR(E11="",NOT(ISNUMBER(E11)),NOT(ISNUMBER(H11))),"",E11*H11)) | L11: =IF(A11="",IF(SUMPRODUCT(--(B11:G11<>""))+COUNTA(M11:N11)>0,"Add funding line",""),IF(OR(G11="",COUNTIF(FundingData[ID],G11)<>1),"Missing or duplicate ID",IF(NOT(ISNUMBER(H11)),"Choose source units",IF(COUNT(C11:E11)<>3,"Add all period amounts",IF(MIN(C11:E11)<0,"Check negative amount",IF(M11="","Add source ID",IF(SUMPRODUCT(--(SourceData[ID]=M11))<>1,"Unknown or duplicate source ID",IF(INDEX(SourceData[Input check],MATCH(M11,SourceData[ID],0))<>"","Complete source record",""))))))))
F12: =IF(M12="","",IF(IF(M12="","Add source ID",IF(SUMPRODUCT(--(SourceData[ID]=M12))<>1,"Unknown or duplicate source ID",IF(INDEX(SourceData[Input check],MATCH(M12,SourceData[ID],0))<>"","Complete source record","")))<>"","Check source",HYPERLINK(INDEX(SourceData[Source URL],MATCH(M12,SourceData[ID],0)),M12&IF(N12="",""," "&N12)))) | H12: =IF(A12="","",IF(B12="USD",0.000001,IF(B12="USD thousands",0.001,IF(B12="USD millions",1,"Check units")))) | I12: =IF(A12="","",IF(OR(C12="",NOT(ISNUMBER(C12)),NOT(ISNUMBER(H12))),"",C12*H12)) | J12: =IF(A12="","",IF(OR(D12="",NOT(ISNUMBER(D12)),NOT(ISNUMBER(H12))),"",D12*H12)) | K12: =IF(A12="","",IF(OR(E12="",NOT(ISNUMBER(E12)),NOT(ISNUMBER(H12))),"",E12*H12)) | L12: =IF(A12="",IF(SUMPRODUCT(--(B12:G12<>""))+COUNTA(M12:N12)>0,"Add funding line",""),IF(OR(G12="",COUNTIF(FundingData[ID],G12)<>1),"Missing or duplicate ID",IF(NOT(ISNUMBER(H12)),"Choose source units",IF(COUNT(C12:E12)<>3,"Add all period amounts",IF(MIN(C12:E12)<0,"Check negative amount",IF(M12="","Add source ID",IF(SUMPRODUCT(--(SourceData[ID]=M12))<>1,"Unknown or duplicate source ID",IF(INDEX(SourceData[Input check],MATCH(M12,SourceData[ID],0))<>"","Complete source record",""))))))))
F13: =IF(M13="","",IF(IF(M13="","Add source ID",IF(SUMPRODUCT(--(SourceData[ID]=M13))<>1,"Unknown or duplicate source ID",IF(INDEX(SourceData[Input check],MATCH(M13,SourceData[ID],0))<>"","Complete source record","")))<>"","Check source",HYPERLINK(INDEX(SourceData[Source URL],MATCH(M13,SourceData[ID],0)),M13&IF(N13="",""," "&N13)))) | H13: =IF(A13="","",IF(B13="USD",0.000001,IF(B13="USD thousands",0.001,IF(B13="USD millions",1,"Check units")))) | I13: =IF(A13="","",IF(OR(C13="",NOT(ISNUMBER(C13)),NOT(ISNUMBER(H13))),"",C13*H13)) | J13: =IF(A13="","",IF(OR(D13="",NOT(ISNUMBER(D13)),NOT(ISNUMBER(H13))),"",D13*H13)) | K13: =IF(A13="","",IF(OR(E13="",NOT(ISNUMBER(E13)),NOT(ISNUMBER(H13))),"",E13*H13)) | L13: =IF(A13="",IF(SUMPRODUCT(--(B13:G13<>""))+COUNTA(M13:N13)>0,"Add funding line",""),IF(OR(G13="",COUNTIF(FundingData[ID],G13)<>1),"Missing or duplicate ID",IF(NOT(ISNUMBER(H13)),"Choose source units",IF(COUNT(C13:E13)<>3,"Add all period amounts",IF(MIN(C13:E13)<0,"Check negative amount",IF(M13="","Add source ID",IF(SUMPRODUCT(--(SourceData[ID]=M13))<>1,"Unknown or duplicate source ID",IF(INDEX(SourceData[Input check],MATCH(M13,SourceData[ID],0))<>"","Complete source record",""))))))))
A15: Identified funding (USD millions) | C15: =IFERROR(IF(COUNTA(FundingData[Funding line])=0,"",IF(OR(NOT(ISNUMBER(C5)),C5<1900,C5>2200,MOD(C5,1)<>0,COUNTIF($C$5:$E$5,C5)<>1,AND(C6<>"Actual",C6<>"Enacted",C6<>"Request",C6<>"Estimate"),COUNT(FundingData[Period 1 USD M])<>COUNTA(FundingData[Funding line]),COUNTIF(FundingData[Input check],"?*")>0),"Incomplete",SUM(FundingData[Period 1 USD M]))),"Incomplete") | D15: =IFERROR(IF(COUNTA(FundingData[Funding line])=0,"",IF(OR(NOT(ISNUMBER(D5)),D5<1900,D5>2200,MOD(D5,1)<>0,COUNTIF($C$5:$E$5,D5)<>1,AND(D6<>"Actual",D6<>"Enacted",D6<>"Request",D6<>"Estimate"),COUNT(FundingData[Period 2 USD M])<>COUNTA(FundingData[Funding line]),COUNTIF(FundingData[Input check],"?*")>0),"Incomplete",SUM(FundingData[Period 2 USD M]))),"Incomplete") | E15: =IFERROR(IF(COUNTA(FundingData[Funding line])=0,"",IF(OR(NOT(ISNUMBER(E5)),E5<1900,E5>2200,MOD(E5,1)<>0,COUNTIF($C$5:$E$5,E5)<>1,AND(E6<>"Actual",E6<>"Enacted",E6<>"Request",E6<>"Estimate"),COUNT(FundingData[Period 3 USD M])<>COUNTA(FundingData[Funding line]),COUNTIF(FundingData[Input check],"?*")>0),"Incomplete",SUM(FundingData[Period 3 USD M]))),"Incomplete")
A16: Totals cover the entered lines. Enter source IDs in grouped columns; maintain source URLs in Research Log.
H19: Period | I19: Identified funding
H20: =IF(C5="","Period 1","FY"&C5&" "&C6) -> Period 1 | I20: =IF(ISNUMBER(C15),C15,"")
H21: =IF(D5="","Period 2","FY"&D5&" "&D6) -> Period 2 | I21: =IF(ISNUMBER(D15),D15,"")
H22: =IF(E5="","Period 3","FY"&E5&" "&E6) -> Period 3 | I22: =IF(ISNUMBER(E15),E15,"")

Sheet Timeline
A2: Timeline
A4: Retain the source’s date precision. Contract dates are not proposal deadlines.
A7: ID | B7: Date | C7: Period only | D7: Milestone | E7: Status | F7: Details | G7: Source | H7: Input check | I7: Source ID
G8: =IF(I8="","",IF(IF(I8="","Add source ID",IF(SUMPRODUCT(--(SourceData[ID]=I8))<>1,"Unknown or duplicate source ID",IF(INDEX(SourceData[Input check],MATCH(I8,SourceData[ID],0))<>"","Complete source record","")))<>"","Check source",HYPERLINK(INDEX(SourceData[Source URL],MATCH(I8,SourceData[ID],0)),I8))) | H8: =IF(A8="",IF(SUMPRODUCT(--(B8:G8<>""))+COUNTA(I8)>0,"Add milestone ID",""),IF(COUNTIF(MilestoneData[ID],A8)<>1,"Duplicate milestone ID",IF(OR(D8="",E8="",I8=""),"Add milestone, status and source",IF(AND(B8="",C8=""),"Add date or period",IF(AND(B8<>"",C8<>""),"Use date or period only",IF(AND(B8<>"",NOT(ISNUMBER(B8))),"Use a valid date",IF(AND(E8<>"Completed",E8<>"Planned",E8<>"Needs confirmation"),"Choose status",IF(I8="","Add source ID",IF(SUMPRODUCT(--(SourceData[ID]=I8))<>1,"Unknown or duplicate source ID",IF(INDEX(SourceData[Input check],MATCH(I8,SourceData[ID],0))<>"","Complete source record",""))))))))))
G9: =IF(I9="","",IF(IF(I9="","Add source ID",IF(SUMPRODUCT(--(SourceData[ID]=I9))<>1,"Unknown or duplicate source ID",IF(INDEX(SourceData[Input check],MATCH(I9,SourceData[ID],0))<>"","Complete source record","")))<>"","Check source",HYPERLINK(INDEX(SourceData[Source URL],MATCH(I9,SourceData[ID],0)),I9))) | H9: =IF(A9="",IF(SUMPRODUCT(--(B9:G9<>""))+COUNTA(I9)>0,"Add milestone ID",""),IF(COUNTIF(MilestoneData[ID],A9)<>1,"Duplicate milestone ID",IF(OR(D9="",E9="",I9=""),"Add milestone, status and source",IF(AND(B9="",C9=""),"Add date or period",IF(AND(B9<>"",C9<>""),"Use date or period only",IF(AND(B9<>"",NOT(ISNUMBER(B9))),"Use a valid date",IF(AND(E9<>"Completed",E9<>"Planned",E9<>"Needs confirmation"),"Choose status",IF(I9="","Add source ID",IF(SUMPRODUCT(--(SourceData[ID]=I9))<>1,"Unknown or duplicate source ID",IF(INDEX(SourceData[Input check],MATCH(I9,SourceData[ID],0))<>"","Complete source record",""))))))))))
G10: =IF(I10="","",IF(IF(I10="","Add source ID",IF(SUMPRODUCT(--(SourceData[ID]=I10))<>1,"Unknown or duplicate source ID",IF(INDEX(SourceData[Input check],MATCH(I10,SourceData[ID],0))<>"","Complete source record","")))<>"","Check source",HYPERLINK(INDEX(SourceData[Source URL],MATCH(I10,SourceData[ID],0)),I10))) | H10: =IF(A10="",IF(SUMPRODUCT(--(B10:G10<>""))+COUNTA(I10)>0,"Add milestone ID",""),IF(COUNTIF(MilestoneData[ID],A10)<>1,"Duplicate milestone ID",IF(OR(D10="",E10="",I10=""),"Add milestone, status and source",IF(AND(B10="",C10=""),"Add date or period",IF(AND(B10<>"",C10<>""),"Use date or period only",IF(AND(B10<>"",NOT(ISNUMBER(B10))),"Use a valid date",IF(AND(E10<>"Completed",E10<>"Planned",E10<>"Needs confirmation"),"Choose status",IF(I10="","Add source ID",IF(SUMPRODUCT(--(SourceData[ID]=I10))<>1,"Unknown or duplicate source ID",IF(INDEX(SourceData[Input check],MATCH(I10,SourceData[ID],0))<>"","Complete source record",""))))))))))
G11: =IF(I11="","",IF(IF(I11="","Add source ID",IF(SUMPRODUCT(--(SourceData[ID]=I11))<>1,"Unknown or duplicate source ID",IF(INDEX(SourceData[Input check],MATCH(I11,SourceData[ID],0))<>"","Complete source record","")))<>"","Check source",HYPERLINK(INDEX(SourceData[Source URL],MATCH(I11,SourceData[ID],0)),I11))) | H11: =IF(A11="",IF(SUMPRODUCT(--(B11:G11<>""))+COUNTA(I11)>0,"Add milestone ID",""),IF(COUNTIF(MilestoneData[ID],A11)<>1,"Duplicate milestone ID",IF(OR(D11="",E11="",I11=""),"Add milestone, status and source",IF(AND(B11="",C11=""),"Add date or period",IF(AND(B11<>"",C11<>""),"Use date or period only",IF(AND(B11<>"",NOT(ISNUMBER(B11))),"Use a valid date",IF(AND(E11<>"Completed",E11<>"Planned",E11<>"Needs confirmation"),"Choose status",IF(I11="","Add source ID",IF(SUMPRODUCT(--(SourceData[ID]=I11))<>1,"Unknown or duplicate source ID",IF(INDEX(SourceData[Input check],MATCH(I11,SourceData[ID],0))<>"","Complete source record",""))))))))))
G12: =IF(I12="","",IF(IF(I12="","Add source ID",IF(SUMPRODUCT(--(SourceData[ID]=I12))<>1,"Unknown or duplicate source ID",IF(INDEX(SourceData[Input check],MATCH(I12,SourceData[ID],0))<>"","Complete source record","")))<>"","Check source",HYPERLINK(INDEX(SourceData[Source URL],MATCH(I12,SourceData[ID],0)),I12))) | H12: =IF(A12="",IF(SUMPRODUCT(--(B12:G12<>""))+COUNTA(I12)>0,"Add milestone ID",""),IF(COUNTIF(MilestoneData[ID],A12)<>1,"Duplicate milestone ID",IF(OR(D12="",E12="",I12=""),"Add milestone, status and source",IF(AND(B12="",C12=""),"Add date or period",IF(AND(B12<>"",C12<>""),"Use date or period only",IF(AND(B12<>"",NOT(ISNUMBER(B12))),"Use a valid date",IF(AND(E12<>"Completed",E12<>"Planned",E12<>"Needs confirmation"),"Choose status",IF(I12="","Add source ID",IF(SUMPRODUCT(--(SourceData[ID]=I12))<>1,"Unknown or duplicate source ID",IF(INDEX(SourceData[Input check],MATCH(I12,SourceData[ID],0))<>"","Complete source record",""))))))))))
G13: =IF(I13="","",IF(IF(I13="","Add source ID",IF(SUMPRODUCT(--(SourceData[ID]=I13))<>1,"Unknown or duplicate source ID",IF(INDEX(SourceData[Input check],MATCH(I13,SourceData[ID],0))<>"","Complete source record","")))<>"","Check source",HYPERLINK(INDEX(SourceData[Source URL],MATCH(I13,SourceData[ID],0)),I13))) | H13: =IF(A13="",IF(SUMPRODUCT(--(B13:G13<>""))+COUNTA(I13)>0,"Add milestone ID",""),IF(COUNTIF(MilestoneData[ID],A13)<>1,"Duplicate milestone ID",IF(OR(D13="",E13="",I13=""),"Add milestone, status and source",IF(AND(B13="",C13=""),"Add date or period",IF(AND(B13<>"",C13<>""),"Use date or period only",IF(AND(B13<>"",NOT(ISNUMBER(B13))),"Use a valid date",IF(AND(E13<>"Completed",E13<>"Planned",E13<>"Needs confirmation"),"Choose status",IF(I13="","Add source ID",IF(SUMPRODUCT(--(SourceData[ID]=I13))<>1,"Unknown or duplicate source ID",IF(INDEX(SourceData[Input check],MATCH(I13,SourceData[ID],0))<>"","Complete source record",""))))))))))
G14: =IF(I14="","",IF(IF(I14="","Add source ID",IF(SUMPRODUCT(--(SourceData[ID]=I14))<>1,"Unknown or duplicate source ID",IF(INDEX(SourceData[Input check],MATCH(I14,SourceData[ID],0))<>"","Complete source record","")))<>"","Check source",HYPERLINK(INDEX(SourceData[Source URL],MATCH(I14,SourceData[ID],0)),I14))) | H14: =IF(A14="",IF(SUMPRODUCT(--(B14:G14<>""))+COUNTA(I14)>0,"Add milestone ID",""),IF(COUNTIF(MilestoneData[ID],A14)<>1,"Duplicate milestone ID",IF(OR(D14="",E14="",I14=""),"Add milestone, status and source",IF(AND(B14="",C14=""),"Add date or period",IF(AND(B14<>"",C14<>""),"Use date or period only",IF(AND(B14<>"",NOT(ISNUMBER(B14))),"Use a valid date",IF(AND(E14<>"Completed",E14<>"Planned",E14<>"Needs confirmation"),"Choose status",IF(I14="","Add source ID",IF(SUMPRODUCT(--(SourceData[ID]=I14))<>1,"Unknown or duplicate source ID",IF(INDEX(SourceData[Input check],MATCH(I14,SourceData[ID],0))<>"","Complete source record",""))))))))))
G15: =IF(I15="","",IF(IF(I15="","Add source ID",IF(SUMPRODUCT(--(SourceData[ID]=I15))<>1,"Unknown or duplicate source ID",IF(INDEX(SourceData[Input check],MATCH(I15,SourceData[ID],0))<>"","Complete source record","")))<>"","Check source",HYPERLINK(INDEX(SourceData[Source URL],MATCH(I15,SourceData[ID],0)),I15))) | H15: =IF(A15="",IF(SUMPRODUCT(--(B15:G15<>""))+COUNTA(I15)>0,"Add milestone ID",""),IF(COUNTIF(MilestoneData[ID],A15)<>1,"Duplicate milestone ID",IF(OR(D15="",E15="",I15=""),"Add milestone, status and source",IF(AND(B15="",C15=""),"Add date or period",IF(AND(B15<>"",C15<>""),"Use date or period only",IF(AND(B15<>"",NOT(ISNUMBER(B15))),"Use a valid date",IF(AND(E15<>"Completed",E15<>"Planned",E15<>"Needs confirmation"),"Choose status",IF(I15="","Add source ID",IF(SUMPRODUCT(--(SourceData[ID]=I15))<>1,"Unknown or duplicate source ID",IF(INDEX(SourceData[Input check],MATCH(I15,SourceData[ID],0))<>"","Complete source record",""))))))))))

Sheet Research Log
A2: Research Log
A4: Keep unresolved questions tied to the next action and the evidence needed to close them.
A7: ID | B7: Question / decision impact | C7: Next action | D7: Timing | E7: Status | F7: Source | G7: Resolution evidence | H7: Input check | I7: Source ID
F8: =IF(I8="","",IF(IF(I8="","Add source ID",IF(SUMPRODUCT(--(SourceData[ID]=I8))<>1,"Unknown or duplicate source ID",IF(INDEX(SourceData[Input check],MATCH(I8,SourceData[ID],0))<>"","Complete source record","")))<>"","Check source",HYPERLINK(INDEX(SourceData[Source URL],MATCH(I8,SourceData[ID],0)),I8))) | H8: =IF(A8="",IF(SUMPRODUCT(--(B8:G8<>""))+COUNTA(I8)>0,"Add question ID",""),IF(COUNTIF(QuestionData[ID],A8)<>1,"Duplicate question ID",IF(OR(B8="",C8=""),"Add question and next action",IF(AND(E8<>"Open",E8<>"Resolved"),"Choose status",IF(AND(E8="Resolved",OR(I8="",G8="")),"Add resolution evidence",IF(OR(E8="Resolved",I8<>""),IF(I8="","Add source ID",IF(SUMPRODUCT(--(SourceData[ID]=I8))<>1,"Unknown or duplicate source ID",IF(INDEX(SourceData[Input check],MATCH(I8,SourceData[ID],0))<>"","Complete source record",""))),""))))))
F9: =IF(I9="","",IF(IF(I9="","Add source ID",IF(SUMPRODUCT(--(SourceData[ID]=I9))<>1,"Unknown or duplicate source ID",IF(INDEX(SourceData[Input check],MATCH(I9,SourceData[ID],0))<>"","Complete source record","")))<>"","Check source",HYPERLINK(INDEX(SourceData[Source URL],MATCH(I9,SourceData[ID],0)),I9))) | H9: =IF(A9="",IF(SUMPRODUCT(--(B9:G9<>""))+COUNTA(I9)>0,"Add question ID",""),IF(COUNTIF(QuestionData[ID],A9)<>1,"Duplicate question ID",IF(OR(B9="",C9=""),"Add question and next action",IF(AND(E9<>"Open",E9<>"Resolved"),"Choose status",IF(AND(E9="Resolved",OR(I9="",G9="")),"Add resolution evidence",IF(OR(E9="Resolved",I9<>""),IF(I9="","Add source ID",IF(SUMPRODUCT(--(SourceData[ID]=I9))<>1,"Unknown or duplicate source ID",IF(INDEX(SourceData[Input check],MATCH(I9,SourceData[ID],0))<>"","Complete source record",""))),""))))))
F10: =IF(I10="","",IF(IF(I10="","Add source ID",IF(SUMPRODUCT(--(SourceData[ID]=I10))<>1,"Unknown or duplicate source ID",IF(INDEX(SourceData[Input check],MATCH(I10,SourceData[ID],0))<>"","Complete source record","")))<>"","Check source",HYPERLINK(INDEX(SourceData[Source URL],MATCH(I10,SourceData[ID],0)),I10))) | H10: =IF(A10="",IF(SUMPRODUCT(--(B10:G10<>""))+COUNTA(I10)>0,"Add question ID",""),IF(COUNTIF(QuestionData[ID],A10)<>1,"Duplicate question ID",IF(OR(B10="",C10=""),"Add question and next action",IF(AND(E10<>"Open",E10<>"Resolved"),"Choose status",IF(AND(E10="Resolved",OR(I10="",G10="")),"Add resolution evidence",IF(OR(E10="Resolved",I10<>""),IF(I10="","Add source ID",IF(SUMPRODUCT(--(SourceData[ID]=I10))<>1,"Unknown or duplicate source ID",IF(INDEX(SourceData[Input check],MATCH(I10,SourceData[ID],0))<>"","Complete source record",""))),""))))))
F11: =IF(I11="","",IF(IF(I11="","Add source ID",IF(SUMPRODUCT(--(SourceData[ID]=I11))<>1,"Unknown or duplicate source ID",IF(INDEX(SourceData[Input check],MATCH(I11,SourceData[ID],0))<>"","Complete source record","")))<>"","Check source",HYPERLINK(INDEX(SourceData[Source URL],MATCH(I11,SourceData[ID],0)),I11))) | H11: =IF(A11="",IF(SUMPRODUCT(--(B11:G11<>""))+COUNTA(I11)>0,"Add question ID",""),IF(COUNTIF(QuestionData[ID],A11)<>1,"Duplicate question ID",IF(OR(B11="",C11=""),"Add question and next action",IF(AND(E11<>"Open",E11<>"Resolved"),"Choose status",IF(AND(E11="Resolved",OR(I11="",G11="")),"Add resolution evidence",IF(OR(E11="Resolved",I11<>""),IF(I11="","Add source ID",IF(SUMPRODUCT(--(SourceData[ID]=I11))<>1,"Unknown or duplicate source ID",IF(INDEX(SourceData[Input check],MATCH(I11,SourceData[ID],0))<>"","Complete source record",""))),""))))))
F12: =IF(I12="","",IF(IF(I12="","Add source ID",IF(SUMPRODUCT(--(SourceData[ID]=I12))<>1,"Unknown or duplicate source ID",IF(INDEX(SourceData[Input check],MATCH(I12,SourceData[ID],0))<>"","Complete source record","")))<>"","Check source",HYPERLINK(INDEX(SourceData[Source URL],MATCH(I12,SourceData[ID],0)),I12))) | H12: =IF(A12="",IF(SUMPRODUCT(--(B12:G12<>""))+COUNTA(I12)>0,"Add question ID",""),IF(COUNTIF(QuestionData[ID],A12)<>1,"Duplicate question ID",IF(OR(B12="",C12=""),"Add question and next action",IF(AND(E12<>"Open",E12<>"Resolved"),"Choose status",IF(AND(E12="Resolved",OR(I12="",G12="")),"Add resolution evidence",IF(OR(E12="Resolved",I12<>""),IF(I12="","Add source ID",IF(SUMPRODUCT(--(SourceData[ID]=I12))<>1,"Unknown or duplicate source ID",IF(INDEX(SourceData[Input check],MATCH(I12,SourceData[ID],0))<>"","Complete source record",""))),""))))))
F13: =IF(I13="","",IF(IF(I13="","Add source ID",IF(SUMPRODUCT(--(SourceData[ID]=I13))<>1,"Unknown or duplicate source ID",IF(INDEX(SourceData[Input check],MATCH(I13,SourceData[ID],0))<>"","Complete source record","")))<>"","Check source",HYPERLINK(INDEX(SourceData[Source URL],MATCH(I13,SourceData[ID],0)),I13))) | H13: =IF(A13="",IF(SUMPRODUCT(--(B13:G13<>""))+COUNTA(I13)>0,"Add question ID",""),IF(COUNTIF(QuestionData[ID],A13)<>1,"Duplicate question ID",IF(OR(B13="",C13=""),"Add question and next action",IF(AND(E13<>"Open",E13<>"Resolved"),"Choose status",IF(AND(E13="Resolved",OR(I13="",G13="")),"Add resolution evidence",IF(OR(E13="Resolved",I13<>""),IF(I13="","Add source ID",IF(SUMPRODUCT(--(SourceData[ID]=I13))<>1,"Unknown or duplicate source ID",IF(INDEX(SourceData[Input check],MATCH(I13,SourceData[ID],0))<>"","Complete source record",""))),""))))))
F14: =IF(I14="","",IF(IF(I14="","Add source ID",IF(SUMPRODUCT(--(SourceData[ID]=I14))<>1,"Unknown or duplicate source ID",IF(INDEX(SourceData[Input check],MATCH(I14,SourceData[ID],0))<>"","Complete source record","")))<>"","Check source",HYPERLINK(INDEX(SourceData[Source URL],MATCH(I14,SourceData[ID],0)),I14))) | H14: =IF(A14="",IF(SUMPRODUCT(--(B14:G14<>""))+COUNTA(I14)>0,"Add question ID",""),IF(COUNTIF(QuestionData[ID],A14)<>1,"Duplicate question ID",IF(OR(B14="",C14=""),"Add question and next action",IF(AND(E14<>"Open",E14<>"Resolved"),"Choose status",IF(AND(E14="Resolved",OR(I14="",G14="")),"Add resolution evidence",IF(OR(E14="Resolved",I14<>""),IF(I14="","Add source ID",IF(SUMPRODUCT(--(SourceData[ID]=I14))<>1,"Unknown or duplicate source ID",IF(INDEX(SourceData[Input check],MATCH(I14,SourceData[ID],0))<>"","Complete source record",""))),""))))))
A17: Sources and coverage
A19: ID | B19: Source | C19: Coverage / location | D19: Published / period | E19: Retrieved | F19: Link | G19: Limitations | H19: Source URL | I19: Input check
F20: =IF(A20="","",IF(I20<>"","Check source",HYPERLINK(H20,A20))) | I20: =IF(A20="",IF(COUNTA(B20:E20,G20:H20)>0,"Add source ID",""),IF(SUMPRODUCT(--(SourceData[ID]=A20))<>1,"Duplicate source ID",IF(OR(LEN(TRIM(B20))=0,NOT(ISNUMBER(E20)),E20<=0,AND(LEFT(H20,8)<>"https://",LEFT(H20,7)<>"http://"),LEN(H20)<10),"Add source name, retrieval date and URL","")))
F21: =IF(A21="","",IF(I21<>"","Check source",HYPERLINK(H21,A21))) | I21: =IF(A21="",IF(COUNTA(B21:E21,G21:H21)>0,"Add source ID",""),IF(SUMPRODUCT(--(SourceData[ID]=A21))<>1,"Duplicate source ID",IF(OR(LEN(TRIM(B21))=0,NOT(ISNUMBER(E21)),E21<=0,AND(LEFT(H21,8)<>"https://",LEFT(H21,7)<>"http://"),LEN(H21)<10),"Add source name, retrieval date and URL","")))
F22: =IF(A22="","",IF(I22<>"","Check source",HYPERLINK(H22,A22))) | I22: =IF(A22="",IF(COUNTA(B22:E22,G22:H22)>0,"Add source ID",""),IF(SUMPRODUCT(--(SourceData[ID]=A22))<>1,"Duplicate source ID",IF(OR(LEN(TRIM(B22))=0,NOT(ISNUMBER(E22)),E22<=0,AND(LEFT(H22,8)<>"https://",LEFT(H22,7)<>"http://"),LEN(H22)<10),"Add source name, retrieval date and URL","")))
F23: =IF(A23="","",IF(I23<>"","Check source",HYPERLINK(H23,A23))) | I23: =IF(A23="",IF(COUNTA(B23:E23,G23:H23)>0,"Add source ID",""),IF(SUMPRODUCT(--(SourceData[ID]=A23))<>1,"Duplicate source ID",IF(OR(LEN(TRIM(B23))=0,NOT(ISNUMBER(E23)),E23<=0,AND(LEFT(H23,8)<>"https://",LEFT(H23,7)<>"http://"),LEN(H23)<10),"Add source name, retrieval date and URL","")))
F24: =IF(A24="","",IF(I24<>"","Check source",HYPERLINK(H24,A24))) | I24: =IF(A24="",IF(COUNTA(B24:E24,G24:H24)>0,"Add source ID",""),IF(SUMPRODUCT(--(SourceData[ID]=A24))<>1,"Duplicate source ID",IF(OR(LEN(TRIM(B24))=0,NOT(ISNUMBER(E24)),E24<=0,AND(LEFT(H24,8)<>"https://",LEFT(H24,7)<>"http://"),LEN(H24)<10),"Add source name, retrieval date and URL","")))
F25: =IF(A25="","",IF(I25<>"","Check source",HYPERLINK(H25,A25))) | I25: =IF(A25="",IF(COUNTA(B25:E25,G25:H25)>0,"Add source ID",""),IF(SUMPRODUCT(--(SourceData[ID]=A25))<>1,"Duplicate source ID",IF(OR(LEN(TRIM(B25))=0,NOT(ISNUMBER(E25)),E25<=0,AND(LEFT(H25,8)<>"https://",LEFT(H25,7)<>"http://"),LEN(H25)<10),"Add source name, retrieval date and URL","")))
F26: =IF(A26="","",IF(I26<>"","Check source",HYPERLINK(H26,A26))) | I26: =IF(A26="",IF(COUNTA(B26:E26,G26:H26)>0,"Add source ID",""),IF(SUMPRODUCT(--(SourceData[ID]=A26))<>1,"Duplicate source ID",IF(OR(LEN(TRIM(B26))=0,NOT(ISNUMBER(E26)),E26<=0,AND(LEFT(H26,8)<>"https://",LEFT(H26,7)<>"http://"),LEN(H26)<10),"Add source name, retrieval date and URL","")))
