Workbook

Sheet Start Here
A1: Proposal compliance and control | B1: Proposal compliance and control | C1: Proposal compliance and control | D1: Proposal compliance and control | E1: Logo here | F1: Logo here
A2: Proposal compliance and control | B2: Proposal compliance and control | C2: Proposal compliance and control | D2: Proposal compliance and control | E2: Logo here | F2: Logo here
E3: Logo here | F3: Logo here
A4: Reusable master | B4: Reusable master | C4: Reusable master | D4: Reusable master | E4: Reusable master | F4: Reusable master
A5: Begin on Opportunity Setup, then add the actual requirements and sources. Empty rows do not count as completed work. | B5: Begin on Opportunity Setup, then add the actual requirements and sources. Empty rows do not count as completed work. | C5: Begin on Opportunity Setup, then add the actual requirements and sources. Empty rows do not count as completed work. | D5: Begin on Opportunity Setup, then add the actual requirements and sources. Empty rows do not count as completed work. | E5: Begin on Opportunity Setup, then add the actual requirements and sources. Empty rows do not count as completed work. | F5: Begin on Opportunity Setup, then add the actual requirements and sources. Empty rows do not count as completed work.
A6: Begin on Opportunity Setup, then add the actual requirements and sources. Empty rows do not count as completed work. | B6: Begin on Opportunity Setup, then add the actual requirements and sources. Empty rows do not count as completed work. | C6: Begin on Opportunity Setup, then add the actual requirements and sources. Empty rows do not count as completed work. | D6: Begin on Opportunity Setup, then add the actual requirements and sources. Empty rows do not count as completed work. | E6: Begin on Opportunity Setup, then add the actual requirements and sources. Empty rows do not count as completed work. | F6: Begin on Opportunity Setup, then add the actual requirements and sources. Empty rows do not count as completed work.
A8: Keep the response traceable | B8: Keep the response traceable | C8: Keep the response traceable | D8: Keep the response traceable | E8: Keep the response traceable | F8: Keep the response traceable
A10: 1. Extract | B10: Give each discrete instruction an ID, exact source wording and citation. Keep the current amended wording in the matrix. | C10: Give each discrete instruction an ID, exact source wording and citation. Keep the current amended wording in the matrix. | D10: Give each discrete instruction an ID, exact source wording and citation. Keep the current amended wording in the matrix. | E10: Give each discrete instruction an ID, exact source wording and citation. Keep the current amended wording in the matrix. | F10: Give each discrete instruction an ID, exact source wording and citation. Keep the current amended wording in the matrix.
A11: 1. Extract | B11: Give each discrete instruction an ID, exact source wording and citation. Keep the current amended wording in the matrix. | C11: Give each discrete instruction an ID, exact source wording and citation. Keep the current amended wording in the matrix. | D11: Give each discrete instruction an ID, exact source wording and citation. Keep the current amended wording in the matrix. | E11: Give each discrete instruction an ID, exact source wording and citation. Keep the current amended wording in the matrix. | F11: Give each discrete instruction an ID, exact source wording and citation. Keep the current amended wording in the matrix.
A12: 2. Plan | B12: Record the writing action, intended volume/section and evidence needed. Optional owner fields are grouped to the right. | C12: Record the writing action, intended volume/section and evidence needed. Optional owner fields are grouped to the right. | D12: Record the writing action, intended volume/section and evidence needed. Optional owner fields are grouped to the right. | E12: Record the writing action, intended volume/section and evidence needed. Optional owner fields are grouped to the right. | F12: Record the writing action, intended volume/section and evidence needed. Optional owner fields are grouped to the right.
A13: 2. Plan | B13: Record the writing action, intended volume/section and evidence needed. Optional owner fields are grouped to the right. | C13: Record the writing action, intended volume/section and evidence needed. Optional owner fields are grouped to the right. | D13: Record the writing action, intended volume/section and evidence needed. Optional owner fields are grouped to the right. | E13: Record the writing action, intended volume/section and evidence needed. Optional owner fields are grouped to the right. | F13: Record the writing action, intended volume/section and evidence needed. Optional owner fields are grouped to the right.
A14: 3. Verify | B14: Record reviewed evidence and the final file/location before selecting Pass or Complete. Planning notes are not evidence. | C14: Record reviewed evidence and the final file/location before selecting Pass or Complete. Planning notes are not evidence. | D14: Record reviewed evidence and the final file/location before selecting Pass or Complete. Planning notes are not evidence. | E14: Record reviewed evidence and the final file/location before selecting Pass or Complete. Planning notes are not evidence. | F14: Record reviewed evidence and the final file/location before selecting Pass or Complete. Planning notes are not evidence.
A15: 3. Verify | B15: Record reviewed evidence and the final file/location before selecting Pass or Complete. Planning notes are not evidence. | C15: Record reviewed evidence and the final file/location before selecting Pass or Complete. Planning notes are not evidence. | D15: Record reviewed evidence and the final file/location before selecting Pass or Complete. Planning notes are not evidence. | E15: Record reviewed evidence and the final file/location before selecting Pass or Complete. Planning notes are not evidence. | F15: Record reviewed evidence and the final file/location before selecting Pass or Complete. Planning notes are not evidence.
A16: 4. Update | B16: Use the same work-progress values across tabs. Log source changes and confirm affected requirements and submission files. | C16: Use the same work-progress values across tabs. Log source changes and confirm affected requirements and submission files. | D16: Use the same work-progress values across tabs. Log source changes and confirm affected requirements and submission files. | E16: Use the same work-progress values across tabs. Log source changes and confirm affected requirements and submission files. | F16: Use the same work-progress values across tabs. Log source changes and confirm affected requirements and submission files.
A17: 4. Update | B17: Use the same work-progress values across tabs. Log source changes and confirm affected requirements and submission files. | C17: Use the same work-progress values across tabs. Log source changes and confirm affected requirements and submission files. | D17: Use the same work-progress values across tabs. Log source changes and confirm affected requirements and submission files. | E17: Use the same work-progress values across tabs. Log source changes and confirm affected requirements and submission files. | F17: Use the same work-progress values across tabs. Log source changes and confirm affected requirements and submission files.
... A27: Use actual source ratings in the evaluation crosswalk. Internal compliance is Pass, Fail or Unresolved; work progress is tracked separately. | B27: Use actual source ratings in the evaluation crosswalk. Internal compliance is Pass, Fail or Unresolved; work progress is tracked separately. | C27: Use actual source ratings in the evaluation crosswalk. Internal compliance is Pass, Fail or Unresolved; work progress is tracked separately. | D27: Use actual source ratings in the evaluation crosswalk. Internal compliance is Pass, Fail or Unresolved; work progress is tracked separately. | E27: Use actual source ratings in the evaluation crosswalk. Internal compliance is Pass, Fail or Unresolved; work progress is tracked separately. | F27: Use actual source ratings in the evaluation crosswalk. Internal compliance is Pass, Fail or Unresolved; work progress is tracked separately.

Sheet Opportunity Setup
A1: Opportunity setup | B1: Opportunity setup | C1: Opportunity setup | D1: Opportunity setup | E1: Opportunity setup | F1: Opportunity setup
A2: Opportunity setup | B2: Opportunity setup | C2: Opportunity setup | D2: Opportunity setup | E2: Opportunity setup | F2: Opportunity setup
A4: Company | H4: Source-local deadline (ISO)
A5: Buyer | H5: =IF(OR(B9="",B10="",B17=""),"",TEXT(B9,"yyyy-mm-dd")&"T"&TEXT(B10,"hh:mm:ss")&B17)
A6: Project
A7: Solicitation
A8: As of / source cutoff
A9: Proposal due date
A10: Due time (source local)
A11: Time zone
A12: Submission channel
A13: Controlling deadline source
A14: Contract type
A15: Tour dates
A16: Performance end
A17: UTC offset
A18: Response volumes | B18: Response volumes | C18: Response volumes | D18: Response volumes | E18: Response volumes | F18: Response volumes
A19: Volume | B19: Title
A23: Internal milestone | B23: Internal milestone | C23: Internal milestone | D23: Internal milestone | E23: Internal milestone | F23: Internal milestone
A24: Milestone | E24: Date
A26: Add the actual buyer instructions and source cutoff before populating the controls. | B26: Add the actual buyer instructions and source cutoff before populating the controls. | C26: Add the actual buyer instructions and source cutoff before populating the controls. | D26: Add the actual buyer instructions and source cutoff before populating the controls. | E26: Add the actual buyer instructions and source cutoff before populating the controls. | F26: Add the actual buyer instructions and source cutoff before populating the controls.
A27: Add the actual buyer instructions and source cutoff before populating the controls. | B27: Add the actual buyer instructions and source cutoff before populating the controls. | C27: Add the actual buyer instructions and source cutoff before populating the controls. | D27: Add the actual buyer instructions and source cutoff before populating the controls. | E27: Add the actual buyer instructions and source cutoff before populating the controls. | F27: Add the actual buyer instructions and source cutoff before populating the controls.

Sheet Dashboard
A1: Proposal control dashboard | B1: Proposal control dashboard | C1: Proposal control dashboard | D1: Proposal control dashboard | E1: Proposal control dashboard | F1: Proposal control dashboard | G1: Proposal control dashboard | H1: Proposal control dashboard | I1: Proposal control dashboard | J1: Proposal control dashboard | K1: Proposal control dashboard | L1: Proposal control dashboard
A2: Proposal control dashboard | B2: Proposal control dashboard | C2: Proposal control dashboard | D2: Proposal control dashboard | E2: Proposal control dashboard | F2: Proposal control dashboard | G2: Proposal control dashboard | H2: Proposal control dashboard | I2: Proposal control dashboard | J2: Proposal control dashboard | K2: Proposal control dashboard | L2: Proposal control dashboard
A3: =IF('Opportunity Setup'!B6="","New proposal",'Opportunity Setup'!B6) -> New proposal | B3: New proposal | C3: New proposal | D3: New proposal | E3: New proposal | F3: New proposal | G3: New proposal | H3: New proposal | I3: New proposal | J3: New proposal | K3: New proposal | L3: New proposal
A4: =IF('Opportunity Setup'!B7="","Populate Opportunity Setup and the source requirements to begin.",'Opportunity Setup'!B4&" / "&'Opportunity Setup'!B5&" / "&'Opportunity Setup'!B7) -> Populate Opportunity Setup and the source requirements to begin. | B4: Populate Opportunity Setup and the source requirements to begin. | C4: Populate Opportunity Setup and the source requirements to begin. | D4: Populate Opportunity Setup and the source requirements to begin. | E4: Populate Opportunity Setup and the source requirements to begin. | F4: Populate Opportunity Setup and the source requirements to begin. | G4: Populate Opportunity Setup and the source requirements to begin. | H4: Populate Opportunity Setup and the source requirements to begin. | I4: Populate Opportunity Setup and the source requirements to begin. | J4: Populate Opportunity Setup and the source requirements to begin. | K4: Populate Opportunity Setup and the source requirements to begin. | L4: Populate Opportunity Setup and the source requirements to begin.
A6: Proposal deadline | B6: Proposal deadline | C6: Proposal deadline | D6: Proposal deadline | E6: Source-local time | F6: Source-local time | G6: Source-local time | H6: Source-local time | I6: Submission channel | J6: Submission channel | K6: Submission channel | L6: Submission channel
A7: =IF('Opportunity Setup'!B9="","",'Opportunity Setup'!B9) | E7: =IF('Opportunity Setup'!B10="","",'Opportunity Setup'!B10) | G7: =IF('Opportunity Setup'!B11="","",'Opportunity Setup'!B11) | I7: =IF('Opportunity Setup'!B12="","",'Opportunity Setup'!B12)
A11: Active requirements | B11: Active requirements | C11: Active requirements | E11: Compliance unresolved | F11: Compliance unresolved | G11: Compliance unresolved | I11: Compliance failed | J11: Compliance failed | K11: Compliance failed
A12: =SUMPRODUCT(--('Requirement Matrix'!$A$8:$A$307<>"")) -> 0 | E12: =SUMPRODUCT(--('Requirement Matrix'!$A$8:$A$307<>""))-SUMPRODUCT(--('Requirement Matrix'!$A$8:$A$307<>""),--('Requirement Matrix'!$H$8:$H$307="Pass"),--('Requirement Matrix'!$M$8:$M$307=""))-SUMPRODUCT(--('Requirement Matrix'!$A$8:$A$307<>""),--('Requirement Matrix'!$H$8:$H$307="Fail")) -> 0 | I12: =SUMPRODUCT(--('Requirement Matrix'!$A$8:$A$307<>""),--('Requirement Matrix'!$H$8:$H$307="Fail")) -> 0
A16: Work unfinished | B16: Work unfinished | C16: Work unfinished | E16: Final file missing | F16: Final file missing | G16: Final file missing | I16: Control errors | J16: Control errors | K16: Control errors
A17: =SUMPRODUCT(--('Requirement Matrix'!$A$8:$A$307<>""))-SUMPRODUCT(--('Requirement Matrix'!$A$8:$A$307<>""),--('Requirement Matrix'!$I$8:$I$307="Complete"),--('Requirement Matrix'!$M$8:$M$307="")) -> 0 | E17: =SUMPRODUCT(--('Requirement Matrix'!$A$8:$A$307<>""),--('Requirement Matrix'!$L$8:$L$307="")) -> 0 | I17: =COUNTIF('Requirement Matrix'!$M$8:$M$307,"?*")+COUNTIF('Submission Checklist'!$G$7:$G$307,"?*")+COUNTIF('Pricing & Deliverables'!$L$7:$L$307,"?*")+COUNTIF('Questions-Risks'!$L$7:$L$307,"?*") -> 0
A21: Submission unfinished | B21: Submission unfinished | C21: Submission unfinished | E21: Open questions / risks | F21: Open questions / risks | G21: Open questions / risks | I21: Amendment actions open | J21: Amendment actions open | K21: Amendment actions open
A22: =SUMPRODUCT(--('Submission Checklist'!$A$7:$A$307<>""))-SUMPRODUCT(--('Submission Checklist'!$A$7:$A$307<>""),--('Submission Checklist'!$D$7:$D$307="Complete"),--('Submission Checklist'!$G$7:$G$307="")) -> 0 | E22: =SUMPRODUCT(--('Questions-Risks'!$A$7:$A$307<>""))-SUMPRODUCT(--('Questions-Risks'!$A$7:$A$307<>""),--('Questions-Risks'!$F$7:$F$307="Complete"),--('Questions-Risks'!$L$7:$L$307="")) -> 0 | I22: =SUMPRODUCT(--('Amendment Log'!$A$7:$A$307<>""),--('Amendment Log'!$F$7:$F$307<>"Complete")) -> 0
A27: =IF(A12=0,"Not populated — add the actual source requirements.",IF(OR('Opportunity Setup'!B9="",'Opportunity Setup'!B10="",'Opportunity Setup'!B11="",'Opportunity Setup'!B12=""),"Submission date, time, zone or channel is missing.","Working draft — counts do not establish submission readiness.")) -> Not populated — add the actual source requirements.
A30: Evidence and ownership | B30: Evidence and ownership | C30: Evidence and ownership | D30: Evidence and ownership | E30: Evidence and ownership | F30: Evidence and ownership | H30: Work progress | I30: Work progress | J30: Work progress | K30: Work progress | L30: Work progress
A32: Mandatory requirements | B32: Mandatory requirements | C32: Mandatory requirements | D32: Mandatory requirements | E32: Mandatory requirements | F32: =SUMPRODUCT(--('Requirement Matrix'!$A$8:$A$307<>""),--('Requirement Matrix'!$P$8:$P$307="Mandatory")) -> 0 | H32: Not started | I32: Not started | J32: Not started | K32: Not started | L32: =SUMPRODUCT(--('Requirement Matrix'!$A$8:$A$307<>""),--('Requirement Matrix'!$I$8:$I$307="Not started")) -> 0
A33: Evaluated requirements | B33: Evaluated requirements | C33: Evaluated requirements | D33: Evaluated requirements | E33: Evaluated requirements | F33: =SUMPRODUCT(--('Requirement Matrix'!$A$8:$A$307<>""),--('Requirement Matrix'!$S$8:$S$307<>"")) -> 0 | H33: In progress | I33: In progress | J33: In progress | K33: In progress | L33: =SUMPRODUCT(--('Requirement Matrix'!$A$8:$A$307<>""),--('Requirement Matrix'!$I$8:$I$307="In progress")) -> 0
A34: No owner assigned | B34: No owner assigned | C34: No owner assigned | D34: No owner assigned | E34: No owner assigned | F34: =SUMPRODUCT(--('Requirement Matrix'!$A$8:$A$307<>""),--('Requirement Matrix'!$Q$8:$Q$307="")) -> 0 | H34: In review | I34: In review | J34: In review | K34: In review | L34: =SUMPRODUCT(--('Requirement Matrix'!$A$8:$A$307<>""),--('Requirement Matrix'!$I$8:$I$307="In review")) -> 0
A35: Reviewed evidence missing | B35: Reviewed evidence missing | C35: Reviewed evidence missing | D35: Reviewed evidence missing | E35: Reviewed evidence missing | F35: =SUMPRODUCT(--('Requirement Matrix'!$A$8:$A$307<>""),--('Requirement Matrix'!$J$8:$J$307="")) -> 0 | H35: Complete | I35: Complete | J35: Complete | K35: Complete | L35: =SUMPRODUCT(--('Requirement Matrix'!$A$8:$A$307<>""),--('Requirement Matrix'!$I$8:$I$307="Complete")) -> 0
A36: Final location missing | B36: Final location missing | C36: Final location missing | D36: Final location missing | E36: Final location missing | F36: =SUMPRODUCT(--('Requirement Matrix'!$A$8:$A$307<>""),--('Requirement Matrix'!$K$8:$K$307="")) -> 0
A39: =IF(SUMPRODUCT(--(ROW('Requirement Matrix'!$A$8:$A$307)>PrintEndRequirementMatrix),--('Requirement Matrix'!$A$8:$A$307<>""))+SUMPRODUCT(--(ROW('Requirement Matrix'!$M$8:$M$307)>PrintEndRequirementMatrix),--('Requirement Matrix'!$M$8:$M$307<>""))+SUMPRODUCT(--(ROW('Evaluation Crosswalk'!$A$8:$A$307)>PrintEndEvaluationCrosswalk),--('Evaluation Crosswalk'!$A$8:$A$307<>""))+SUMPRODUCT(--(ROW('Submission Checklist'!$A$7:$A$307)>PrintEndSubmissionChecklist),--('Submission Checklist'!$A$7:$A$307<>""))+SUMPRODUCT(--(ROW('Submission Checklist'!$G$7:$G$307)>PrintEndSubmissionChecklist),--('Submission Checklist'!$G$7:$G$307<>""))+SUMPRODUCT(--(ROW('Pricing & Deliverables'!$A$7:$A$307)>PrintEndPricingDeliverables),--('Pricing & Deliverables'!$A$7:$A$307<>""))+SUMPRODUCT(--(ROW('Pricing & Deliverables'!$L$7:$L$307)>PrintEndPricingDeliverables),--('Pricing & Deliverables'!$L$7:$L$307<>""))+SUMPRODUCT(--(ROW('Questions-Risks'!$A$7:$A$307)>PrintEndQuestionsRisks),--('Questions-Risks'!$A$7:$A$307<>""))+SUMPRODUCT(--(ROW('Questions-Risks'!$L$7:$L$307)>PrintEndQuestionsRisks),--('Questions-Risks'!$L$7:$L$307<>""))+SUMPRODUCT(--(ROW('Amendment Log'!$A$7:$A$307)>PrintEndAmendmentLog),--('Amendment Log'!$A$7:$A$307<>""))+SUMPRODUCT(--(ROW(Sources!$A$6:$A$307)>PrintEndSources),--(Sources!$A$6:$A$307<>""))>0,"Check print areas after adding rows. Include every populated row before printing or exporting PDF. See Start Here.","Use the working tabs to record evidence, resolve questions and verify the final submission.") -> Use the working tabs to record evidence, resolve questions and verify the final submission.

Sheet Requirement Matrix
A1: Requirement Matrix | B1: Requirement Matrix | C1: Requirement Matrix
A2: Requirement Matrix | B2: Requirement Matrix | C2: Requirement Matrix
A3: Populate from the actual solicitation and company inputs. Empty rows are not active controls. | B3: Populate from the actual solicitation and company inputs. Empty rows are not active controls. | C3: Populate from the actual solicitation and company inputs. Empty rows are not active controls.
A4: Populate from the actual solicitation and company inputs. Empty rows are not active controls. | B4: Populate from the actual solicitation and company inputs. Empty rows are not active controls. | C4: Populate from the actual solicitation and company inputs. Empty rows are not active controls.
A5: Populate from the actual solicitation and company inputs. Empty rows are not active controls. | B5: Populate from the actual solicitation and company inputs. Empty rows are not active controls. | C5: Populate from the actual solicitation and company inputs. Empty rows are not active controls.
A7: Req ID | B7: Verbatim Requirement | C7: Source Citation | D7: Proposal Action / Interpretation | E7: Proposal Volume | F7: Proposal Outline Ref | G7: Evidence / Artifact Needed | H7: Compliance Posture | I7: Draft Status | J7: Evidence Reviewed | K7: Final Proposal Location | L7: Final Page / File | M7: Control Flag | N7: Source Area | O7: Requirement Category | P7: Requirement Level | Q7: Owner | R7: Support Owner(s) | S7: Evaluator Focus / Discriminator | T7: Amendment / Q&A Impact | U7: Notes / Assumptions | V7: Source URL | W7: Source ID | X7: Classification
M8: =IF(A8="",IF(SUMPRODUCT(--(B8:L8<>""))+SUMPRODUCT(--(N8:X8<>""))>0,"Missing ID",""),IF(COUNTIF($A$8:$A$307,A8)>1,"Duplicate ID",IF(OR(B8="",C8="",V8="",W8=""),"Source incomplete",IF(AND(H8<>"Pass",H8<>"Fail",H8<>"Unresolved"),"Choose compliance",IF(AND(I8<>"Not started",I8<>"In progress",I8<>"In review",I8<>"Complete"),"Choose progress",IF(AND(OR(H8="Pass",I8="Complete"),OR(J8="",K8="",L8="")),"Evidence or file missing",""))))))
M9: =IF(A9="",IF(SUMPRODUCT(--(B9:L9<>""))+SUMPRODUCT(--(N9:X9<>""))>0,"Missing ID",""),IF(COUNTIF($A$8:$A$307,A9)>1,"Duplicate ID",IF(OR(B9="",C9="",V9="",W9=""),"Source incomplete",IF(AND(H9<>"Pass",H9<>"Fail",H9<>"Unresolved"),"Choose compliance",IF(AND(I9<>"Not started",I9<>"In progress",I9<>"In review",I9<>"Complete"),"Choose progress",IF(AND(OR(H9="Pass",I9="Complete"),OR(J9="",K9="",L9="")),"Evidence or file missing",""))))))
M10: =IF(A10="",IF(SUMPRODUCT(--(B10:L10<>""))+SUMPRODUCT(--(N10:X10<>""))>0,"Missing ID",""),IF(COUNTIF($A$8:$A$307,A10)>1,"Duplicate ID",IF(OR(B10="",C10="",V10="",W10=""),"Source incomplete",IF(AND(H10<>"Pass",H10<>"Fail",H10<>"Unresolved"),"Choose compliance",IF(AND(I10<>"Not started",I10<>"In progress",I10<>"In review",I10<>"Complete"),"Choose progress",IF(AND(OR(H10="Pass",I10="Complete"),OR(J10="",K10="",L10="")),"Evidence or file missing",""))))))
M11: =IF(A11="",IF(SUMPRODUCT(--(B11:L11<>""))+SUMPRODUCT(--(N11:X11<>""))>0,"Missing ID",""),IF(COUNTIF($A$8:$A$307,A11)>1,"Duplicate ID",IF(OR(B11="",C11="",V11="",W11=""),"Source incomplete",IF(AND(H11<>"Pass",H11<>"Fail",H11<>"Unresolved"),"Choose compliance",IF(AND(I11<>"Not started",I11<>"In progress",I11<>"In review",I11<>"Complete"),"Choose progress",IF(AND(OR(H11="Pass",I11="Complete"),OR(J11="",K11="",L11="")),"Evidence or file missing",""))))))
M12: =IF(A12="",IF(SUMPRODUCT(--(B12:L12<>""))+SUMPRODUCT(--(N12:X12<>""))>0,"Missing ID",""),IF(COUNTIF($A$8:$A$307,A12)>1,"Duplicate ID",IF(OR(B12="",C12="",V12="",W12=""),"Source incomplete",IF(AND(H12<>"Pass",H12<>"Fail",H12<>"Unresolved"),"Choose compliance",IF(AND(I12<>"Not started",I12<>"In progress",I12<>"In review",I12<>"Complete"),"Choose progress",IF(AND(OR(H12="Pass",I12="Complete"),OR(J12="",K12="",L12="")),"Evidence or file missing",""))))))
M13: =IF(A13="",IF(SUMPRODUCT(--(B13:L13<>""))+SUMPRODUCT(--(N13:X13<>""))>0,"Missing ID",""),IF(COUNTIF($A$8:$A$307,A13)>1,"Duplicate ID",IF(OR(B13="",C13="",V13="",W13=""),"Source incomplete",IF(AND(H13<>"Pass",H13<>"Fail",H13<>"Unresolved"),"Choose compliance",IF(AND(I13<>"Not started",I13<>"In progress",I13<>"In review",I13<>"Complete"),"Choose progress",IF(AND(OR(H13="Pass",I13="Complete"),OR(J13="",K13="",L13="")),"Evidence or file missing",""))))))
M14: =IF(A14="",IF(SUMPRODUCT(--(B14:L14<>""))+SUMPRODUCT(--(N14:X14<>""))>0,"Missing ID",""),IF(COUNTIF($A$8:$A$307,A14)>1,"Duplicate ID",IF(OR(B14="",C14="",V14="",W14=""),"Source incomplete",IF(AND(H14<>"Pass",H14<>"Fail",H14<>"Unresolved"),"Choose compliance",IF(AND(I14<>"Not started",I14<>"In progress",I14<>"In review",I14<>"Complete"),"Choose progress",IF(AND(OR(H14="Pass",I14="Complete"),OR(J14="",K14="",L14="")),"Evidence or file missing",""))))))
M15: =IF(A15="",IF(SUMPRODUCT(--(B15:L15<>""))+SUMPRODUCT(--(N15:X15<>""))>0,"Missing ID",""),IF(COUNTIF($A$8:$A$307,A15)>1,"Duplicate ID",IF(OR(B15="",C15="",V15="",W15=""),"Source incomplete",IF(AND(H15<>"Pass",H15<>"Fail",H15<>"Unresolved"),"Choose compliance",IF(AND(I15<>"Not started",I15<>"In progress",I15<>"In review",I15<>"Complete"),"Choose progress",IF(AND(OR(H15="Pass",I15="Complete"),OR(J15="",K15="",L15="")),"Evidence or file missing",""))))))
M16: =IF(A16="",IF(SUMPRODUCT(--(B16:L16<>""))+SUMPRODUCT(--(N16:X16<>""))>0,"Missing ID",""),IF(COUNTIF($A$8:$A$307,A16)>1,"Duplicate ID",IF(OR(B16="",C16="",V16="",W16=""),"Source incomplete",IF(AND(H16<>"Pass",H16<>"Fail",H16<>"Unresolved"),"Choose compliance",IF(AND(I16<>"Not started",I16<>"In progress",I16<>"In review",I16<>"Complete"),"Choose progress",IF(AND(OR(H16="Pass",I16="Complete"),OR(J16="",K16="",L16="")),"Evidence or file missing",""))))))
M17: =IF(A17="",IF(SUMPRODUCT(--(B17:L17<>""))+SUMPRODUCT(--(N17:X17<>""))>0,"Missing ID",""),IF(COUNTIF($A$8:$A$307,A17)>1,"Duplicate ID",IF(OR(B17="",C17="",V17="",W17=""),"Source incomplete",IF(AND(H17<>"Pass",H17<>"Fail",H17<>"Unresolved"),"Choose compliance",IF(AND(I17<>"Not started",I17<>"In progress",I17<>"In review",I17<>"Complete"),"Choose progress",IF(AND(OR(H17="Pass",I17="Complete"),OR(J17="",K17="",L17="")),"Evidence or file missing",""))))))
M18: =IF(A18="",IF(SUMPRODUCT(--(B18:L18<>""))+SUMPRODUCT(--(N18:X18<>""))>0,"Missing ID",""),IF(COUNTIF($A$8:$A$307,A18)>1,"Duplicate ID",IF(OR(B18="",C18="",V18="",W18=""),"Source incomplete",IF(AND(H18<>"Pass",H18<>"Fail",H18<>"Unresolved"),"Choose compliance",IF(AND(I18<>"Not started",I18<>"In progress",I18<>"In review",I18<>"Complete"),"Choose progress",IF(AND(OR(H18="Pass",I18="Complete"),OR(J18="",K18="",L18="")),"Evidence or file missing",""))))))
M19: =IF(A19="",IF(SUMPRODUCT(--(B19:L19<>""))+SUMPRODUCT(--(N19:X19<>""))>0,"Missing ID",""),IF(COUNTIF($A$8:$A$307,A19)>1,"Duplicate ID",IF(OR(B19="",C19="",V19="",W19=""),"Source incomplete",IF(AND(H19<>"Pass",H19<>"Fail",H19<>"Unresolved"),"Choose compliance",IF(AND(I19<>"Not started",I19<>"In progress",I19<>"In review",I19<>"Complete"),"Choose progress",IF(AND(OR(H19="Pass",I19="Complete"),OR(J19="",K19="",L19="")),"Evidence or file missing",""))))))
... M307: =IF(A307="",IF(SUMPRODUCT(--(B307:L307<>""))+SUMPRODUCT(--(N307:X307<>""))>0,"Missing ID",""),IF(COUNTIF($A$8:$A$307,A307)>1,"Duplicate ID",IF(OR(B307="",C307="",V307="",W307=""),"Source incomplete",IF(AND(H307<>"Pass",H307<>"Fail",H307<>"Unresolved"),"Choose compliance",IF(AND(I307<>"Not started",I307<>"In progress",I307<>"In review",I307<>"Complete"),"Choose progress",IF(AND(OR(H307="Pass",I307="Complete"),OR(J307="",K307="",L307="")),"Evidence or file missing",""))))))

Sheet Evaluation Crosswalk
A1: Evaluation Crosswalk | B1: Evaluation Crosswalk | C1: Evaluation Crosswalk
A2: Evaluation Crosswalk | B2: Evaluation Crosswalk | C2: Evaluation Crosswalk
A3: Populate from the actual solicitation and company inputs. Empty rows are not active controls. | B3: Populate from the actual solicitation and company inputs. Empty rows are not active controls. | C3: Populate from the actual solicitation and company inputs. Empty rows are not active controls.
A4: Populate from the actual solicitation and company inputs. Empty rows are not active controls. | B4: Populate from the actual solicitation and company inputs. Empty rows are not active controls. | C4: Populate from the actual solicitation and company inputs. Empty rows are not active controls.
A5: Populate from the actual solicitation and company inputs. Empty rows are not active controls. | B5: Populate from the actual solicitation and company inputs. Empty rows are not active controls. | C5: Populate from the actual solicitation and company inputs. Empty rows are not active controls.
A7: Eval ID | B7: Factor / Subfactor | C7: Evaluator Focus | D7: Source Citation | E7: Related Req IDs | F7: Proposal Volume | G7: Proposal Section | H7: Evidence / Discriminators | I7: Review Status | J7: Relative Importance | K7: Lead Owner | L7: Source URL

Sheet Submission Checklist
A1: Submission Checklist | B1: Submission Checklist | C1: Submission Checklist
A2: Submission Checklist | B2: Submission Checklist | C2: Submission Checklist
A3: Populate from the actual solicitation and company inputs. Empty rows are not active controls. | B3: Populate from the actual solicitation and company inputs. Empty rows are not active controls. | C3: Populate from the actual solicitation and company inputs. Empty rows are not active controls.
A4: Populate from the actual solicitation and company inputs. Empty rows are not active controls. | B4: Populate from the actual solicitation and company inputs. Empty rows are not active controls. | C4: Populate from the actual solicitation and company inputs. Empty rows are not active controls.
A6: Check ID | B6: Control Item | C6: Due / Verify By | D6: Status | E6: Evidence / Location | F6: Source Citation | G6: Control Flag | H6: Category | I6: Why it matters | J6: Owner | K6: Notes
G7: =IF(A7="",IF(SUMPRODUCT(--(B7<>""))+SUMPRODUCT(--(D7:F7<>""))+SUMPRODUCT(--(H7:K7<>""))>0,"Missing ID",""),IF(COUNTIF($A$7:$A$307,A7)>1,"Duplicate ID",IF(AND(D7="Complete",E7=""),"Evidence missing",IF(AND(D7<>"Not started",D7<>"In progress",D7<>"In review",D7<>"Complete"),"Choose a status",""))))
G8: =IF(A8="",IF(SUMPRODUCT(--(B8<>""))+SUMPRODUCT(--(D8:F8<>""))+SUMPRODUCT(--(H8:K8<>""))>0,"Missing ID",""),IF(COUNTIF($A$7:$A$307,A8)>1,"Duplicate ID",IF(AND(D8="Complete",E8=""),"Evidence missing",IF(AND(D8<>"Not started",D8<>"In progress",D8<>"In review",D8<>"Complete"),"Choose a status",""))))
G9: =IF(A9="",IF(SUMPRODUCT(--(B9<>""))+SUMPRODUCT(--(D9:F9<>""))+SUMPRODUCT(--(H9:K9<>""))>0,"Missing ID",""),IF(COUNTIF($A$7:$A$307,A9)>1,"Duplicate ID",IF(AND(D9="Complete",E9=""),"Evidence missing",IF(AND(D9<>"Not started",D9<>"In progress",D9<>"In review",D9<>"Complete"),"Choose a status",""))))
G10: =IF(A10="",IF(SUMPRODUCT(--(B10<>""))+SUMPRODUCT(--(D10:F10<>""))+SUMPRODUCT(--(H10:K10<>""))>0,"Missing ID",""),IF(COUNTIF($A$7:$A$307,A10)>1,"Duplicate ID",IF(AND(D10="Complete",E10=""),"Evidence missing",IF(AND(D10<>"Not started",D10<>"In progress",D10<>"In review",D10<>"Complete"),"Choose a status",""))))
G11: =IF(A11="",IF(SUMPRODUCT(--(B11<>""))+SUMPRODUCT(--(D11:F11<>""))+SUMPRODUCT(--(H11:K11<>""))>0,"Missing ID",""),IF(COUNTIF($A$7:$A$307,A11)>1,"Duplicate ID",IF(AND(D11="Complete",E11=""),"Evidence missing",IF(AND(D11<>"Not started",D11<>"In progress",D11<>"In review",D11<>"Complete"),"Choose a status",""))))
G12: =IF(A12="",IF(SUMPRODUCT(--(B12<>""))+SUMPRODUCT(--(D12:F12<>""))+SUMPRODUCT(--(H12:K12<>""))>0,"Missing ID",""),IF(COUNTIF($A$7:$A$307,A12)>1,"Duplicate ID",IF(AND(D12="Complete",E12=""),"Evidence missing",IF(AND(D12<>"Not started",D12<>"In progress",D12<>"In review",D12<>"Complete"),"Choose a status",""))))
G13: =IF(A13="",IF(SUMPRODUCT(--(B13<>""))+SUMPRODUCT(--(D13:F13<>""))+SUMPRODUCT(--(H13:K13<>""))>0,"Missing ID",""),IF(COUNTIF($A$7:$A$307,A13)>1,"Duplicate ID",IF(AND(D13="Complete",E13=""),"Evidence missing",IF(AND(D13<>"Not started",D13<>"In progress",D13<>"In review",D13<>"Complete"),"Choose a status",""))))
G14: =IF(A14="",IF(SUMPRODUCT(--(B14<>""))+SUMPRODUCT(--(D14:F14<>""))+SUMPRODUCT(--(H14:K14<>""))>0,"Missing ID",""),IF(COUNTIF($A$7:$A$307,A14)>1,"Duplicate ID",IF(AND(D14="Complete",E14=""),"Evidence missing",IF(AND(D14<>"Not started",D14<>"In progress",D14<>"In review",D14<>"Complete"),"Choose a status",""))))
G15: =IF(A15="",IF(SUMPRODUCT(--(B15<>""))+SUMPRODUCT(--(D15:F15<>""))+SUMPRODUCT(--(H15:K15<>""))>0,"Missing ID",""),IF(COUNTIF($A$7:$A$307,A15)>1,"Duplicate ID",IF(AND(D15="Complete",E15=""),"Evidence missing",IF(AND(D15<>"Not started",D15<>"In progress",D15<>"In review",D15<>"Complete"),"Choose a status",""))))
G16: =IF(A16="",IF(SUMPRODUCT(--(B16<>""))+SUMPRODUCT(--(D16:F16<>""))+SUMPRODUCT(--(H16:K16<>""))>0,"Missing ID",""),IF(COUNTIF($A$7:$A$307,A16)>1,"Duplicate ID",IF(AND(D16="Complete",E16=""),"Evidence missing",IF(AND(D16<>"Not started",D16<>"In progress",D16<>"In review",D16<>"Complete"),"Choose a status",""))))
G17: =IF(A17="",IF(SUMPRODUCT(--(B17<>""))+SUMPRODUCT(--(D17:F17<>""))+SUMPRODUCT(--(H17:K17<>""))>0,"Missing ID",""),IF(COUNTIF($A$7:$A$307,A17)>1,"Duplicate ID",IF(AND(D17="Complete",E17=""),"Evidence missing",IF(AND(D17<>"Not started",D17<>"In progress",D17<>"In review",D17<>"Complete"),"Choose a status",""))))
G18: =IF(A18="",IF(SUMPRODUCT(--(B18<>""))+SUMPRODUCT(--(D18:F18<>""))+SUMPRODUCT(--(H18:K18<>""))>0,"Missing ID",""),IF(COUNTIF($A$7:$A$307,A18)>1,"Duplicate ID",IF(AND(D18="Complete",E18=""),"Evidence missing",IF(AND(D18<>"Not started",D18<>"In progress",D18<>"In review",D18<>"Complete"),"Choose a status",""))))
... G307: =IF(A307="",IF(SUMPRODUCT(--(B307<>""))+SUMPRODUCT(--(D307:F307<>""))+SUMPRODUCT(--(H307:K307<>""))>0,"Missing ID",""),IF(COUNTIF($A$7:$A$307,A307)>1,"Duplicate ID",IF(AND(D307="Complete",E307=""),"Evidence missing",IF(AND(D307<>"Not started",D307<>"In progress",D307<>"In review",D307<>"Complete"),"Choose a status",""))))

Sheet Pricing & Deliverables
A1: Pricing & Deliverables | B1: Pricing & Deliverables | C1: Pricing & Deliverables
A2: Pricing & Deliverables | B2: Pricing & Deliverables | C2: Pricing & Deliverables
A3: Populate from the actual solicitation and company inputs. Empty rows are not active controls. | B3: Populate from the actual solicitation and company inputs. Empty rows are not active controls. | C3: Populate from the actual solicitation and company inputs. Empty rows are not active controls.
A4: Populate from the actual solicitation and company inputs. Empty rows are not active controls. | B4: Populate from the actual solicitation and company inputs. Empty rows are not active controls. | C4: Populate from the actual solicitation and company inputs. Empty rows are not active controls.
A6: Item ID | B6: Description | C6: Related Requirement IDs | D6: Price / Proposal Location | E6: Status | F6: Notes | G6: Source Citation | H6: Item Type | I6: Owner | J6: Source URL | K6: Evidence Reviewed | L6: Control Flag
L7: =IF(A7="",IF(SUMPRODUCT(--(B7:K7<>""))>0,"Missing ID",""),IF(COUNTIF($A$7:$A$307,A7)>1,"Duplicate ID",IF(AND(E7="Complete",K7=""),"Evidence missing",IF(AND(E7<>"Not started",E7<>"In progress",E7<>"In review",E7<>"Complete"),"Choose a status",""))))
L8: =IF(A8="",IF(SUMPRODUCT(--(B8:K8<>""))>0,"Missing ID",""),IF(COUNTIF($A$7:$A$307,A8)>1,"Duplicate ID",IF(AND(E8="Complete",K8=""),"Evidence missing",IF(AND(E8<>"Not started",E8<>"In progress",E8<>"In review",E8<>"Complete"),"Choose a status",""))))
L9: =IF(A9="",IF(SUMPRODUCT(--(B9:K9<>""))>0,"Missing ID",""),IF(COUNTIF($A$7:$A$307,A9)>1,"Duplicate ID",IF(AND(E9="Complete",K9=""),"Evidence missing",IF(AND(E9<>"Not started",E9<>"In progress",E9<>"In review",E9<>"Complete"),"Choose a status",""))))
L10: =IF(A10="",IF(SUMPRODUCT(--(B10:K10<>""))>0,"Missing ID",""),IF(COUNTIF($A$7:$A$307,A10)>1,"Duplicate ID",IF(AND(E10="Complete",K10=""),"Evidence missing",IF(AND(E10<>"Not started",E10<>"In progress",E10<>"In review",E10<>"Complete"),"Choose a status",""))))
L11: =IF(A11="",IF(SUMPRODUCT(--(B11:K11<>""))>0,"Missing ID",""),IF(COUNTIF($A$7:$A$307,A11)>1,"Duplicate ID",IF(AND(E11="Complete",K11=""),"Evidence missing",IF(AND(E11<>"Not started",E11<>"In progress",E11<>"In review",E11<>"Complete"),"Choose a status",""))))
L12: =IF(A12="",IF(SUMPRODUCT(--(B12:K12<>""))>0,"Missing ID",""),IF(COUNTIF($A$7:$A$307,A12)>1,"Duplicate ID",IF(AND(E12="Complete",K12=""),"Evidence missing",IF(AND(E12<>"Not started",E12<>"In progress",E12<>"In review",E12<>"Complete"),"Choose a status",""))))
L13: =IF(A13="",IF(SUMPRODUCT(--(B13:K13<>""))>0,"Missing ID",""),IF(COUNTIF($A$7:$A$307,A13)>1,"Duplicate ID",IF(AND(E13="Complete",K13=""),"Evidence missing",IF(AND(E13<>"Not started",E13<>"In progress",E13<>"In review",E13<>"Complete"),"Choose a status",""))))
L14: =IF(A14="",IF(SUMPRODUCT(--(B14:K14<>""))>0,"Missing ID",""),IF(COUNTIF($A$7:$A$307,A14)>1,"Duplicate ID",IF(AND(E14="Complete",K14=""),"Evidence missing",IF(AND(E14<>"Not started",E14<>"In progress",E14<>"In review",E14<>"Complete"),"Choose a status",""))))
L15: =IF(A15="",IF(SUMPRODUCT(--(B15:K15<>""))>0,"Missing ID",""),IF(COUNTIF($A$7:$A$307,A15)>1,"Duplicate ID",IF(AND(E15="Complete",K15=""),"Evidence missing",IF(AND(E15<>"Not started",E15<>"In progress",E15<>"In review",E15<>"Complete"),"Choose a status",""))))
L16: =IF(A16="",IF(SUMPRODUCT(--(B16:K16<>""))>0,"Missing ID",""),IF(COUNTIF($A$7:$A$307,A16)>1,"Duplicate ID",IF(AND(E16="Complete",K16=""),"Evidence missing",IF(AND(E16<>"Not started",E16<>"In progress",E16<>"In review",E16<>"Complete"),"Choose a status",""))))
L17: =IF(A17="",IF(SUMPRODUCT(--(B17:K17<>""))>0,"Missing ID",""),IF(COUNTIF($A$7:$A$307,A17)>1,"Duplicate ID",IF(AND(E17="Complete",K17=""),"Evidence missing",IF(AND(E17<>"Not started",E17<>"In progress",E17<>"In review",E17<>"Complete"),"Choose a status",""))))
L18: =IF(A18="",IF(SUMPRODUCT(--(B18:K18<>""))>0,"Missing ID",""),IF(COUNTIF($A$7:$A$307,A18)>1,"Duplicate ID",IF(AND(E18="Complete",K18=""),"Evidence missing",IF(AND(E18<>"Not started",E18<>"In progress",E18<>"In review",E18<>"Complete"),"Choose a status",""))))
... L307: =IF(A307="",IF(SUMPRODUCT(--(B307:K307<>""))>0,"Missing ID",""),IF(COUNTIF($A$7:$A$307,A307)>1,"Duplicate ID",IF(AND(E307="Complete",K307=""),"Evidence missing",IF(AND(E307<>"Not started",E307<>"In progress",E307<>"In review",E307<>"Complete"),"Choose a status",""))))

Sheet Questions-Risks
A1: Questions-Risks | B1: Questions-Risks | C1: Questions-Risks
A2: Questions-Risks | B2: Questions-Risks | C2: Questions-Risks
A3: Populate from the actual solicitation and company inputs. Empty rows are not active controls. | B3: Populate from the actual solicitation and company inputs. Empty rows are not active controls. | C3: Populate from the actual solicitation and company inputs. Empty rows are not active controls.
A4: Populate from the actual solicitation and company inputs. Empty rows are not active controls. | B4: Populate from the actual solicitation and company inputs. Empty rows are not active controls. | C4: Populate from the actual solicitation and company inputs. Empty rows are not active controls.
A6: Item ID | B6: Issue / Decision | C6: Resolution Path | D6: Impacted Req IDs | E6: Due Date | F6: Status | G6: Resolution / Notes | H6: Type | I6: Priority | J6: Owner | K6: Need Customer Q&A? | L6: Control Flag
L7: =IF(A7="",IF(SUMPRODUCT(--(B7:D7<>""))+SUMPRODUCT(--(F7:K7<>""))>0,"Missing ID",""),IF(COUNTIF($A$7:$A$307,A7)>1,"Duplicate ID",IF(AND(F7="Complete",G7=""),"Evidence missing",IF(AND(F7<>"Not started",F7<>"In progress",F7<>"In review",F7<>"Complete"),"Choose a status",""))))
L8: =IF(A8="",IF(SUMPRODUCT(--(B8:D8<>""))+SUMPRODUCT(--(F8:K8<>""))>0,"Missing ID",""),IF(COUNTIF($A$7:$A$307,A8)>1,"Duplicate ID",IF(AND(F8="Complete",G8=""),"Evidence missing",IF(AND(F8<>"Not started",F8<>"In progress",F8<>"In review",F8<>"Complete"),"Choose a status",""))))
L9: =IF(A9="",IF(SUMPRODUCT(--(B9:D9<>""))+SUMPRODUCT(--(F9:K9<>""))>0,"Missing ID",""),IF(COUNTIF($A$7:$A$307,A9)>1,"Duplicate ID",IF(AND(F9="Complete",G9=""),"Evidence missing",IF(AND(F9<>"Not started",F9<>"In progress",F9<>"In review",F9<>"Complete"),"Choose a status",""))))
L10: =IF(A10="",IF(SUMPRODUCT(--(B10:D10<>""))+SUMPRODUCT(--(F10:K10<>""))>0,"Missing ID",""),IF(COUNTIF($A$7:$A$307,A10)>1,"Duplicate ID",IF(AND(F10="Complete",G10=""),"Evidence missing",IF(AND(F10<>"Not started",F10<>"In progress",F10<>"In review",F10<>"Complete"),"Choose a status",""))))
L11: =IF(A11="",IF(SUMPRODUCT(--(B11:D11<>""))+SUMPRODUCT(--(F11:K11<>""))>0,"Missing ID",""),IF(COUNTIF($A$7:$A$307,A11)>1,"Duplicate ID",IF(AND(F11="Complete",G11=""),"Evidence missing",IF(AND(F11<>"Not started",F11<>"In progress",F11<>"In review",F11<>"Complete"),"Choose a status",""))))
L12: =IF(A12="",IF(SUMPRODUCT(--(B12:D12<>""))+SUMPRODUCT(--(F12:K12<>""))>0,"Missing ID",""),IF(COUNTIF($A$7:$A$307,A12)>1,"Duplicate ID",IF(AND(F12="Complete",G12=""),"Evidence missing",IF(AND(F12<>"Not started",F12<>"In progress",F12<>"In review",F12<>"Complete"),"Choose a status",""))))
L13: =IF(A13="",IF(SUMPRODUCT(--(B13:D13<>""))+SUMPRODUCT(--(F13:K13<>""))>0,"Missing ID",""),IF(COUNTIF($A$7:$A$307,A13)>1,"Duplicate ID",IF(AND(F13="Complete",G13=""),"Evidence missing",IF(AND(F13<>"Not started",F13<>"In progress",F13<>"In review",F13<>"Complete"),"Choose a status",""))))
L14: =IF(A14="",IF(SUMPRODUCT(--(B14:D14<>""))+SUMPRODUCT(--(F14:K14<>""))>0,"Missing ID",""),IF(COUNTIF($A$7:$A$307,A14)>1,"Duplicate ID",IF(AND(F14="Complete",G14=""),"Evidence missing",IF(AND(F14<>"Not started",F14<>"In progress",F14<>"In review",F14<>"Complete"),"Choose a status",""))))
L15: =IF(A15="",IF(SUMPRODUCT(--(B15:D15<>""))+SUMPRODUCT(--(F15:K15<>""))>0,"Missing ID",""),IF(COUNTIF($A$7:$A$307,A15)>1,"Duplicate ID",IF(AND(F15="Complete",G15=""),"Evidence missing",IF(AND(F15<>"Not started",F15<>"In progress",F15<>"In review",F15<>"Complete"),"Choose a status",""))))
L16: =IF(A16="",IF(SUMPRODUCT(--(B16:D16<>""))+SUMPRODUCT(--(F16:K16<>""))>0,"Missing ID",""),IF(COUNTIF($A$7:$A$307,A16)>1,"Duplicate ID",IF(AND(F16="Complete",G16=""),"Evidence missing",IF(AND(F16<>"Not started",F16<>"In progress",F16<>"In review",F16<>"Complete"),"Choose a status",""))))
L17: =IF(A17="",IF(SUMPRODUCT(--(B17:D17<>""))+SUMPRODUCT(--(F17:K17<>""))>0,"Missing ID",""),IF(COUNTIF($A$7:$A$307,A17)>1,"Duplicate ID",IF(AND(F17="Complete",G17=""),"Evidence missing",IF(AND(F17<>"Not started",F17<>"In progress",F17<>"In review",F17<>"Complete"),"Choose a status",""))))
L18: =IF(A18="",IF(SUMPRODUCT(--(B18:D18<>""))+SUMPRODUCT(--(F18:K18<>""))>0,"Missing ID",""),IF(COUNTIF($A$7:$A$307,A18)>1,"Duplicate ID",IF(AND(F18="Complete",G18=""),"Evidence missing",IF(AND(F18<>"Not started",F18<>"In progress",F18<>"In review",F18<>"Complete"),"Choose a status",""))))
... L307: =IF(A307="",IF(SUMPRODUCT(--(B307:D307<>""))+SUMPRODUCT(--(F307:K307<>""))>0,"Missing ID",""),IF(COUNTIF($A$7:$A$307,A307)>1,"Duplicate ID",IF(AND(F307="Complete",G307=""),"Evidence missing",IF(AND(F307<>"Not started",F307<>"In progress",F307<>"In review",F307<>"Complete"),"Choose a status",""))))

Sheet Amendment Log
A1: Amendment Log | B1: Amendment Log | C1: Amendment Log
A2: Amendment Log | B2: Amendment Log | C2: Amendment Log
A3: Populate from the actual solicitation and company inputs. Empty rows are not active controls. | B3: Populate from the actual solicitation and company inputs. Empty rows are not active controls. | C3: Populate from the actual solicitation and company inputs. Empty rows are not active controls.
A4: Populate from the actual solicitation and company inputs. Empty rows are not active controls. | B4: Populate from the actual solicitation and company inputs. Empty rows are not active controls. | C4: Populate from the actual solicitation and company inputs. Empty rows are not active controls.
A6: Amendment ID | B6: Date | C6: Summary of Change / Clarification | D6: Impacted Req IDs | E6: Action Needed | F6: Status | G6: Impacted Sections | H6: Change Type | I6: Owner | J6: Source URL

Sheet Sources
A1: Sources | B1: Sources | C1: Sources
A2: Sources | B2: Sources | C2: Sources
A3: Populate from the actual solicitation and company inputs. Empty rows are not active controls. | B3: Populate from the actual solicitation and company inputs. Empty rows are not active controls. | C3: Populate from the actual solicitation and company inputs. Empty rows are not active controls.
A5: Source Type | B5: Short Name | C5: What it supports | D5: Key Takeaway / Notes | E5: Source URL | F5: Source ID | G5: Classification | H5: SHA-256 | I5: Source date | J5: Retrieved date

Sheet Lists
A1: Compliance | B1: Work progress | C1: Requirement level | D1: Volumes
A2: Pass | B2: Not started | C2: Mandatory | D2: I
A3: Fail | B3: In progress | C3: Optional | D3: II
A4: Unresolved | B4: In review | D4: I and II
B5: Complete
