Workbook

Sheet Shortlist
A2: Teaming partner shortlist
A4: Buyer | B4: U.S. Fish and Wildlife Service | E4: As of | F4: 46280
A5: Pursuit | B5: Bitter Lake NWR survey
A6: Prime | B6: GovTribe, Inc. · UEI EDJBUPNLCCL5 | D6: Solicitation | E6: 140FC126R0018
A7: Due | B7: 46289 | C7: 5:00 PM EDT | E7: Submittal | F7: SF330
A8: GovTribe’s identity is real; scenario assumptions and past performance are illustrative. Real opportunity and candidate companies.
A9: =IF(COUNTA(CandidateData[ID])=0,"Add pursuit and candidate inputs to begin.",IF(OR(B4="",B5="",B6="",F4=""),"Complete the pursuit identity above.",COUNTIF(CandidateData[Recommendation],"Shortlist")&" shortlist · "&COUNTIF(CandidateData[Recommendation],"Research further")&" research further · "&COUNTIF(CandidateData[Recommendation],"Exclude")&" exclude"&IF(SUMPRODUCT(--(CandidateData[Input check]<>""))+SUMPRODUCT(--(NeedData[Input check]<>""))+SUMPRODUCT(--(MatchData[Input check]<>""))+SUMPRODUCT(--(WorkData[Input check]<>""))+SUMPRODUCT(--(CheckData[Input check]<>""))+SUMPRODUCT(--(SourceData[Input check]<>""))>0," · Check inputs",""))) -> 2 shortlist · 2 research further · 0 exclude
G10: Next steps and candidate inputs
A11: ID | B11: Company / UEI | C11: Proposed role | D11: Recommendation | E11: Why | F11: Main conditions | G11: Candidate | H11: Next action | I11: Required checks | J11: Source ID | K11: Main issue | L11: Input check
A12: C01 | B12: =IF(A12="","",IF(IF(J12="","Add source ID",IF(NOT(SUMPRODUCT(--(SourceData[ID]=J12))=1),"Unknown or duplicate source",IF(INDEX(SourceData[Input check],MATCH(J12,SourceData[ID],0))<>"","Complete source record","")))<>"","Check vendor source",HYPERLINK(INDEX(SourceData[URL],MATCH(J12,SourceData[ID],0)),INDEX(SourceData[Title],MATCH(J12,SourceData[ID],0))&IF(INDEX(SourceData[UEI],MATCH(J12,SourceData[ID],0))="","",CHAR(10)&"UEI "&INDEX(SourceData[UEI],MATCH(J12,SourceData[ID],0)))))) -> Dewberry Engineers Inc. UEI K3WDSCEDY1V5 | C12: Lead airborne topobathymetric collection. | D12: Shortlist | E12: Green-laser capability disclosure and a NOAA mapping award warrant contact. | F12: =IF(A12="","",K12&CHAR(10)&I12&IF(L12<>"",CHAR(10)&"Check inputs; counts may be incomplete","")) -> Aircraft slot and licensed team are unconfirmed. 0 failed; 7 unresolved | G12: =IF(A12="","",A12&CHAR(10)&B12) -> C01 Dewberry Engineers Inc. UEI K3WDSCEDY1V5 | H12: Ask for a sensor/crew plan, licensed staff and one recent evaluated project. | I12: =IF(A12="","",IF(SUMPRODUCT(--(MatchData[Candidate ID]=A12))+SUMPRODUCT(--((CheckData[Candidate ID]=A12)+(CheckData[Candidate ID]="TEAM")>0))=0,"No assessments recorded",(SUMPRODUCT(--((CheckData[Candidate ID]=A12)+(CheckData[Candidate ID]="TEAM")>0),--(CheckData[Required]="Yes"),--(CheckData[Status]="Fail"))+SUMPRODUCT(--(MatchData[Candidate ID]=A12),--(MatchData[Priority]="Required"),--(MatchData[Status]="Fail")))&" failed; "&(SUMPRODUCT(--((CheckData[Candidate ID]=A12)+(CheckData[Candidate ID]="TEAM")>0),--(CheckData[Required]="Yes"),--(CheckData[Status]="Unresolved"))+SUMPRODUCT(--(MatchData[Candidate ID]=A12),--(MatchData[Priority]="Required"),--(MatchData[Status]="Unresolved")))&" unresolved"&IF(COUNTIF(NeedData[Priority],"Required")>SUMPRODUCT(--(MatchData[Candidate ID]=A12),--(MatchData[Priority]="Required")),"; needs not assessed",""))) -> 0 failed; 7 unresolved | J12: V01 | K12: Aircraft slot and licensed team are unconfirmed. | L12: =IF(NOT(OR(A12<>"",C12<>"",D12<>"",E12<>"",H12<>"",J12<>"",K12<>"")),"",IF(A12="","Add ID",IF(NOT(SUMPRODUCT(--(CandidateData[ID]=A12))=1),"Duplicate ID",IF(IF(J12="","Add source ID",IF(NOT(SUMPRODUCT(--(SourceData[ID]=J12))=1),"Unknown or duplicate source",IF(INDEX(SourceData[Input check],MATCH(J12,SourceData[ID],0))<>"","Complete source record","")))<>"",IF(J12="","Add source ID",IF(NOT(SUMPRODUCT(--(SourceData[ID]=J12))=1),"Unknown or duplicate source",IF(INDEX(SourceData[Input check],MATCH(J12,SourceData[ID],0))<>"","Complete source record",""))),IF(INDEX(SourceData[UEI],MATCH(J12,SourceData[ID],0))="","Add vendor UEI",IF(OR(SUMPRODUCT(--(CandidateData[Source ID]=J12))<>1,SUMPRODUCT(--(CandidateData[ID]<>""),--(RIGHT(CandidateData[Company / UEI],12)=INDEX(SourceData[UEI],MATCH(J12,SourceData[ID],0))))>1),"Duplicate vendor",IF(OR(C12="",E12="",H12="",K12=""),"Add role, reason, issue and action",IF(NOT(OR(D12="Shortlist",D12="Research further",D12="Exclude")),"Choose recommendation",IF(SUMPRODUCT(--(MatchData[Candidate ID]=A12),--(MatchData[Input check]<>""))+SUMPRODUCT(--((CheckData[Candidate ID]=A12)+(CheckData[Candidate ID]="TEAM")>0),--(CheckData[Input check]<>""))>0,"Complete assessments","")))))))))
A13: C02 | B13: =IF(A13="","",IF(IF(J13="","Add source ID",IF(NOT(SUMPRODUCT(--(SourceData[ID]=J13))=1),"Unknown or duplicate source",IF(INDEX(SourceData[Input check],MATCH(J13,SourceData[ID],0))<>"","Complete source record","")))<>"","Check vendor source",HYPERLINK(INDEX(SourceData[URL],MATCH(J13,SourceData[ID],0)),INDEX(SourceData[Title],MATCH(J13,SourceData[ID],0))&IF(INDEX(SourceData[UEI],MATCH(J13,SourceData[ID],0))="","",CHAR(10)&"UEI "&INDEX(SourceData[UEI],MATCH(J13,SourceData[ID],0)))))) -> NV5 Geospatial, Inc. UEI EMJEL3XM6A87 | C13: Alternative lead for airborne collection and processing. | D13: Shortlist | E13: NOAA documents bathymetric work; a recent mapping award warrants contact. | F13: =IF(A13="","",K13&CHAR(10)&I13&IF(L13<>"",CHAR(10)&"Check inputs; counts may be incomplete","")) -> Recent evaluated project and proposed team are unconfirmed. 0 failed; 6 unresolved | G13: =IF(A13="","",A13&CHAR(10)&B13) -> C02 NV5 Geospatial, Inc. UEI EMJEL3XM6A87 | H13: Request a recent project, intended contracting entity and November–February availability. | I13: =IF(A13="","",IF(SUMPRODUCT(--(MatchData[Candidate ID]=A13))+SUMPRODUCT(--((CheckData[Candidate ID]=A13)+(CheckData[Candidate ID]="TEAM")>0))=0,"No assessments recorded",(SUMPRODUCT(--((CheckData[Candidate ID]=A13)+(CheckData[Candidate ID]="TEAM")>0),--(CheckData[Required]="Yes"),--(CheckData[Status]="Fail"))+SUMPRODUCT(--(MatchData[Candidate ID]=A13),--(MatchData[Priority]="Required"),--(MatchData[Status]="Fail")))&" failed; "&(SUMPRODUCT(--((CheckData[Candidate ID]=A13)+(CheckData[Candidate ID]="TEAM")>0),--(CheckData[Required]="Yes"),--(CheckData[Status]="Unresolved"))+SUMPRODUCT(--(MatchData[Candidate ID]=A13),--(MatchData[Priority]="Required"),--(MatchData[Status]="Unresolved")))&" unresolved"&IF(COUNTIF(NeedData[Priority],"Required")>SUMPRODUCT(--(MatchData[Candidate ID]=A13),--(MatchData[Priority]="Required")),"; needs not assessed",""))) -> 0 failed; 6 unresolved | J13: V02 | K13: Recent evaluated project and proposed team are unconfirmed. | L13: =IF(NOT(OR(A13<>"",C13<>"",D13<>"",E13<>"",H13<>"",J13<>"",K13<>"")),"",IF(A13="","Add ID",IF(NOT(SUMPRODUCT(--(CandidateData[ID]=A13))=1),"Duplicate ID",IF(IF(J13="","Add source ID",IF(NOT(SUMPRODUCT(--(SourceData[ID]=J13))=1),"Unknown or duplicate source",IF(INDEX(SourceData[Input check],MATCH(J13,SourceData[ID],0))<>"","Complete source record","")))<>"",IF(J13="","Add source ID",IF(NOT(SUMPRODUCT(--(SourceData[ID]=J13))=1),"Unknown or duplicate source",IF(INDEX(SourceData[Input check],MATCH(J13,SourceData[ID],0))<>"","Complete source record",""))),IF(INDEX(SourceData[UEI],MATCH(J13,SourceData[ID],0))="","Add vendor UEI",IF(OR(SUMPRODUCT(--(CandidateData[Source ID]=J13))<>1,SUMPRODUCT(--(CandidateData[ID]<>""),--(RIGHT(CandidateData[Company / UEI],12)=INDEX(SourceData[UEI],MATCH(J13,SourceData[ID],0))))>1),"Duplicate vendor",IF(OR(C13="",E13="",H13="",K13=""),"Add role, reason, issue and action",IF(NOT(OR(D13="Shortlist",D13="Research further",D13="Exclude")),"Choose recommendation",IF(SUMPRODUCT(--(MatchData[Candidate ID]=A13),--(MatchData[Input check]<>""))+SUMPRODUCT(--((CheckData[Candidate ID]=A13)+(CheckData[Candidate ID]="TEAM")>0),--(CheckData[Input check]<>""))>0,"Complete assessments","")))))))))
A14: C03 | B14: =IF(A14="","",IF(IF(J14="","Add source ID",IF(NOT(SUMPRODUCT(--(SourceData[ID]=J14))=1),"Unknown or duplicate source",IF(INDEX(SourceData[Input check],MATCH(J14,SourceData[ID],0))<>"","Complete source record","")))<>"","Check vendor source",HYPERLINK(INDEX(SourceData[URL],MATCH(J14,SourceData[ID],0)),INDEX(SourceData[Title],MATCH(J14,SourceData[ID],0))&IF(INDEX(SourceData[UEI],MATCH(J14,SourceData[ID],0))="","",CHAR(10)&"UEI "&INDEX(SourceData[UEI],MATCH(J14,SourceData[ID],0)))))) -> Woolpert, Inc. UEI LD8UDJB9JLU1 | C14: Possible LiDAR/imagery collection partner. | D14: Research further | E14: NOAA LiDAR/imagery award is relevant; bathymetric evidence is still missing. | F14: =IF(A14="","",K14&CHAR(10)&I14&IF(L14<>"",CHAR(10)&"Check inputs; counts may be incomplete","")) -> Airborne bathymetric method and staff are unconfirmed. 0 failed; 8 unresolved | G14: =IF(A14="","",A14&CHAR(10)&B14) -> C03 Woolpert, Inc. UEI LD8UDJB9JLU1 | H14: Request a bathymetric method and reference before adding to the contact shortlist. | I14: =IF(A14="","",IF(SUMPRODUCT(--(MatchData[Candidate ID]=A14))+SUMPRODUCT(--((CheckData[Candidate ID]=A14)+(CheckData[Candidate ID]="TEAM")>0))=0,"No assessments recorded",(SUMPRODUCT(--((CheckData[Candidate ID]=A14)+(CheckData[Candidate ID]="TEAM")>0),--(CheckData[Required]="Yes"),--(CheckData[Status]="Fail"))+SUMPRODUCT(--(MatchData[Candidate ID]=A14),--(MatchData[Priority]="Required"),--(MatchData[Status]="Fail")))&" failed; "&(SUMPRODUCT(--((CheckData[Candidate ID]=A14)+(CheckData[Candidate ID]="TEAM")>0),--(CheckData[Required]="Yes"),--(CheckData[Status]="Unresolved"))+SUMPRODUCT(--(MatchData[Candidate ID]=A14),--(MatchData[Priority]="Required"),--(MatchData[Status]="Unresolved")))&" unresolved"&IF(COUNTIF(NeedData[Priority],"Required")>SUMPRODUCT(--(MatchData[Candidate ID]=A14),--(MatchData[Priority]="Required")),"; needs not assessed",""))) -> 0 failed; 8 unresolved | J14: V03 | K14: Airborne bathymetric method and staff are unconfirmed. | L14: =IF(NOT(OR(A14<>"",C14<>"",D14<>"",E14<>"",H14<>"",J14<>"",K14<>"")),"",IF(A14="","Add ID",IF(NOT(SUMPRODUCT(--(CandidateData[ID]=A14))=1),"Duplicate ID",IF(IF(J14="","Add source ID",IF(NOT(SUMPRODUCT(--(SourceData[ID]=J14))=1),"Unknown or duplicate source",IF(INDEX(SourceData[Input check],MATCH(J14,SourceData[ID],0))<>"","Complete source record","")))<>"",IF(J14="","Add source ID",IF(NOT(SUMPRODUCT(--(SourceData[ID]=J14))=1),"Unknown or duplicate source",IF(INDEX(SourceData[Input check],MATCH(J14,SourceData[ID],0))<>"","Complete source record",""))),IF(INDEX(SourceData[UEI],MATCH(J14,SourceData[ID],0))="","Add vendor UEI",IF(OR(SUMPRODUCT(--(CandidateData[Source ID]=J14))<>1,SUMPRODUCT(--(CandidateData[ID]<>""),--(RIGHT(CandidateData[Company / UEI],12)=INDEX(SourceData[UEI],MATCH(J14,SourceData[ID],0))))>1),"Duplicate vendor",IF(OR(C14="",E14="",H14="",K14=""),"Add role, reason, issue and action",IF(NOT(OR(D14="Shortlist",D14="Research further",D14="Exclude")),"Choose recommendation",IF(SUMPRODUCT(--(MatchData[Candidate ID]=A14),--(MatchData[Input check]<>""))+SUMPRODUCT(--((CheckData[Candidate ID]=A14)+(CheckData[Candidate ID]="TEAM")>0),--(CheckData[Input check]<>""))>0,"Complete assessments","")))))))))
A15: C04 | B15: =IF(A15="","",IF(IF(J15="","Add source ID",IF(NOT(SUMPRODUCT(--(SourceData[ID]=J15))=1),"Unknown or duplicate source",IF(INDEX(SourceData[Input check],MATCH(J15,SourceData[ID],0))<>"","Complete source record","")))<>"","Check vendor source",HYPERLINK(INDEX(SourceData[URL],MATCH(J15,SourceData[ID],0)),INDEX(SourceData[Title],MATCH(J15,SourceData[ID],0))&IF(INDEX(SourceData[UEI],MATCH(J15,SourceData[ID],0))="","",CHAR(10)&"UEI "&INDEX(SourceData[UEI],MATCH(J15,SourceData[ID],0)))))) -> Surdex Corporation UEI KHTMVK6LLH11 | C15: Possible topographic LiDAR and imagery support. | D15: Research further | E15: Interior LiDAR/imagery award suggests a supporting role. | F15: =IF(A15="","",K15&CHAR(10)&I15&IF(L15<>"",CHAR(10)&"Check inputs; counts may be incomplete","")) -> Bathymetric capability and workshare are unconfirmed. 0 failed; 8 unresolved | G15: =IF(A15="","",A15&CHAR(10)&B15) -> C04 Surdex Corporation UEI KHTMVK6LLH11 | H15: Confirm interest in a supporting package and whether bathymetric capability is available. | I15: =IF(A15="","",IF(SUMPRODUCT(--(MatchData[Candidate ID]=A15))+SUMPRODUCT(--((CheckData[Candidate ID]=A15)+(CheckData[Candidate ID]="TEAM")>0))=0,"No assessments recorded",(SUMPRODUCT(--((CheckData[Candidate ID]=A15)+(CheckData[Candidate ID]="TEAM")>0),--(CheckData[Required]="Yes"),--(CheckData[Status]="Fail"))+SUMPRODUCT(--(MatchData[Candidate ID]=A15),--(MatchData[Priority]="Required"),--(MatchData[Status]="Fail")))&" failed; "&(SUMPRODUCT(--((CheckData[Candidate ID]=A15)+(CheckData[Candidate ID]="TEAM")>0),--(CheckData[Required]="Yes"),--(CheckData[Status]="Unresolved"))+SUMPRODUCT(--(MatchData[Candidate ID]=A15),--(MatchData[Priority]="Required"),--(MatchData[Status]="Unresolved")))&" unresolved"&IF(COUNTIF(NeedData[Priority],"Required")>SUMPRODUCT(--(MatchData[Candidate ID]=A15),--(MatchData[Priority]="Required")),"; needs not assessed",""))) -> 0 failed; 8 unresolved | J15: V04 | K15: Bathymetric capability and workshare are unconfirmed. | L15: =IF(NOT(OR(A15<>"",C15<>"",D15<>"",E15<>"",H15<>"",J15<>"",K15<>"")),"",IF(A15="","Add ID",IF(NOT(SUMPRODUCT(--(CandidateData[ID]=A15))=1),"Duplicate ID",IF(IF(J15="","Add source ID",IF(NOT(SUMPRODUCT(--(SourceData[ID]=J15))=1),"Unknown or duplicate source",IF(INDEX(SourceData[Input check],MATCH(J15,SourceData[ID],0))<>"","Complete source record","")))<>"",IF(J15="","Add source ID",IF(NOT(SUMPRODUCT(--(SourceData[ID]=J15))=1),"Unknown or duplicate source",IF(INDEX(SourceData[Input check],MATCH(J15,SourceData[ID],0))<>"","Complete source record",""))),IF(INDEX(SourceData[UEI],MATCH(J15,SourceData[ID],0))="","Add vendor UEI",IF(OR(SUMPRODUCT(--(CandidateData[Source ID]=J15))<>1,SUMPRODUCT(--(CandidateData[ID]<>""),--(RIGHT(CandidateData[Company / UEI],12)=INDEX(SourceData[UEI],MATCH(J15,SourceData[ID],0))))>1),"Duplicate vendor",IF(OR(C15="",E15="",H15="",K15=""),"Add role, reason, issue and action",IF(NOT(OR(D15="Shortlist",D15="Research further",D15="Exclude")),"Choose recommendation",IF(SUMPRODUCT(--(MatchData[Candidate ID]=A15),--(MatchData[Input check]<>""))+SUMPRODUCT(--((CheckData[Candidate ID]=A15)+(CheckData[Candidate ID]="TEAM")>0),--(CheckData[Input check]<>""))>0,"Complete assessments","")))))))))
B16: =IF(A16="","",IF(IF(J16="","Add source ID",IF(NOT(SUMPRODUCT(--(SourceData[ID]=J16))=1),"Unknown or duplicate source",IF(INDEX(SourceData[Input check],MATCH(J16,SourceData[ID],0))<>"","Complete source record","")))<>"","Check vendor source",HYPERLINK(INDEX(SourceData[URL],MATCH(J16,SourceData[ID],0)),INDEX(SourceData[Title],MATCH(J16,SourceData[ID],0))&IF(INDEX(SourceData[UEI],MATCH(J16,SourceData[ID],0))="","",CHAR(10)&"UEI "&INDEX(SourceData[UEI],MATCH(J16,SourceData[ID],0)))))) | F16: =IF(A16="","",K16&CHAR(10)&I16&IF(L16<>"",CHAR(10)&"Check inputs; counts may be incomplete","")) | G16: =IF(A16="","",A16&CHAR(10)&B16) | I16: =IF(A16="","",IF(SUMPRODUCT(--(MatchData[Candidate ID]=A16))+SUMPRODUCT(--((CheckData[Candidate ID]=A16)+(CheckData[Candidate ID]="TEAM")>0))=0,"No assessments recorded",(SUMPRODUCT(--((CheckData[Candidate ID]=A16)+(CheckData[Candidate ID]="TEAM")>0),--(CheckData[Required]="Yes"),--(CheckData[Status]="Fail"))+SUMPRODUCT(--(MatchData[Candidate ID]=A16),--(MatchData[Priority]="Required"),--(MatchData[Status]="Fail")))&" failed; "&(SUMPRODUCT(--((CheckData[Candidate ID]=A16)+(CheckData[Candidate ID]="TEAM")>0),--(CheckData[Required]="Yes"),--(CheckData[Status]="Unresolved"))+SUMPRODUCT(--(MatchData[Candidate ID]=A16),--(MatchData[Priority]="Required"),--(MatchData[Status]="Unresolved")))&" unresolved"&IF(COUNTIF(NeedData[Priority],"Required")>SUMPRODUCT(--(MatchData[Candidate ID]=A16),--(MatchData[Priority]="Required")),"; needs not assessed",""))) | L16: =IF(NOT(OR(A16<>"",C16<>"",D16<>"",E16<>"",H16<>"",J16<>"",K16<>"")),"",IF(A16="","Add ID",IF(NOT(SUMPRODUCT(--(CandidateData[ID]=A16))=1),"Duplicate ID",IF(IF(J16="","Add source ID",IF(NOT(SUMPRODUCT(--(SourceData[ID]=J16))=1),"Unknown or duplicate source",IF(INDEX(SourceData[Input check],MATCH(J16,SourceData[ID],0))<>"","Complete source record","")))<>"",IF(J16="","Add source ID",IF(NOT(SUMPRODUCT(--(SourceData[ID]=J16))=1),"Unknown or duplicate source",IF(INDEX(SourceData[Input check],MATCH(J16,SourceData[ID],0))<>"","Complete source record",""))),IF(INDEX(SourceData[UEI],MATCH(J16,SourceData[ID],0))="","Add vendor UEI",IF(OR(SUMPRODUCT(--(CandidateData[Source ID]=J16))<>1,SUMPRODUCT(--(CandidateData[ID]<>""),--(RIGHT(CandidateData[Company / UEI],12)=INDEX(SourceData[UEI],MATCH(J16,SourceData[ID],0))))>1),"Duplicate vendor",IF(OR(C16="",E16="",H16="",K16=""),"Add role, reason, issue and action",IF(NOT(OR(D16="Shortlist",D16="Research further",D16="Exclude")),"Choose recommendation",IF(SUMPRODUCT(--(MatchData[Candidate ID]=A16),--(MatchData[Input check]<>""))+SUMPRODUCT(--((CheckData[Candidate ID]=A16)+(CheckData[Candidate ID]="TEAM")>0),--(CheckData[Input check]<>""))>0,"Complete assessments","")))))))))
B17: =IF(A17="","",IF(IF(J17="","Add source ID",IF(NOT(SUMPRODUCT(--(SourceData[ID]=J17))=1),"Unknown or duplicate source",IF(INDEX(SourceData[Input check],MATCH(J17,SourceData[ID],0))<>"","Complete source record","")))<>"","Check vendor source",HYPERLINK(INDEX(SourceData[URL],MATCH(J17,SourceData[ID],0)),INDEX(SourceData[Title],MATCH(J17,SourceData[ID],0))&IF(INDEX(SourceData[UEI],MATCH(J17,SourceData[ID],0))="","",CHAR(10)&"UEI "&INDEX(SourceData[UEI],MATCH(J17,SourceData[ID],0)))))) | F17: =IF(A17="","",K17&CHAR(10)&I17&IF(L17<>"",CHAR(10)&"Check inputs; counts may be incomplete","")) | G17: =IF(A17="","",A17&CHAR(10)&B17) | I17: =IF(A17="","",IF(SUMPRODUCT(--(MatchData[Candidate ID]=A17))+SUMPRODUCT(--((CheckData[Candidate ID]=A17)+(CheckData[Candidate ID]="TEAM")>0))=0,"No assessments recorded",(SUMPRODUCT(--((CheckData[Candidate ID]=A17)+(CheckData[Candidate ID]="TEAM")>0),--(CheckData[Required]="Yes"),--(CheckData[Status]="Fail"))+SUMPRODUCT(--(MatchData[Candidate ID]=A17),--(MatchData[Priority]="Required"),--(MatchData[Status]="Fail")))&" failed; "&(SUMPRODUCT(--((CheckData[Candidate ID]=A17)+(CheckData[Candidate ID]="TEAM")>0),--(CheckData[Required]="Yes"),--(CheckData[Status]="Unresolved"))+SUMPRODUCT(--(MatchData[Candidate ID]=A17),--(MatchData[Priority]="Required"),--(MatchData[Status]="Unresolved")))&" unresolved"&IF(COUNTIF(NeedData[Priority],"Required")>SUMPRODUCT(--(MatchData[Candidate ID]=A17),--(MatchData[Priority]="Required")),"; needs not assessed",""))) | L17: =IF(NOT(OR(A17<>"",C17<>"",D17<>"",E17<>"",H17<>"",J17<>"",K17<>"")),"",IF(A17="","Add ID",IF(NOT(SUMPRODUCT(--(CandidateData[ID]=A17))=1),"Duplicate ID",IF(IF(J17="","Add source ID",IF(NOT(SUMPRODUCT(--(SourceData[ID]=J17))=1),"Unknown or duplicate source",IF(INDEX(SourceData[Input check],MATCH(J17,SourceData[ID],0))<>"","Complete source record","")))<>"",IF(J17="","Add source ID",IF(NOT(SUMPRODUCT(--(SourceData[ID]=J17))=1),"Unknown or duplicate source",IF(INDEX(SourceData[Input check],MATCH(J17,SourceData[ID],0))<>"","Complete source record",""))),IF(INDEX(SourceData[UEI],MATCH(J17,SourceData[ID],0))="","Add vendor UEI",IF(OR(SUMPRODUCT(--(CandidateData[Source ID]=J17))<>1,SUMPRODUCT(--(CandidateData[ID]<>""),--(RIGHT(CandidateData[Company / UEI],12)=INDEX(SourceData[UEI],MATCH(J17,SourceData[ID],0))))>1),"Duplicate vendor",IF(OR(C17="",E17="",H17="",K17=""),"Add role, reason, issue and action",IF(NOT(OR(D17="Shortlist",D17="Research further",D17="Exclude")),"Choose recommendation",IF(SUMPRODUCT(--(MatchData[Candidate ID]=A17),--(MatchData[Input check]<>""))+SUMPRODUCT(--((CheckData[Candidate ID]=A17)+(CheckData[Candidate ID]="TEAM")>0),--(CheckData[Input check]<>""))>0,"Complete assessments","")))))))))

Sheet Teaming Needs
A2: Teaming needs
A4: Prime capabilities | C4: Illustrative GovTribe capabilities: project coordination and GIS integration only. No aircraft, bathymetric sensor, field crew or named New Mexico licensed manager is assumed.
A6: Teaming structure | C6: Proposed prime/subcontractor team; no partners committed.
A7: Requirements come from the buyer. Gaps describe the prime profile; B01 supports the example assumptions.
A8: ID | B8: Need | C8: Priority | D8: Buyer requirement | E8: Prime gap | F8: Citation | G8: Input check | H8: Source ID | I8: Location
A9: N01 | B9: Airborne bathymetric LiDAR | C9: Required | D9: Airborne bathymetric collection using the October 2025 bathymetric specification. Ground-based bathymetry cannot replace it. | E9: Prime has no bathymetric sensor or flight crew. | F9: =IF(H9="","",IF(IF(H9="","Add source ID",IF(NOT(SUMPRODUCT(--(SourceData[ID]=H9))=1),"Unknown or duplicate source",IF(INDEX(SourceData[Input check],MATCH(H9,SourceData[ID],0))<>"","Complete source record","")))<>"","Check source",IF(INDEX(SourceData[URL],MATCH(H9,SourceData[ID],0))="",H9&IF(I9="",""," "&I9),HYPERLINK(INDEX(SourceData[URL],MATCH(H9,SourceData[ID],0)),H9&IF(I9="",""," "&I9))))) -> S04 pp2,8–9; RFI 01,20,24,25 | G9: =IF(NOT(OR(A9<>"",B9<>"",C9<>"",D9<>"",E9<>"",H9<>"",I9<>"")),"",IF(A9="","Add ID",IF(NOT(SUMPRODUCT(--(NeedData[ID]=A9))=1),"Duplicate ID",IF(OR(B9="",D9="",E9=""),"Add need, requirement and gap",IF(NOT(OR(C9="Required",C9="Preferred")),"Choose priority",IF(H9="","Add source ID",IF(NOT(SUMPRODUCT(--(SourceData[ID]=H9))=1),"Unknown or duplicate source",IF(INDEX(SourceData[Input check],MATCH(H9,SourceData[ID],0))<>"","Complete source record","")))))))) | H9: S04 | I9: pp2,8–9; RFI 01,20,24,25
A10: N02 | B10: Topographic LiDAR and imagery | C10: Required | D10: Topographic collection at 8 points/m² or better, plus 3-inch, four-band orthophotography. | E10: Prime has no aircraft or image acquisition equipment. | F10: =IF(H10="","",IF(IF(H10="","Add source ID",IF(NOT(SUMPRODUCT(--(SourceData[ID]=H10))=1),"Unknown or duplicate source",IF(INDEX(SourceData[Input check],MATCH(H10,SourceData[ID],0))<>"","Complete source record","")))<>"","Check source",IF(INDEX(SourceData[URL],MATCH(H10,SourceData[ID],0))="",H10&IF(I10="",""," "&I10),HYPERLINK(INDEX(SourceData[URL],MATCH(H10,SourceData[ID],0)),H10&IF(I10="",""," "&I10))))) -> S02 pp5–6,10–11 | G10: =IF(NOT(OR(A10<>"",B10<>"",C10<>"",D10<>"",E10<>"",H10<>"",I10<>"")),"",IF(A10="","Add ID",IF(NOT(SUMPRODUCT(--(NeedData[ID]=A10))=1),"Duplicate ID",IF(OR(B10="",D10="",E10=""),"Add need, requirement and gap",IF(NOT(OR(C10="Required",C10="Preferred")),"Choose priority",IF(H10="","Add source ID",IF(NOT(SUMPRODUCT(--(SourceData[ID]=H10))=1),"Unknown or duplicate source",IF(INDEX(SourceData[Input check],MATCH(H10,SourceData[ID],0))<>"","Complete source record","")))))))) | H10: S02 | I10: pp5–6,10–11
A11: N03 | B11: Ground control and field survey | C11: Required | D11: Six primary control points in the Middle/South tracts and detailed surveys of 20 water-control structures. Visible utilities are sufficient. | E11: Prime has no field crew or named New Mexico survey professional. | F11: =IF(H11="","",IF(IF(H11="","Add source ID",IF(NOT(SUMPRODUCT(--(SourceData[ID]=H11))=1),"Unknown or duplicate source",IF(INDEX(SourceData[Input check],MATCH(H11,SourceData[ID],0))<>"","Complete source record","")))<>"","Check source",IF(INDEX(SourceData[URL],MATCH(H11,SourceData[ID],0))="",H11&IF(I11="",""," "&I11),HYPERLINK(INDEX(SourceData[URL],MATCH(H11,SourceData[ID],0)),H11&IF(I11="",""," "&I11))))) -> S04 pp2–3,9; RFI 04,06,25 | G11: =IF(NOT(OR(A11<>"",B11<>"",C11<>"",D11<>"",E11<>"",H11<>"",I11<>"")),"",IF(A11="","Add ID",IF(NOT(SUMPRODUCT(--(NeedData[ID]=A11))=1),"Duplicate ID",IF(OR(B11="",D11="",E11=""),"Add need, requirement and gap",IF(NOT(OR(C11="Required",C11="Preferred")),"Choose priority",IF(H11="","Add source ID",IF(NOT(SUMPRODUCT(--(SourceData[ID]=H11))=1),"Unknown or duplicate source",IF(INDEX(SourceData[Input check],MATCH(H11,SourceData[ID],0))<>"","Complete source record","")))))))) | H11: S04 | I11: pp2–3,9; RFI 04,06,25
A12: N04 | B12: LiDAR processing and delivery | C12: Required | D12: Deliver hydro-flattened and topobathymetric DEMs and an ESRI breakline geodatabase, with the specified quality checks. | E12: Prime can integrate GIS outputs; specialist bathymetric processing and validation are not assumed. | F12: =IF(H12="","",IF(IF(H12="","Add source ID",IF(NOT(SUMPRODUCT(--(SourceData[ID]=H12))=1),"Unknown or duplicate source",IF(INDEX(SourceData[Input check],MATCH(H12,SourceData[ID],0))<>"","Complete source record","")))<>"","Check source",IF(INDEX(SourceData[URL],MATCH(H12,SourceData[ID],0))="",H12&IF(I12="",""," "&I12),HYPERLINK(INDEX(SourceData[URL],MATCH(H12,SourceData[ID],0)),H12&IF(I12="",""," "&I12))))) -> S04 pp4–5,9; RFI 09,23 | G12: =IF(NOT(OR(A12<>"",B12<>"",C12<>"",D12<>"",E12<>"",H12<>"",I12<>"")),"",IF(A12="","Add ID",IF(NOT(SUMPRODUCT(--(NeedData[ID]=A12))=1),"Duplicate ID",IF(OR(B12="",D12="",E12=""),"Add need, requirement and gap",IF(NOT(OR(C12="Required",C12="Preferred")),"Choose priority",IF(H12="","Add source ID",IF(NOT(SUMPRODUCT(--(SourceData[ID]=H12))=1),"Unknown or duplicate source",IF(INDEX(SourceData[Input check],MATCH(H12,SourceData[ID],0))<>"","Complete source record","")))))))) | H12: S04 | I12: pp4–5,9; RFI 09,23
F13: =IF(H13="","",IF(IF(H13="","Add source ID",IF(NOT(SUMPRODUCT(--(SourceData[ID]=H13))=1),"Unknown or duplicate source",IF(INDEX(SourceData[Input check],MATCH(H13,SourceData[ID],0))<>"","Complete source record","")))<>"","Check source",IF(INDEX(SourceData[URL],MATCH(H13,SourceData[ID],0))="",H13&IF(I13="",""," "&I13),HYPERLINK(INDEX(SourceData[URL],MATCH(H13,SourceData[ID],0)),H13&IF(I13="",""," "&I13))))) | G13: =IF(NOT(OR(A13<>"",B13<>"",C13<>"",D13<>"",E13<>"",H13<>"",I13<>"")),"",IF(A13="","Add ID",IF(NOT(SUMPRODUCT(--(NeedData[ID]=A13))=1),"Duplicate ID",IF(OR(B13="",D13="",E13=""),"Add need, requirement and gap",IF(NOT(OR(C13="Required",C13="Preferred")),"Choose priority",IF(H13="","Add source ID",IF(NOT(SUMPRODUCT(--(SourceData[ID]=H13))=1),"Unknown or duplicate source",IF(INDEX(SourceData[Input check],MATCH(H13,SourceData[ID],0))<>"","Complete source record",""))))))))
F14: =IF(H14="","",IF(IF(H14="","Add source ID",IF(NOT(SUMPRODUCT(--(SourceData[ID]=H14))=1),"Unknown or duplicate source",IF(INDEX(SourceData[Input check],MATCH(H14,SourceData[ID],0))<>"","Complete source record","")))<>"","Check source",IF(INDEX(SourceData[URL],MATCH(H14,SourceData[ID],0))="",H14&IF(I14="",""," "&I14),HYPERLINK(INDEX(SourceData[URL],MATCH(H14,SourceData[ID],0)),H14&IF(I14="",""," "&I14))))) | G14: =IF(NOT(OR(A14<>"",B14<>"",C14<>"",D14<>"",E14<>"",H14<>"",I14<>"")),"",IF(A14="","Add ID",IF(NOT(SUMPRODUCT(--(NeedData[ID]=A14))=1),"Duplicate ID",IF(OR(B14="",D14="",E14=""),"Add need, requirement and gap",IF(NOT(OR(C14="Required",C14="Preferred")),"Choose priority",IF(H14="","Add source ID",IF(NOT(SUMPRODUCT(--(SourceData[ID]=H14))=1),"Unknown or duplicate source",IF(INDEX(SourceData[Input check],MATCH(H14,SourceData[ID],0))<>"","Complete source record",""))))))))

Sheet Capability Match
A2: Capability match
A4: Assess the stated public evidence, not readiness to perform. A supported capability still needs the pursuit-specific confirmations in the last column.
A7: ID | B7: Candidate ID | C7: Need ID | D7: Status | E7: Evidence assessment | F7: Citation | G7: What we need to get | H7: Input check | I7: Source ID | J7: Location | K7: Priority
A8: M11 | B8: C01 | C8: N01 | D8: Pass | E8: Dewberry reports a green-laser sensor for topographic and bathymetric mapping. Allocation to this legal entity and pursuit is unconfirmed. | F8: =IF(I8="","",IF(IF(I8="","Add source ID",IF(NOT(SUMPRODUCT(--(SourceData[ID]=I8))=1),"Unknown or duplicate source",IF(INDEX(SourceData[Input check],MATCH(I8,SourceData[ID],0))<>"","Complete source record","")))<>"","Check source",IF(INDEX(SourceData[URL],MATCH(I8,SourceData[ID],0))="",I8&IF(J8="",""," "&J8),HYPERLINK(INDEX(SourceData[URL],MATCH(I8,SourceData[ID],0)),I8&IF(J8="",""," "&J8))))) -> T01 Company announcement | G8: Provide the proposed airborne method, sensor and a relevant project. | H8: =IF(NOT(OR(A8<>"",B8<>"",C8<>"",D8<>"",E8<>"",G8<>"",I8<>"",J8<>"")),"",IF(A8="","Add ID",IF(NOT(SUMPRODUCT(--(MatchData[ID]=A8))=1),"Duplicate ID",IF(IF(B8="","Add candidate ID",IF(NOT(SUMPRODUCT(--(CandidateData[ID]=B8))=1),"Unknown or duplicate candidate",""))<>"",IF(B8="","Add candidate ID",IF(NOT(SUMPRODUCT(--(CandidateData[ID]=B8))=1),"Unknown or duplicate candidate","")),IF(IF(C8="","Add need ID",IF(NOT(SUMPRODUCT(--(NeedData[ID]=C8))=1),"Unknown or duplicate need",IF(INDEX(NeedData[Input check],MATCH(C8,NeedData[ID],0))<>"","Complete teaming need","")))<>"",IF(C8="","Add need ID",IF(NOT(SUMPRODUCT(--(NeedData[ID]=C8))=1),"Unknown or duplicate need",IF(INDEX(NeedData[Input check],MATCH(C8,NeedData[ID],0))<>"","Complete teaming need",""))),IF(SUMPRODUCT(--(MatchData[Candidate ID]=B8),--(MatchData[Need ID]=C8))<>1,"Duplicate candidate/need",IF(NOT(OR(D8="Pass",D8="Fail",D8="Unresolved")),"Choose status",IF(OR(E8="",G8=""),"Add assessment and next step",IF(AND(D8<>"Unresolved",I8=""),"Add evidence source",IF(I8="","",IF(I8="","Add source ID",IF(NOT(SUMPRODUCT(--(SourceData[ID]=I8))=1),"Unknown or duplicate source",IF(INDEX(SourceData[Input check],MATCH(I8,SourceData[ID],0))<>"","Complete source record",""))))))))))))) | I8: T01 | J8: Company announcement | K8: =IF(C8="","",IF(IF(C8="","Add need ID",IF(NOT(SUMPRODUCT(--(NeedData[ID]=C8))=1),"Unknown or duplicate need",IF(INDEX(NeedData[Input check],MATCH(C8,NeedData[ID],0))<>"","Complete teaming need","")))<>"","",INDEX(NeedData[Priority],MATCH(C8,NeedData[ID],0)))) -> Required
A9: M12 | B9: C01 | C9: N02 | D9: Pass | E9: Public award scope includes LiDAR and imagery. This supports relevant work scope, not compliance with every Bitter Lake specification. | F9: =IF(I9="","",IF(IF(I9="","Add source ID",IF(NOT(SUMPRODUCT(--(SourceData[ID]=I9))=1),"Unknown or duplicate source",IF(INDEX(SourceData[Input check],MATCH(I9,SourceData[ID],0))<>"","Complete source record","")))<>"","Check source",IF(INDEX(SourceData[URL],MATCH(I9,SourceData[ID],0))="",I9&IF(J9="",""," "&J9),HYPERLINK(INDEX(SourceData[URL],MATCH(I9,SourceData[ID],0)),I9&IF(J9="",""," "&J9))))) -> W01 Raw award description | G9: Confirm the specified point density, four-band imagery and proposed equipment. | H9: =IF(NOT(OR(A9<>"",B9<>"",C9<>"",D9<>"",E9<>"",G9<>"",I9<>"",J9<>"")),"",IF(A9="","Add ID",IF(NOT(SUMPRODUCT(--(MatchData[ID]=A9))=1),"Duplicate ID",IF(IF(B9="","Add candidate ID",IF(NOT(SUMPRODUCT(--(CandidateData[ID]=B9))=1),"Unknown or duplicate candidate",""))<>"",IF(B9="","Add candidate ID",IF(NOT(SUMPRODUCT(--(CandidateData[ID]=B9))=1),"Unknown or duplicate candidate","")),IF(IF(C9="","Add need ID",IF(NOT(SUMPRODUCT(--(NeedData[ID]=C9))=1),"Unknown or duplicate need",IF(INDEX(NeedData[Input check],MATCH(C9,NeedData[ID],0))<>"","Complete teaming need","")))<>"",IF(C9="","Add need ID",IF(NOT(SUMPRODUCT(--(NeedData[ID]=C9))=1),"Unknown or duplicate need",IF(INDEX(NeedData[Input check],MATCH(C9,NeedData[ID],0))<>"","Complete teaming need",""))),IF(SUMPRODUCT(--(MatchData[Candidate ID]=B9),--(MatchData[Need ID]=C9))<>1,"Duplicate candidate/need",IF(NOT(OR(D9="Pass",D9="Fail",D9="Unresolved")),"Choose status",IF(OR(E9="",G9=""),"Add assessment and next step",IF(AND(D9<>"Unresolved",I9=""),"Add evidence source",IF(I9="","",IF(I9="","Add source ID",IF(NOT(SUMPRODUCT(--(SourceData[ID]=I9))=1),"Unknown or duplicate source",IF(INDEX(SourceData[Input check],MATCH(I9,SourceData[ID],0))<>"","Complete source record",""))))))))))))) | I9: W01 | J9: Raw award description | K9: =IF(C9="","",IF(IF(C9="","Add need ID",IF(NOT(SUMPRODUCT(--(NeedData[ID]=C9))=1),"Unknown or duplicate need",IF(INDEX(NeedData[Input check],MATCH(C9,NeedData[ID],0))<>"","Complete teaming need","")))<>"","",INDEX(NeedData[Priority],MATCH(C9,NeedData[ID],0)))) -> Required
A10: M13 | B10: C01 | C10: N03 | D10: Unresolved | E10: The inspected public records do not establish this capability for the proposed team. | F10: =IF(I10="","",IF(IF(I10="","Add source ID",IF(NOT(SUMPRODUCT(--(SourceData[ID]=I10))=1),"Unknown or duplicate source",IF(INDEX(SourceData[Input check],MATCH(I10,SourceData[ID],0))<>"","Complete source record","")))<>"","Check source",IF(INDEX(SourceData[URL],MATCH(I10,SourceData[ID],0))="",I10&IF(J10="",""," "&J10),HYPERLINK(INDEX(SourceData[URL],MATCH(I10,SourceData[ID],0)),I10&IF(J10="",""," "&J10))))) | G10: Identify the field crew, New Mexico license holders and survey deliverables. | H10: =IF(NOT(OR(A10<>"",B10<>"",C10<>"",D10<>"",E10<>"",G10<>"",I10<>"",J10<>"")),"",IF(A10="","Add ID",IF(NOT(SUMPRODUCT(--(MatchData[ID]=A10))=1),"Duplicate ID",IF(IF(B10="","Add candidate ID",IF(NOT(SUMPRODUCT(--(CandidateData[ID]=B10))=1),"Unknown or duplicate candidate",""))<>"",IF(B10="","Add candidate ID",IF(NOT(SUMPRODUCT(--(CandidateData[ID]=B10))=1),"Unknown or duplicate candidate","")),IF(IF(C10="","Add need ID",IF(NOT(SUMPRODUCT(--(NeedData[ID]=C10))=1),"Unknown or duplicate need",IF(INDEX(NeedData[Input check],MATCH(C10,NeedData[ID],0))<>"","Complete teaming need","")))<>"",IF(C10="","Add need ID",IF(NOT(SUMPRODUCT(--(NeedData[ID]=C10))=1),"Unknown or duplicate need",IF(INDEX(NeedData[Input check],MATCH(C10,NeedData[ID],0))<>"","Complete teaming need",""))),IF(SUMPRODUCT(--(MatchData[Candidate ID]=B10),--(MatchData[Need ID]=C10))<>1,"Duplicate candidate/need",IF(NOT(OR(D10="Pass",D10="Fail",D10="Unresolved")),"Choose status",IF(OR(E10="",G10=""),"Add assessment and next step",IF(AND(D10<>"Unresolved",I10=""),"Add evidence source",IF(I10="","",IF(I10="","Add source ID",IF(NOT(SUMPRODUCT(--(SourceData[ID]=I10))=1),"Unknown or duplicate source",IF(INDEX(SourceData[Input check],MATCH(I10,SourceData[ID],0))<>"","Complete source record",""))))))))))))) | K10: =IF(C10="","",IF(IF(C10="","Add need ID",IF(NOT(SUMPRODUCT(--(NeedData[ID]=C10))=1),"Unknown or duplicate need",IF(INDEX(NeedData[Input check],MATCH(C10,NeedData[ID],0))<>"","Complete teaming need","")))<>"","",INDEX(NeedData[Priority],MATCH(C10,NeedData[ID],0)))) -> Required
A11: M14 | B11: C01 | C11: N04 | D11: Unresolved | E11: The inspected public records do not establish this capability for the proposed team. | F11: =IF(I11="","",IF(IF(I11="","Add source ID",IF(NOT(SUMPRODUCT(--(SourceData[ID]=I11))=1),"Unknown or duplicate source",IF(INDEX(SourceData[Input check],MATCH(I11,SourceData[ID],0))<>"","Complete source record","")))<>"","Check source",IF(INDEX(SourceData[URL],MATCH(I11,SourceData[ID],0))="",I11&IF(J11="",""," "&J11),HYPERLINK(INDEX(SourceData[URL],MATCH(I11,SourceData[ID],0)),I11&IF(J11="",""," "&J11))))) | G11: Provide a deliverable sample, QA approach and the responsible processing team. | H11: =IF(NOT(OR(A11<>"",B11<>"",C11<>"",D11<>"",E11<>"",G11<>"",I11<>"",J11<>"")),"",IF(A11="","Add ID",IF(NOT(SUMPRODUCT(--(MatchData[ID]=A11))=1),"Duplicate ID",IF(IF(B11="","Add candidate ID",IF(NOT(SUMPRODUCT(--(CandidateData[ID]=B11))=1),"Unknown or duplicate candidate",""))<>"",IF(B11="","Add candidate ID",IF(NOT(SUMPRODUCT(--(CandidateData[ID]=B11))=1),"Unknown or duplicate candidate","")),IF(IF(C11="","Add need ID",IF(NOT(SUMPRODUCT(--(NeedData[ID]=C11))=1),"Unknown or duplicate need",IF(INDEX(NeedData[Input check],MATCH(C11,NeedData[ID],0))<>"","Complete teaming need","")))<>"",IF(C11="","Add need ID",IF(NOT(SUMPRODUCT(--(NeedData[ID]=C11))=1),"Unknown or duplicate need",IF(INDEX(NeedData[Input check],MATCH(C11,NeedData[ID],0))<>"","Complete teaming need",""))),IF(SUMPRODUCT(--(MatchData[Candidate ID]=B11),--(MatchData[Need ID]=C11))<>1,"Duplicate candidate/need",IF(NOT(OR(D11="Pass",D11="Fail",D11="Unresolved")),"Choose status",IF(OR(E11="",G11=""),"Add assessment and next step",IF(AND(D11<>"Unresolved",I11=""),"Add evidence source",IF(I11="","",IF(I11="","Add source ID",IF(NOT(SUMPRODUCT(--(SourceData[ID]=I11))=1),"Unknown or duplicate source",IF(INDEX(SourceData[Input check],MATCH(I11,SourceData[ID],0))<>"","Complete source record",""))))))))))))) | K11: =IF(C11="","",IF(IF(C11="","Add need ID",IF(NOT(SUMPRODUCT(--(NeedData[ID]=C11))=1),"Unknown or duplicate need",IF(INDEX(NeedData[Input check],MATCH(C11,NeedData[ID],0))<>"","Complete teaming need","")))<>"","",INDEX(NeedData[Priority],MATCH(C11,NeedData[ID],0)))) -> Required
A12: M21 | B12: C02 | C12: N01 | D12: Pass | E12: NOAA records NV5 collection and processing of coastal topobathymetric data in 2019–2020. Current staff and entity continuity need confirmation. | F12: =IF(I12="","",IF(IF(I12="","Add source ID",IF(NOT(SUMPRODUCT(--(SourceData[ID]=I12))=1),"Unknown or duplicate source",IF(INDEX(SourceData[Input check],MATCH(I12,SourceData[ID],0))<>"","Complete source record","")))<>"","Check source",IF(INDEX(SourceData[URL],MATCH(I12,SourceData[ID],0))="",I12&IF(J12="",""," "&J12),HYPERLINK(INDEX(SourceData[URL],MATCH(I12,SourceData[ID],0)),I12&IF(J12="",""," "&J12))))) -> T02 Abstract; supplemental information | G12: Provide the proposed airborne method, sensor and a relevant project. | H12: =IF(NOT(OR(A12<>"",B12<>"",C12<>"",D12<>"",E12<>"",G12<>"",I12<>"",J12<>"")),"",IF(A12="","Add ID",IF(NOT(SUMPRODUCT(--(MatchData[ID]=A12))=1),"Duplicate ID",IF(IF(B12="","Add candidate ID",IF(NOT(SUMPRODUCT(--(CandidateData[ID]=B12))=1),"Unknown or duplicate candidate",""))<>"",IF(B12="","Add candidate ID",IF(NOT(SUMPRODUCT(--(CandidateData[ID]=B12))=1),"Unknown or duplicate candidate","")),IF(IF(C12="","Add need ID",IF(NOT(SUMPRODUCT(--(NeedData[ID]=C12))=1),"Unknown or duplicate need",IF(INDEX(NeedData[Input check],MATCH(C12,NeedData[ID],0))<>"","Complete teaming need","")))<>"",IF(C12="","Add need ID",IF(NOT(SUMPRODUCT(--(NeedData[ID]=C12))=1),"Unknown or duplicate need",IF(INDEX(NeedData[Input check],MATCH(C12,NeedData[ID],0))<>"","Complete teaming need",""))),IF(SUMPRODUCT(--(MatchData[Candidate ID]=B12),--(MatchData[Need ID]=C12))<>1,"Duplicate candidate/need",IF(NOT(OR(D12="Pass",D12="Fail",D12="Unresolved")),"Choose status",IF(OR(E12="",G12=""),"Add assessment and next step",IF(AND(D12<>"Unresolved",I12=""),"Add evidence source",IF(I12="","",IF(I12="","Add source ID",IF(NOT(SUMPRODUCT(--(SourceData[ID]=I12))=1),"Unknown or duplicate source",IF(INDEX(SourceData[Input check],MATCH(I12,SourceData[ID],0))<>"","Complete source record",""))))))))))))) | I12: T02 | J12: Abstract; supplemental information | K12: =IF(C12="","",IF(IF(C12="","Add need ID",IF(NOT(SUMPRODUCT(--(NeedData[ID]=C12))=1),"Unknown or duplicate need",IF(INDEX(NeedData[Input check],MATCH(C12,NeedData[ID],0))<>"","Complete teaming need","")))<>"","",INDEX(NeedData[Priority],MATCH(C12,NeedData[ID],0)))) -> Required
A13: M22 | B13: C02 | C13: N02 | D13: Pass | E13: Public award scope includes LiDAR and imagery. This supports relevant work scope, not compliance with every Bitter Lake specification. | F13: =IF(I13="","",IF(IF(I13="","Add source ID",IF(NOT(SUMPRODUCT(--(SourceData[ID]=I13))=1),"Unknown or duplicate source",IF(INDEX(SourceData[Input check],MATCH(I13,SourceData[ID],0))<>"","Complete source record","")))<>"","Check source",IF(INDEX(SourceData[URL],MATCH(I13,SourceData[ID],0))="",I13&IF(J13="",""," "&J13),HYPERLINK(INDEX(SourceData[URL],MATCH(I13,SourceData[ID],0)),I13&IF(J13="",""," "&J13))))) -> W02 Raw award description | G13: Confirm the specified point density, four-band imagery and proposed equipment. | H13: =IF(NOT(OR(A13<>"",B13<>"",C13<>"",D13<>"",E13<>"",G13<>"",I13<>"",J13<>"")),"",IF(A13="","Add ID",IF(NOT(SUMPRODUCT(--(MatchData[ID]=A13))=1),"Duplicate ID",IF(IF(B13="","Add candidate ID",IF(NOT(SUMPRODUCT(--(CandidateData[ID]=B13))=1),"Unknown or duplicate candidate",""))<>"",IF(B13="","Add candidate ID",IF(NOT(SUMPRODUCT(--(CandidateData[ID]=B13))=1),"Unknown or duplicate candidate","")),IF(IF(C13="","Add need ID",IF(NOT(SUMPRODUCT(--(NeedData[ID]=C13))=1),"Unknown or duplicate need",IF(INDEX(NeedData[Input check],MATCH(C13,NeedData[ID],0))<>"","Complete teaming need","")))<>"",IF(C13="","Add need ID",IF(NOT(SUMPRODUCT(--(NeedData[ID]=C13))=1),"Unknown or duplicate need",IF(INDEX(NeedData[Input check],MATCH(C13,NeedData[ID],0))<>"","Complete teaming need",""))),IF(SUMPRODUCT(--(MatchData[Candidate ID]=B13),--(MatchData[Need ID]=C13))<>1,"Duplicate candidate/need",IF(NOT(OR(D13="Pass",D13="Fail",D13="Unresolved")),"Choose status",IF(OR(E13="",G13=""),"Add assessment and next step",IF(AND(D13<>"Unresolved",I13=""),"Add evidence source",IF(I13="","",IF(I13="","Add source ID",IF(NOT(SUMPRODUCT(--(SourceData[ID]=I13))=1),"Unknown or duplicate source",IF(INDEX(SourceData[Input check],MATCH(I13,SourceData[ID],0))<>"","Complete source record",""))))))))))))) | I13: W02 | J13: Raw award description | K13: =IF(C13="","",IF(IF(C13="","Add need ID",IF(NOT(SUMPRODUCT(--(NeedData[ID]=C13))=1),"Unknown or duplicate need",IF(INDEX(NeedData[Input check],MATCH(C13,NeedData[ID],0))<>"","Complete teaming need","")))<>"","",INDEX(NeedData[Priority],MATCH(C13,NeedData[ID],0)))) -> Required
A14: M23 | B14: C02 | C14: N03 | D14: Unresolved | E14: The inspected public records do not establish this capability for the proposed team. | F14: =IF(I14="","",IF(IF(I14="","Add source ID",IF(NOT(SUMPRODUCT(--(SourceData[ID]=I14))=1),"Unknown or duplicate source",IF(INDEX(SourceData[Input check],MATCH(I14,SourceData[ID],0))<>"","Complete source record","")))<>"","Check source",IF(INDEX(SourceData[URL],MATCH(I14,SourceData[ID],0))="",I14&IF(J14="",""," "&J14),HYPERLINK(INDEX(SourceData[URL],MATCH(I14,SourceData[ID],0)),I14&IF(J14="",""," "&J14))))) | G14: Identify the field crew, New Mexico license holders and survey deliverables. | H14: =IF(NOT(OR(A14<>"",B14<>"",C14<>"",D14<>"",E14<>"",G14<>"",I14<>"",J14<>"")),"",IF(A14="","Add ID",IF(NOT(SUMPRODUCT(--(MatchData[ID]=A14))=1),"Duplicate ID",IF(IF(B14="","Add candidate ID",IF(NOT(SUMPRODUCT(--(CandidateData[ID]=B14))=1),"Unknown or duplicate candidate",""))<>"",IF(B14="","Add candidate ID",IF(NOT(SUMPRODUCT(--(CandidateData[ID]=B14))=1),"Unknown or duplicate candidate","")),IF(IF(C14="","Add need ID",IF(NOT(SUMPRODUCT(--(NeedData[ID]=C14))=1),"Unknown or duplicate need",IF(INDEX(NeedData[Input check],MATCH(C14,NeedData[ID],0))<>"","Complete teaming need","")))<>"",IF(C14="","Add need ID",IF(NOT(SUMPRODUCT(--(NeedData[ID]=C14))=1),"Unknown or duplicate need",IF(INDEX(NeedData[Input check],MATCH(C14,NeedData[ID],0))<>"","Complete teaming need",""))),IF(SUMPRODUCT(--(MatchData[Candidate ID]=B14),--(MatchData[Need ID]=C14))<>1,"Duplicate candidate/need",IF(NOT(OR(D14="Pass",D14="Fail",D14="Unresolved")),"Choose status",IF(OR(E14="",G14=""),"Add assessment and next step",IF(AND(D14<>"Unresolved",I14=""),"Add evidence source",IF(I14="","",IF(I14="","Add source ID",IF(NOT(SUMPRODUCT(--(SourceData[ID]=I14))=1),"Unknown or duplicate source",IF(INDEX(SourceData[Input check],MATCH(I14,SourceData[ID],0))<>"","Complete source record",""))))))))))))) | K14: =IF(C14="","",IF(IF(C14="","Add need ID",IF(NOT(SUMPRODUCT(--(NeedData[ID]=C14))=1),"Unknown or duplicate need",IF(INDEX(NeedData[Input check],MATCH(C14,NeedData[ID],0))<>"","Complete teaming need","")))<>"","",INDEX(NeedData[Priority],MATCH(C14,NeedData[ID],0)))) -> Required
A15: M24 | B15: C02 | C15: N04 | D15: Pass | E15: NOAA records NV5 collection and processing of coastal topobathymetric data in 2019–2020. Current staff and entity continuity need confirmation. | F15: =IF(I15="","",IF(IF(I15="","Add source ID",IF(NOT(SUMPRODUCT(--(SourceData[ID]=I15))=1),"Unknown or duplicate source",IF(INDEX(SourceData[Input check],MATCH(I15,SourceData[ID],0))<>"","Complete source record","")))<>"","Check source",IF(INDEX(SourceData[URL],MATCH(I15,SourceData[ID],0))="",I15&IF(J15="",""," "&J15),HYPERLINK(INDEX(SourceData[URL],MATCH(I15,SourceData[ID],0)),I15&IF(J15="",""," "&J15))))) -> T02 Abstract; supplemental information | G15: Provide a deliverable sample, QA approach and the responsible processing team. | H15: =IF(NOT(OR(A15<>"",B15<>"",C15<>"",D15<>"",E15<>"",G15<>"",I15<>"",J15<>"")),"",IF(A15="","Add ID",IF(NOT(SUMPRODUCT(--(MatchData[ID]=A15))=1),"Duplicate ID",IF(IF(B15="","Add candidate ID",IF(NOT(SUMPRODUCT(--(CandidateData[ID]=B15))=1),"Unknown or duplicate candidate",""))<>"",IF(B15="","Add candidate ID",IF(NOT(SUMPRODUCT(--(CandidateData[ID]=B15))=1),"Unknown or duplicate candidate","")),IF(IF(C15="","Add need ID",IF(NOT(SUMPRODUCT(--(NeedData[ID]=C15))=1),"Unknown or duplicate need",IF(INDEX(NeedData[Input check],MATCH(C15,NeedData[ID],0))<>"","Complete teaming need","")))<>"",IF(C15="","Add need ID",IF(NOT(SUMPRODUCT(--(NeedData[ID]=C15))=1),"Unknown or duplicate need",IF(INDEX(NeedData[Input check],MATCH(C15,NeedData[ID],0))<>"","Complete teaming need",""))),IF(SUMPRODUCT(--(MatchData[Candidate ID]=B15),--(MatchData[Need ID]=C15))<>1,"Duplicate candidate/need",IF(NOT(OR(D15="Pass",D15="Fail",D15="Unresolved")),"Choose status",IF(OR(E15="",G15=""),"Add assessment and next step",IF(AND(D15<>"Unresolved",I15=""),"Add evidence source",IF(I15="","",IF(I15="","Add source ID",IF(NOT(SUMPRODUCT(--(SourceData[ID]=I15))=1),"Unknown or duplicate source",IF(INDEX(SourceData[Input check],MATCH(I15,SourceData[ID],0))<>"","Complete source record",""))))))))))))) | I15: T02 | J15: Abstract; supplemental information | K15: =IF(C15="","",IF(IF(C15="","Add need ID",IF(NOT(SUMPRODUCT(--(NeedData[ID]=C15))=1),"Unknown or duplicate need",IF(INDEX(NeedData[Input check],MATCH(C15,NeedData[ID],0))<>"","Complete teaming need","")))<>"","",INDEX(NeedData[Priority],MATCH(C15,NeedData[ID],0)))) -> Required
A16: M31 | B16: C03 | C16: N01 | D16: Unresolved | E16: The inspected public records do not establish this capability for the proposed team. | F16: =IF(I16="","",IF(IF(I16="","Add source ID",IF(NOT(SUMPRODUCT(--(SourceData[ID]=I16))=1),"Unknown or duplicate source",IF(INDEX(SourceData[Input check],MATCH(I16,SourceData[ID],0))<>"","Complete source record","")))<>"","Check source",IF(INDEX(SourceData[URL],MATCH(I16,SourceData[ID],0))="",I16&IF(J16="",""," "&J16),HYPERLINK(INDEX(SourceData[URL],MATCH(I16,SourceData[ID],0)),I16&IF(J16="",""," "&J16))))) | G16: Provide the proposed airborne method, sensor and a relevant project. | H16: =IF(NOT(OR(A16<>"",B16<>"",C16<>"",D16<>"",E16<>"",G16<>"",I16<>"",J16<>"")),"",IF(A16="","Add ID",IF(NOT(SUMPRODUCT(--(MatchData[ID]=A16))=1),"Duplicate ID",IF(IF(B16="","Add candidate ID",IF(NOT(SUMPRODUCT(--(CandidateData[ID]=B16))=1),"Unknown or duplicate candidate",""))<>"",IF(B16="","Add candidate ID",IF(NOT(SUMPRODUCT(--(CandidateData[ID]=B16))=1),"Unknown or duplicate candidate","")),IF(IF(C16="","Add need ID",IF(NOT(SUMPRODUCT(--(NeedData[ID]=C16))=1),"Unknown or duplicate need",IF(INDEX(NeedData[Input check],MATCH(C16,NeedData[ID],0))<>"","Complete teaming need","")))<>"",IF(C16="","Add need ID",IF(NOT(SUMPRODUCT(--(NeedData[ID]=C16))=1),"Unknown or duplicate need",IF(INDEX(NeedData[Input check],MATCH(C16,NeedData[ID],0))<>"","Complete teaming need",""))),IF(SUMPRODUCT(--(MatchData[Candidate ID]=B16),--(MatchData[Need ID]=C16))<>1,"Duplicate candidate/need",IF(NOT(OR(D16="Pass",D16="Fail",D16="Unresolved")),"Choose status",IF(OR(E16="",G16=""),"Add assessment and next step",IF(AND(D16<>"Unresolved",I16=""),"Add evidence source",IF(I16="","",IF(I16="","Add source ID",IF(NOT(SUMPRODUCT(--(SourceData[ID]=I16))=1),"Unknown or duplicate source",IF(INDEX(SourceData[Input check],MATCH(I16,SourceData[ID],0))<>"","Complete source record",""))))))))))))) | K16: =IF(C16="","",IF(IF(C16="","Add need ID",IF(NOT(SUMPRODUCT(--(NeedData[ID]=C16))=1),"Unknown or duplicate need",IF(INDEX(NeedData[Input check],MATCH(C16,NeedData[ID],0))<>"","Complete teaming need","")))<>"","",INDEX(NeedData[Priority],MATCH(C16,NeedData[ID],0)))) -> Required
A17: M32 | B17: C03 | C17: N02 | D17: Pass | E17: Public award scope includes LiDAR and imagery. This supports relevant work scope, not compliance with every Bitter Lake specification. | F17: =IF(I17="","",IF(IF(I17="","Add source ID",IF(NOT(SUMPRODUCT(--(SourceData[ID]=I17))=1),"Unknown or duplicate source",IF(INDEX(SourceData[Input check],MATCH(I17,SourceData[ID],0))<>"","Complete source record","")))<>"","Check source",IF(INDEX(SourceData[URL],MATCH(I17,SourceData[ID],0))="",I17&IF(J17="",""," "&J17),HYPERLINK(INDEX(SourceData[URL],MATCH(I17,SourceData[ID],0)),I17&IF(J17="",""," "&J17))))) -> W03 Raw award description | G17: Confirm the specified point density, four-band imagery and proposed equipment. | H17: =IF(NOT(OR(A17<>"",B17<>"",C17<>"",D17<>"",E17<>"",G17<>"",I17<>"",J17<>"")),"",IF(A17="","Add ID",IF(NOT(SUMPRODUCT(--(MatchData[ID]=A17))=1),"Duplicate ID",IF(IF(B17="","Add candidate ID",IF(NOT(SUMPRODUCT(--(CandidateData[ID]=B17))=1),"Unknown or duplicate candidate",""))<>"",IF(B17="","Add candidate ID",IF(NOT(SUMPRODUCT(--(CandidateData[ID]=B17))=1),"Unknown or duplicate candidate","")),IF(IF(C17="","Add need ID",IF(NOT(SUMPRODUCT(--(NeedData[ID]=C17))=1),"Unknown or duplicate need",IF(INDEX(NeedData[Input check],MATCH(C17,NeedData[ID],0))<>"","Complete teaming need","")))<>"",IF(C17="","Add need ID",IF(NOT(SUMPRODUCT(--(NeedData[ID]=C17))=1),"Unknown or duplicate need",IF(INDEX(NeedData[Input check],MATCH(C17,NeedData[ID],0))<>"","Complete teaming need",""))),IF(SUMPRODUCT(--(MatchData[Candidate ID]=B17),--(MatchData[Need ID]=C17))<>1,"Duplicate candidate/need",IF(NOT(OR(D17="Pass",D17="Fail",D17="Unresolved")),"Choose status",IF(OR(E17="",G17=""),"Add assessment and next step",IF(AND(D17<>"Unresolved",I17=""),"Add evidence source",IF(I17="","",IF(I17="","Add source ID",IF(NOT(SUMPRODUCT(--(SourceData[ID]=I17))=1),"Unknown or duplicate source",IF(INDEX(SourceData[Input check],MATCH(I17,SourceData[ID],0))<>"","Complete source record",""))))))))))))) | I17: W03 | J17: Raw award description | K17: =IF(C17="","",IF(IF(C17="","Add need ID",IF(NOT(SUMPRODUCT(--(NeedData[ID]=C17))=1),"Unknown or duplicate need",IF(INDEX(NeedData[Input check],MATCH(C17,NeedData[ID],0))<>"","Complete teaming need","")))<>"","",INDEX(NeedData[Priority],MATCH(C17,NeedData[ID],0)))) -> Required
A18: M33 | B18: C03 | C18: N03 | D18: Unresolved | E18: The inspected public records do not establish this capability for the proposed team. | F18: =IF(I18="","",IF(IF(I18="","Add source ID",IF(NOT(SUMPRODUCT(--(SourceData[ID]=I18))=1),"Unknown or duplicate source",IF(INDEX(SourceData[Input check],MATCH(I18,SourceData[ID],0))<>"","Complete source record","")))<>"","Check source",IF(INDEX(SourceData[URL],MATCH(I18,SourceData[ID],0))="",I18&IF(J18="",""," "&J18),HYPERLINK(INDEX(SourceData[URL],MATCH(I18,SourceData[ID],0)),I18&IF(J18="",""," "&J18))))) | G18: Identify the field crew, New Mexico license holders and survey deliverables. | H18: =IF(NOT(OR(A18<>"",B18<>"",C18<>"",D18<>"",E18<>"",G18<>"",I18<>"",J18<>"")),"",IF(A18="","Add ID",IF(NOT(SUMPRODUCT(--(MatchData[ID]=A18))=1),"Duplicate ID",IF(IF(B18="","Add candidate ID",IF(NOT(SUMPRODUCT(--(CandidateData[ID]=B18))=1),"Unknown or duplicate candidate",""))<>"",IF(B18="","Add candidate ID",IF(NOT(SUMPRODUCT(--(CandidateData[ID]=B18))=1),"Unknown or duplicate candidate","")),IF(IF(C18="","Add need ID",IF(NOT(SUMPRODUCT(--(NeedData[ID]=C18))=1),"Unknown or duplicate need",IF(INDEX(NeedData[Input check],MATCH(C18,NeedData[ID],0))<>"","Complete teaming need","")))<>"",IF(C18="","Add need ID",IF(NOT(SUMPRODUCT(--(NeedData[ID]=C18))=1),"Unknown or duplicate need",IF(INDEX(NeedData[Input check],MATCH(C18,NeedData[ID],0))<>"","Complete teaming need",""))),IF(SUMPRODUCT(--(MatchData[Candidate ID]=B18),--(MatchData[Need ID]=C18))<>1,"Duplicate candidate/need",IF(NOT(OR(D18="Pass",D18="Fail",D18="Unresolved")),"Choose status",IF(OR(E18="",G18=""),"Add assessment and next step",IF(AND(D18<>"Unresolved",I18=""),"Add evidence source",IF(I18="","",IF(I18="","Add source ID",IF(NOT(SUMPRODUCT(--(SourceData[ID]=I18))=1),"Unknown or duplicate source",IF(INDEX(SourceData[Input check],MATCH(I18,SourceData[ID],0))<>"","Complete source record",""))))))))))))) | K18: =IF(C18="","",IF(IF(C18="","Add need ID",IF(NOT(SUMPRODUCT(--(NeedData[ID]=C18))=1),"Unknown or duplicate need",IF(INDEX(NeedData[Input check],MATCH(C18,NeedData[ID],0))<>"","Complete teaming need","")))<>"","",INDEX(NeedData[Priority],MATCH(C18,NeedData[ID],0)))) -> Required
A19: M34 | B19: C03 | C19: N04 | D19: Unresolved | E19: The inspected public records do not establish this capability for the proposed team. | F19: =IF(I19="","",IF(IF(I19="","Add source ID",IF(NOT(SUMPRODUCT(--(SourceData[ID]=I19))=1),"Unknown or duplicate source",IF(INDEX(SourceData[Input check],MATCH(I19,SourceData[ID],0))<>"","Complete source record","")))<>"","Check source",IF(INDEX(SourceData[URL],MATCH(I19,SourceData[ID],0))="",I19&IF(J19="",""," "&J19),HYPERLINK(INDEX(SourceData[URL],MATCH(I19,SourceData[ID],0)),I19&IF(J19="",""," "&J19))))) | G19: Provide a deliverable sample, QA approach and the responsible processing team. | H19: =IF(NOT(OR(A19<>"",B19<>"",C19<>"",D19<>"",E19<>"",G19<>"",I19<>"",J19<>"")),"",IF(A19="","Add ID",IF(NOT(SUMPRODUCT(--(MatchData[ID]=A19))=1),"Duplicate ID",IF(IF(B19="","Add candidate ID",IF(NOT(SUMPRODUCT(--(CandidateData[ID]=B19))=1),"Unknown or duplicate candidate",""))<>"",IF(B19="","Add candidate ID",IF(NOT(SUMPRODUCT(--(CandidateData[ID]=B19))=1),"Unknown or duplicate candidate","")),IF(IF(C19="","Add need ID",IF(NOT(SUMPRODUCT(--(NeedData[ID]=C19))=1),"Unknown or duplicate need",IF(INDEX(NeedData[Input check],MATCH(C19,NeedData[ID],0))<>"","Complete teaming need","")))<>"",IF(C19="","Add need ID",IF(NOT(SUMPRODUCT(--(NeedData[ID]=C19))=1),"Unknown or duplicate need",IF(INDEX(NeedData[Input check],MATCH(C19,NeedData[ID],0))<>"","Complete teaming need",""))),IF(SUMPRODUCT(--(MatchData[Candidate ID]=B19),--(MatchData[Need ID]=C19))<>1,"Duplicate candidate/need",IF(NOT(OR(D19="Pass",D19="Fail",D19="Unresolved")),"Choose status",IF(OR(E19="",G19=""),"Add assessment and next step",IF(AND(D19<>"Unresolved",I19=""),"Add evidence source",IF(I19="","",IF(I19="","Add source ID",IF(NOT(SUMPRODUCT(--(SourceData[ID]=I19))=1),"Unknown or duplicate source",IF(INDEX(SourceData[Input check],MATCH(I19,SourceData[ID],0))<>"","Complete source record",""))))))))))))) | K19: =IF(C19="","",IF(IF(C19="","Add need ID",IF(NOT(SUMPRODUCT(--(NeedData[ID]=C19))=1),"Unknown or duplicate need",IF(INDEX(NeedData[Input check],MATCH(C19,NeedData[ID],0))<>"","Complete teaming need","")))<>"","",INDEX(NeedData[Priority],MATCH(C19,NeedData[ID],0)))) -> Required
A20: M41 | B20: C04 | C20: N01 | D20: Unresolved | E20: The inspected public records do not establish this capability for the proposed team. | F20: =IF(I20="","",IF(IF(I20="","Add source ID",IF(NOT(SUMPRODUCT(--(SourceData[ID]=I20))=1),"Unknown or duplicate source",IF(INDEX(SourceData[Input check],MATCH(I20,SourceData[ID],0))<>"","Complete source record","")))<>"","Check source",IF(INDEX(SourceData[URL],MATCH(I20,SourceData[ID],0))="",I20&IF(J20="",""," "&J20),HYPERLINK(INDEX(SourceData[URL],MATCH(I20,SourceData[ID],0)),I20&IF(J20="",""," "&J20))))) | G20: Provide the proposed airborne method, sensor and a relevant project. | H20: =IF(NOT(OR(A20<>"",B20<>"",C20<>"",D20<>"",E20<>"",G20<>"",I20<>"",J20<>"")),"",IF(A20="","Add ID",IF(NOT(SUMPRODUCT(--(MatchData[ID]=A20))=1),"Duplicate ID",IF(IF(B20="","Add candidate ID",IF(NOT(SUMPRODUCT(--(CandidateData[ID]=B20))=1),"Unknown or duplicate candidate",""))<>"",IF(B20="","Add candidate ID",IF(NOT(SUMPRODUCT(--(CandidateData[ID]=B20))=1),"Unknown or duplicate candidate","")),IF(IF(C20="","Add need ID",IF(NOT(SUMPRODUCT(--(NeedData[ID]=C20))=1),"Unknown or duplicate need",IF(INDEX(NeedData[Input check],MATCH(C20,NeedData[ID],0))<>"","Complete teaming need","")))<>"",IF(C20="","Add need ID",IF(NOT(SUMPRODUCT(--(NeedData[ID]=C20))=1),"Unknown or duplicate need",IF(INDEX(NeedData[Input check],MATCH(C20,NeedData[ID],0))<>"","Complete teaming need",""))),IF(SUMPRODUCT(--(MatchData[Candidate ID]=B20),--(MatchData[Need ID]=C20))<>1,"Duplicate candidate/need",IF(NOT(OR(D20="Pass",D20="Fail",D20="Unresolved")),"Choose status",IF(OR(E20="",G20=""),"Add assessment and next step",IF(AND(D20<>"Unresolved",I20=""),"Add evidence source",IF(I20="","",IF(I20="","Add source ID",IF(NOT(SUMPRODUCT(--(SourceData[ID]=I20))=1),"Unknown or duplicate source",IF(INDEX(SourceData[Input check],MATCH(I20,SourceData[ID],0))<>"","Complete source record",""))))))))))))) | K20: =IF(C20="","",IF(IF(C20="","Add need ID",IF(NOT(SUMPRODUCT(--(NeedData[ID]=C20))=1),"Unknown or duplicate need",IF(INDEX(NeedData[Input check],MATCH(C20,NeedData[ID],0))<>"","Complete teaming need","")))<>"","",INDEX(NeedData[Priority],MATCH(C20,NeedData[ID],0)))) -> Required
A21: M42 | B21: C04 | C21: N02 | D21: Pass | E21: Public award scope includes LiDAR and imagery. This supports relevant work scope, not compliance with every Bitter Lake specification. | F21: =IF(I21="","",IF(IF(I21="","Add source ID",IF(NOT(SUMPRODUCT(--(SourceData[ID]=I21))=1),"Unknown or duplicate source",IF(INDEX(SourceData[Input check],MATCH(I21,SourceData[ID],0))<>"","Complete source record","")))<>"","Check source",IF(INDEX(SourceData[URL],MATCH(I21,SourceData[ID],0))="",I21&IF(J21="",""," "&J21),HYPERLINK(INDEX(SourceData[URL],MATCH(I21,SourceData[ID],0)),I21&IF(J21="",""," "&J21))))) -> W04 Raw award description | G21: Confirm the specified point density, four-band imagery and proposed equipment. | H21: =IF(NOT(OR(A21<>"",B21<>"",C21<>"",D21<>"",E21<>"",G21<>"",I21<>"",J21<>"")),"",IF(A21="","Add ID",IF(NOT(SUMPRODUCT(--(MatchData[ID]=A21))=1),"Duplicate ID",IF(IF(B21="","Add candidate ID",IF(NOT(SUMPRODUCT(--(CandidateData[ID]=B21))=1),"Unknown or duplicate candidate",""))<>"",IF(B21="","Add candidate ID",IF(NOT(SUMPRODUCT(--(CandidateData[ID]=B21))=1),"Unknown or duplicate candidate","")),IF(IF(C21="","Add need ID",IF(NOT(SUMPRODUCT(--(NeedData[ID]=C21))=1),"Unknown or duplicate need",IF(INDEX(NeedData[Input check],MATCH(C21,NeedData[ID],0))<>"","Complete teaming need","")))<>"",IF(C21="","Add need ID",IF(NOT(SUMPRODUCT(--(NeedData[ID]=C21))=1),"Unknown or duplicate need",IF(INDEX(NeedData[Input check],MATCH(C21,NeedData[ID],0))<>"","Complete teaming need",""))),IF(SUMPRODUCT(--(MatchData[Candidate ID]=B21),--(MatchData[Need ID]=C21))<>1,"Duplicate candidate/need",IF(NOT(OR(D21="Pass",D21="Fail",D21="Unresolved")),"Choose status",IF(OR(E21="",G21=""),"Add assessment and next step",IF(AND(D21<>"Unresolved",I21=""),"Add evidence source",IF(I21="","",IF(I21="","Add source ID",IF(NOT(SUMPRODUCT(--(SourceData[ID]=I21))=1),"Unknown or duplicate source",IF(INDEX(SourceData[Input check],MATCH(I21,SourceData[ID],0))<>"","Complete source record",""))))))))))))) | I21: W04 | J21: Raw award description | K21: =IF(C21="","",IF(IF(C21="","Add need ID",IF(NOT(SUMPRODUCT(--(NeedData[ID]=C21))=1),"Unknown or duplicate need",IF(INDEX(NeedData[Input check],MATCH(C21,NeedData[ID],0))<>"","Complete teaming need","")))<>"","",INDEX(NeedData[Priority],MATCH(C21,NeedData[ID],0)))) -> Required
A22: M43 | B22: C04 | C22: N03 | D22: Unresolved | E22: The inspected public records do not establish this capability for the proposed team. | F22: =IF(I22="","",IF(IF(I22="","Add source ID",IF(NOT(SUMPRODUCT(--(SourceData[ID]=I22))=1),"Unknown or duplicate source",IF(INDEX(SourceData[Input check],MATCH(I22,SourceData[ID],0))<>"","Complete source record","")))<>"","Check source",IF(INDEX(SourceData[URL],MATCH(I22,SourceData[ID],0))="",I22&IF(J22="",""," "&J22),HYPERLINK(INDEX(SourceData[URL],MATCH(I22,SourceData[ID],0)),I22&IF(J22="",""," "&J22))))) | G22: Identify the field crew, New Mexico license holders and survey deliverables. | H22: =IF(NOT(OR(A22<>"",B22<>"",C22<>"",D22<>"",E22<>"",G22<>"",I22<>"",J22<>"")),"",IF(A22="","Add ID",IF(NOT(SUMPRODUCT(--(MatchData[ID]=A22))=1),"Duplicate ID",IF(IF(B22="","Add candidate ID",IF(NOT(SUMPRODUCT(--(CandidateData[ID]=B22))=1),"Unknown or duplicate candidate",""))<>"",IF(B22="","Add candidate ID",IF(NOT(SUMPRODUCT(--(CandidateData[ID]=B22))=1),"Unknown or duplicate candidate","")),IF(IF(C22="","Add need ID",IF(NOT(SUMPRODUCT(--(NeedData[ID]=C22))=1),"Unknown or duplicate need",IF(INDEX(NeedData[Input check],MATCH(C22,NeedData[ID],0))<>"","Complete teaming need","")))<>"",IF(C22="","Add need ID",IF(NOT(SUMPRODUCT(--(NeedData[ID]=C22))=1),"Unknown or duplicate need",IF(INDEX(NeedData[Input check],MATCH(C22,NeedData[ID],0))<>"","Complete teaming need",""))),IF(SUMPRODUCT(--(MatchData[Candidate ID]=B22),--(MatchData[Need ID]=C22))<>1,"Duplicate candidate/need",IF(NOT(OR(D22="Pass",D22="Fail",D22="Unresolved")),"Choose status",IF(OR(E22="",G22=""),"Add assessment and next step",IF(AND(D22<>"Unresolved",I22=""),"Add evidence source",IF(I22="","",IF(I22="","Add source ID",IF(NOT(SUMPRODUCT(--(SourceData[ID]=I22))=1),"Unknown or duplicate source",IF(INDEX(SourceData[Input check],MATCH(I22,SourceData[ID],0))<>"","Complete source record",""))))))))))))) | K22: =IF(C22="","",IF(IF(C22="","Add need ID",IF(NOT(SUMPRODUCT(--(NeedData[ID]=C22))=1),"Unknown or duplicate need",IF(INDEX(NeedData[Input check],MATCH(C22,NeedData[ID],0))<>"","Complete teaming need","")))<>"","",INDEX(NeedData[Priority],MATCH(C22,NeedData[ID],0)))) -> Required
A23: M44 | B23: C04 | C23: N04 | D23: Unresolved | E23: The inspected public records do not establish this capability for the proposed team. | F23: =IF(I23="","",IF(IF(I23="","Add source ID",IF(NOT(SUMPRODUCT(--(SourceData[ID]=I23))=1),"Unknown or duplicate source",IF(INDEX(SourceData[Input check],MATCH(I23,SourceData[ID],0))<>"","Complete source record","")))<>"","Check source",IF(INDEX(SourceData[URL],MATCH(I23,SourceData[ID],0))="",I23&IF(J23="",""," "&J23),HYPERLINK(INDEX(SourceData[URL],MATCH(I23,SourceData[ID],0)),I23&IF(J23="",""," "&J23))))) | G23: Provide a deliverable sample, QA approach and the responsible processing team. | H23: =IF(NOT(OR(A23<>"",B23<>"",C23<>"",D23<>"",E23<>"",G23<>"",I23<>"",J23<>"")),"",IF(A23="","Add ID",IF(NOT(SUMPRODUCT(--(MatchData[ID]=A23))=1),"Duplicate ID",IF(IF(B23="","Add candidate ID",IF(NOT(SUMPRODUCT(--(CandidateData[ID]=B23))=1),"Unknown or duplicate candidate",""))<>"",IF(B23="","Add candidate ID",IF(NOT(SUMPRODUCT(--(CandidateData[ID]=B23))=1),"Unknown or duplicate candidate","")),IF(IF(C23="","Add need ID",IF(NOT(SUMPRODUCT(--(NeedData[ID]=C23))=1),"Unknown or duplicate need",IF(INDEX(NeedData[Input check],MATCH(C23,NeedData[ID],0))<>"","Complete teaming need","")))<>"",IF(C23="","Add need ID",IF(NOT(SUMPRODUCT(--(NeedData[ID]=C23))=1),"Unknown or duplicate need",IF(INDEX(NeedData[Input check],MATCH(C23,NeedData[ID],0))<>"","Complete teaming need",""))),IF(SUMPRODUCT(--(MatchData[Candidate ID]=B23),--(MatchData[Need ID]=C23))<>1,"Duplicate candidate/need",IF(NOT(OR(D23="Pass",D23="Fail",D23="Unresolved")),"Choose status",IF(OR(E23="",G23=""),"Add assessment and next step",IF(AND(D23<>"Unresolved",I23=""),"Add evidence source",IF(I23="","",IF(I23="","Add source ID",IF(NOT(SUMPRODUCT(--(SourceData[ID]=I23))=1),"Unknown or duplicate source",IF(INDEX(SourceData[Input check],MATCH(I23,SourceData[ID],0))<>"","Complete source record",""))))))))))))) | K23: =IF(C23="","",IF(IF(C23="","Add need ID",IF(NOT(SUMPRODUCT(--(NeedData[ID]=C23))=1),"Unknown or duplicate need",IF(INDEX(NeedData[Input check],MATCH(C23,NeedData[ID],0))<>"","Complete teaming need","")))<>"","",INDEX(NeedData[Priority],MATCH(C23,NeedData[ID],0)))) -> Required
F24: =IF(I24="","",IF(IF(I24="","Add source ID",IF(NOT(SUMPRODUCT(--(SourceData[ID]=I24))=1),"Unknown or duplicate source",IF(INDEX(SourceData[Input check],MATCH(I24,SourceData[ID],0))<>"","Complete source record","")))<>"","Check source",IF(INDEX(SourceData[URL],MATCH(I24,SourceData[ID],0))="",I24&IF(J24="",""," "&J24),HYPERLINK(INDEX(SourceData[URL],MATCH(I24,SourceData[ID],0)),I24&IF(J24="",""," "&J24))))) | H24: =IF(NOT(OR(A24<>"",B24<>"",C24<>"",D24<>"",E24<>"",G24<>"",I24<>"",J24<>"")),"",IF(A24="","Add ID",IF(NOT(SUMPRODUCT(--(MatchData[ID]=A24))=1),"Duplicate ID",IF(IF(B24="","Add candidate ID",IF(NOT(SUMPRODUCT(--(CandidateData[ID]=B24))=1),"Unknown or duplicate candidate",""))<>"",IF(B24="","Add candidate ID",IF(NOT(SUMPRODUCT(--(CandidateData[ID]=B24))=1),"Unknown or duplicate candidate","")),IF(IF(C24="","Add need ID",IF(NOT(SUMPRODUCT(--(NeedData[ID]=C24))=1),"Unknown or duplicate need",IF(INDEX(NeedData[Input check],MATCH(C24,NeedData[ID],0))<>"","Complete teaming need","")))<>"",IF(C24="","Add need ID",IF(NOT(SUMPRODUCT(--(NeedData[ID]=C24))=1),"Unknown or duplicate need",IF(INDEX(NeedData[Input check],MATCH(C24,NeedData[ID],0))<>"","Complete teaming need",""))),IF(SUMPRODUCT(--(MatchData[Candidate ID]=B24),--(MatchData[Need ID]=C24))<>1,"Duplicate candidate/need",IF(NOT(OR(D24="Pass",D24="Fail",D24="Unresolved")),"Choose status",IF(OR(E24="",G24=""),"Add assessment and next step",IF(AND(D24<>"Unresolved",I24=""),"Add evidence source",IF(I24="","",IF(I24="","Add source ID",IF(NOT(SUMPRODUCT(--(SourceData[ID]=I24))=1),"Unknown or duplicate source",IF(INDEX(SourceData[Input check],MATCH(I24,SourceData[ID],0))<>"","Complete source record",""))))))))))))) | K24: =IF(C24="","",IF(IF(C24="","Add need ID",IF(NOT(SUMPRODUCT(--(NeedData[ID]=C24))=1),"Unknown or duplicate need",IF(INDEX(NeedData[Input check],MATCH(C24,NeedData[ID],0))<>"","Complete teaming need","")))<>"","",INDEX(NeedData[Priority],MATCH(C24,NeedData[ID],0))))
F25: =IF(I25="","",IF(IF(I25="","Add source ID",IF(NOT(SUMPRODUCT(--(SourceData[ID]=I25))=1),"Unknown or duplicate source",IF(INDEX(SourceData[Input check],MATCH(I25,SourceData[ID],0))<>"","Complete source record","")))<>"","Check source",IF(INDEX(SourceData[URL],MATCH(I25,SourceData[ID],0))="",I25&IF(J25="",""," "&J25),HYPERLINK(INDEX(SourceData[URL],MATCH(I25,SourceData[ID],0)),I25&IF(J25="",""," "&J25))))) | H25: =IF(NOT(OR(A25<>"",B25<>"",C25<>"",D25<>"",E25<>"",G25<>"",I25<>"",J25<>"")),"",IF(A25="","Add ID",IF(NOT(SUMPRODUCT(--(MatchData[ID]=A25))=1),"Duplicate ID",IF(IF(B25="","Add candidate ID",IF(NOT(SUMPRODUCT(--(CandidateData[ID]=B25))=1),"Unknown or duplicate candidate",""))<>"",IF(B25="","Add candidate ID",IF(NOT(SUMPRODUCT(--(CandidateData[ID]=B25))=1),"Unknown or duplicate candidate","")),IF(IF(C25="","Add need ID",IF(NOT(SUMPRODUCT(--(NeedData[ID]=C25))=1),"Unknown or duplicate need",IF(INDEX(NeedData[Input check],MATCH(C25,NeedData[ID],0))<>"","Complete teaming need","")))<>"",IF(C25="","Add need ID",IF(NOT(SUMPRODUCT(--(NeedData[ID]=C25))=1),"Unknown or duplicate need",IF(INDEX(NeedData[Input check],MATCH(C25,NeedData[ID],0))<>"","Complete teaming need",""))),IF(SUMPRODUCT(--(MatchData[Candidate ID]=B25),--(MatchData[Need ID]=C25))<>1,"Duplicate candidate/need",IF(NOT(OR(D25="Pass",D25="Fail",D25="Unresolved")),"Choose status",IF(OR(E25="",G25=""),"Add assessment and next step",IF(AND(D25<>"Unresolved",I25=""),"Add evidence source",IF(I25="","",IF(I25="","Add source ID",IF(NOT(SUMPRODUCT(--(SourceData[ID]=I25))=1),"Unknown or duplicate source",IF(INDEX(SourceData[Input check],MATCH(I25,SourceData[ID],0))<>"","Complete source record",""))))))))))))) | K25: =IF(C25="","",IF(IF(C25="","Add need ID",IF(NOT(SUMPRODUCT(--(NeedData[ID]=C25))=1),"Unknown or duplicate need",IF(INDEX(NeedData[Input check],MATCH(C25,NeedData[ID],0))<>"","Complete teaming need","")))<>"","",INDEX(NeedData[Priority],MATCH(C25,NeedData[ID],0))))
F26: =IF(I26="","",IF(IF(I26="","Add source ID",IF(NOT(SUMPRODUCT(--(SourceData[ID]=I26))=1),"Unknown or duplicate source",IF(INDEX(SourceData[Input check],MATCH(I26,SourceData[ID],0))<>"","Complete source record","")))<>"","Check source",IF(INDEX(SourceData[URL],MATCH(I26,SourceData[ID],0))="",I26&IF(J26="",""," "&J26),HYPERLINK(INDEX(SourceData[URL],MATCH(I26,SourceData[ID],0)),I26&IF(J26="",""," "&J26))))) | H26: =IF(NOT(OR(A26<>"",B26<>"",C26<>"",D26<>"",E26<>"",G26<>"",I26<>"",J26<>"")),"",IF(A26="","Add ID",IF(NOT(SUMPRODUCT(--(MatchData[ID]=A26))=1),"Duplicate ID",IF(IF(B26="","Add candidate ID",IF(NOT(SUMPRODUCT(--(CandidateData[ID]=B26))=1),"Unknown or duplicate candidate",""))<>"",IF(B26="","Add candidate ID",IF(NOT(SUMPRODUCT(--(CandidateData[ID]=B26))=1),"Unknown or duplicate candidate","")),IF(IF(C26="","Add need ID",IF(NOT(SUMPRODUCT(--(NeedData[ID]=C26))=1),"Unknown or duplicate need",IF(INDEX(NeedData[Input check],MATCH(C26,NeedData[ID],0))<>"","Complete teaming need","")))<>"",IF(C26="","Add need ID",IF(NOT(SUMPRODUCT(--(NeedData[ID]=C26))=1),"Unknown or duplicate need",IF(INDEX(NeedData[Input check],MATCH(C26,NeedData[ID],0))<>"","Complete teaming need",""))),IF(SUMPRODUCT(--(MatchData[Candidate ID]=B26),--(MatchData[Need ID]=C26))<>1,"Duplicate candidate/need",IF(NOT(OR(D26="Pass",D26="Fail",D26="Unresolved")),"Choose status",IF(OR(E26="",G26=""),"Add assessment and next step",IF(AND(D26<>"Unresolved",I26=""),"Add evidence source",IF(I26="","",IF(I26="","Add source ID",IF(NOT(SUMPRODUCT(--(SourceData[ID]=I26))=1),"Unknown or duplicate source",IF(INDEX(SourceData[Input check],MATCH(I26,SourceData[ID],0))<>"","Complete source record",""))))))))))))) | K26: =IF(C26="","",IF(IF(C26="","Add need ID",IF(NOT(SUMPRODUCT(--(NeedData[ID]=C26))=1),"Unknown or duplicate need",IF(INDEX(NeedData[Input check],MATCH(C26,NeedData[ID],0))<>"","Complete teaming need","")))<>"","",INDEX(NeedData[Priority],MATCH(C26,NeedData[ID],0))))
F27: =IF(I27="","",IF(IF(I27="","Add source ID",IF(NOT(SUMPRODUCT(--(SourceData[ID]=I27))=1),"Unknown or duplicate source",IF(INDEX(SourceData[Input check],MATCH(I27,SourceData[ID],0))<>"","Complete source record","")))<>"","Check source",IF(INDEX(SourceData[URL],MATCH(I27,SourceData[ID],0))="",I27&IF(J27="",""," "&J27),HYPERLINK(INDEX(SourceData[URL],MATCH(I27,SourceData[ID],0)),I27&IF(J27="",""," "&J27))))) | H27: =IF(NOT(OR(A27<>"",B27<>"",C27<>"",D27<>"",E27<>"",G27<>"",I27<>"",J27<>"")),"",IF(A27="","Add ID",IF(NOT(SUMPRODUCT(--(MatchData[ID]=A27))=1),"Duplicate ID",IF(IF(B27="","Add candidate ID",IF(NOT(SUMPRODUCT(--(CandidateData[ID]=B27))=1),"Unknown or duplicate candidate",""))<>"",IF(B27="","Add candidate ID",IF(NOT(SUMPRODUCT(--(CandidateData[ID]=B27))=1),"Unknown or duplicate candidate","")),IF(IF(C27="","Add need ID",IF(NOT(SUMPRODUCT(--(NeedData[ID]=C27))=1),"Unknown or duplicate need",IF(INDEX(NeedData[Input check],MATCH(C27,NeedData[ID],0))<>"","Complete teaming need","")))<>"",IF(C27="","Add need ID",IF(NOT(SUMPRODUCT(--(NeedData[ID]=C27))=1),"Unknown or duplicate need",IF(INDEX(NeedData[Input check],MATCH(C27,NeedData[ID],0))<>"","Complete teaming need",""))),IF(SUMPRODUCT(--(MatchData[Candidate ID]=B27),--(MatchData[Need ID]=C27))<>1,"Duplicate candidate/need",IF(NOT(OR(D27="Pass",D27="Fail",D27="Unresolved")),"Choose status",IF(OR(E27="",G27=""),"Add assessment and next step",IF(AND(D27<>"Unresolved",I27=""),"Add evidence source",IF(I27="","",IF(I27="","Add source ID",IF(NOT(SUMPRODUCT(--(SourceData[ID]=I27))=1),"Unknown or duplicate source",IF(INDEX(SourceData[Input check],MATCH(I27,SourceData[ID],0))<>"","Complete source record",""))))))))))))) | K27: =IF(C27="","",IF(IF(C27="","Add need ID",IF(NOT(SUMPRODUCT(--(NeedData[ID]=C27))=1),"Unknown or duplicate need",IF(INDEX(NeedData[Input check],MATCH(C27,NeedData[ID],0))<>"","Complete teaming need","")))<>"","",INDEX(NeedData[Priority],MATCH(C27,NeedData[ID],0))))

Sheet Relevant Work
A2: Relevant work
A4: Award dates and scheduled completion are distinct from project collection dates. Public awards do not establish quality, completed work or partner availability.
A7: ID | B7: Candidate | C7: Award / project | D7: Customer | E7: Actual role | F7: Dates | G7: Work reference | H7: Need ID | I7: Relevance | J7: Limitations | K7: Source ID | L7: Location | M7: Start date | N7: End date | O7: Input check
A8: R01 | B8: =IF(A8="","",IF(IF(G8="","Add candidate ID",IF(NOT(SUMPRODUCT(--(CandidateData[ID]=G8))=1),"Unknown or duplicate candidate",""))<>"",G8,INDEX(CandidateData[Company / UEI],MATCH(G8,CandidateData[ID],0)))) -> Dewberry Engineers Inc. UEI K3WDSCEDY1V5 | C8: =IF(A8="","",IF(IF(K8="","Add source ID",IF(NOT(SUMPRODUCT(--(SourceData[ID]=K8))=1),"Unknown or duplicate source",IF(INDEX(SourceData[Input check],MATCH(K8,SourceData[ID],0))<>"","Complete source record","")))<>"","Check source",HYPERLINK(INDEX(SourceData[URL],MATCH(K8,SourceData[ID],0)),INDEX(SourceData[Title],MATCH(K8,SourceData[ID],0))))) -> 1305M225D0016-1305M226F0404 | D8: NOAA / National Geodetic Survey | E8: Named prime awardee | F8: =IF(A8="","",IF(OR(M8="",N8=""),"Dates not established",TEXT(M8,"mmm d, yyyy")&CHAR(10)&"to "&TEXT(N8,"mmm d, yyyy"))) -> Aug 31, 2026 to Apr 19, 2029 | G8: C01 | H8: N02 | I8: Awarded LiDAR, imagery and shoreline mapping in Washington. | J8: Scheduled completion only. No inspected evaluation, accepted deliverables or proof of available staff. | K8: W01 | L8: Award fields; raw description | M8: 46265 | N8: 47227 | O8: =IF(NOT(OR(A8<>"",D8<>"",E8<>"",G8<>"",H8<>"",I8<>"",J8<>"",K8<>"",L8<>"",M8<>"",N8<>"")),"",IF(A8="","Add ID",IF(NOT(SUMPRODUCT(--(WorkData[ID]=A8))=1),"Duplicate ID",IF(IF(G8="","Add candidate ID",IF(NOT(SUMPRODUCT(--(CandidateData[ID]=G8))=1),"Unknown or duplicate candidate",""))<>"",IF(G8="","Add candidate ID",IF(NOT(SUMPRODUCT(--(CandidateData[ID]=G8))=1),"Unknown or duplicate candidate","")),IF(IF(H8="","Add need ID",IF(NOT(SUMPRODUCT(--(NeedData[ID]=H8))=1),"Unknown or duplicate need",IF(INDEX(NeedData[Input check],MATCH(H8,NeedData[ID],0))<>"","Complete teaming need","")))<>"",IF(H8="","Add need ID",IF(NOT(SUMPRODUCT(--(NeedData[ID]=H8))=1),"Unknown or duplicate need",IF(INDEX(NeedData[Input check],MATCH(H8,NeedData[ID],0))<>"","Complete teaming need",""))),IF(OR(D8="",E8="",I8="",J8=""),"Add role, scope and limits",IF(OR(AND(M8<>"",OR(NOT(ISNUMBER(M8)),M8<=0)),AND(N8<>"",OR(NOT(ISNUMBER(N8)),N8<=0)),AND(M8<>"",N8<>"",M8>N8)),"Check dates",IF(K8="","Add source ID",IF(NOT(SUMPRODUCT(--(SourceData[ID]=K8))=1),"Unknown or duplicate source",IF(INDEX(SourceData[Input check],MATCH(K8,SourceData[ID],0))<>"","Complete source record",""))))))))))
A9: R02 | B9: =IF(A9="","",IF(IF(G9="","Add candidate ID",IF(NOT(SUMPRODUCT(--(CandidateData[ID]=G9))=1),"Unknown or duplicate candidate",""))<>"",G9,INDEX(CandidateData[Company / UEI],MATCH(G9,CandidateData[ID],0)))) -> NV5 Geospatial, Inc. UEI EMJEL3XM6A87 | C9: =IF(A9="","",IF(IF(K9="","Add source ID",IF(NOT(SUMPRODUCT(--(SourceData[ID]=K9))=1),"Unknown or duplicate source",IF(INDEX(SourceData[Input check],MATCH(K9,SourceData[ID],0))<>"","Complete source record","")))<>"","Check source",HYPERLINK(INDEX(SourceData[URL],MATCH(K9,SourceData[ID],0)),INDEX(SourceData[Title],MATCH(K9,SourceData[ID],0))))) -> 1305M225D0017-1305M226F0396 | D9: NOAA / National Geodetic Survey | E9: Named prime awardee | F9: =IF(A9="","",IF(OR(M9="",N9=""),"Dates not established",TEXT(M9,"mmm d, yyyy")&CHAR(10)&"to "&TEXT(N9,"mmm d, yyyy"))) -> Aug 21, 2026 to Jun 30, 2028 | G9: C02 | H9: N02 | I9: Awarded LiDAR, imagery and shoreline mapping in Washington. | J9: Scheduled completion only. No inspected evaluation, accepted deliverables or proof of available staff. | K9: W02 | L9: Award fields; raw description | M9: 46255 | N9: 46934 | O9: =IF(NOT(OR(A9<>"",D9<>"",E9<>"",G9<>"",H9<>"",I9<>"",J9<>"",K9<>"",L9<>"",M9<>"",N9<>"")),"",IF(A9="","Add ID",IF(NOT(SUMPRODUCT(--(WorkData[ID]=A9))=1),"Duplicate ID",IF(IF(G9="","Add candidate ID",IF(NOT(SUMPRODUCT(--(CandidateData[ID]=G9))=1),"Unknown or duplicate candidate",""))<>"",IF(G9="","Add candidate ID",IF(NOT(SUMPRODUCT(--(CandidateData[ID]=G9))=1),"Unknown or duplicate candidate","")),IF(IF(H9="","Add need ID",IF(NOT(SUMPRODUCT(--(NeedData[ID]=H9))=1),"Unknown or duplicate need",IF(INDEX(NeedData[Input check],MATCH(H9,NeedData[ID],0))<>"","Complete teaming need","")))<>"",IF(H9="","Add need ID",IF(NOT(SUMPRODUCT(--(NeedData[ID]=H9))=1),"Unknown or duplicate need",IF(INDEX(NeedData[Input check],MATCH(H9,NeedData[ID],0))<>"","Complete teaming need",""))),IF(OR(D9="",E9="",I9="",J9=""),"Add role, scope and limits",IF(OR(AND(M9<>"",OR(NOT(ISNUMBER(M9)),M9<=0)),AND(N9<>"",OR(NOT(ISNUMBER(N9)),N9<=0)),AND(M9<>"",N9<>"",M9>N9)),"Check dates",IF(K9="","Add source ID",IF(NOT(SUMPRODUCT(--(SourceData[ID]=K9))=1),"Unknown or duplicate source",IF(INDEX(SourceData[Input check],MATCH(K9,SourceData[ID],0))<>"","Complete source record",""))))))))))
A10: R03 | B10: =IF(A10="","",IF(IF(G10="","Add candidate ID",IF(NOT(SUMPRODUCT(--(CandidateData[ID]=G10))=1),"Unknown or duplicate candidate",""))<>"",G10,INDEX(CandidateData[Company / UEI],MATCH(G10,CandidateData[ID],0)))) -> Woolpert, Inc. UEI LD8UDJB9JLU1 | C10: =IF(A10="","",IF(IF(K10="","Add source ID",IF(NOT(SUMPRODUCT(--(SourceData[ID]=K10))=1),"Unknown or duplicate source",IF(INDEX(SourceData[Input check],MATCH(K10,SourceData[ID],0))<>"","Complete source record","")))<>"","Check source",HYPERLINK(INDEX(SourceData[URL],MATCH(K10,SourceData[ID],0)),INDEX(SourceData[Title],MATCH(K10,SourceData[ID],0))))) -> 1305M225D0018-1305M226F0340 | D10: NOAA / National Geodetic Survey | E10: Named prime awardee | F10: =IF(A10="","",IF(OR(M10="",N10=""),"Dates not established",TEXT(M10,"mmm d, yyyy")&CHAR(10)&"to "&TEXT(N10,"mmm d, yyyy"))) -> Jul 27, 2026 to Sep 29, 2028 | G10: C03 | H10: N02 | I10: Awarded LiDAR, imagery and shoreline mapping in Washington. | J10: Scheduled completion only. No inspected evaluation, accepted deliverables or proof of available staff. | K10: W03 | L10: Award fields; raw description | M10: 46230 | N10: 47025 | O10: =IF(NOT(OR(A10<>"",D10<>"",E10<>"",G10<>"",H10<>"",I10<>"",J10<>"",K10<>"",L10<>"",M10<>"",N10<>"")),"",IF(A10="","Add ID",IF(NOT(SUMPRODUCT(--(WorkData[ID]=A10))=1),"Duplicate ID",IF(IF(G10="","Add candidate ID",IF(NOT(SUMPRODUCT(--(CandidateData[ID]=G10))=1),"Unknown or duplicate candidate",""))<>"",IF(G10="","Add candidate ID",IF(NOT(SUMPRODUCT(--(CandidateData[ID]=G10))=1),"Unknown or duplicate candidate","")),IF(IF(H10="","Add need ID",IF(NOT(SUMPRODUCT(--(NeedData[ID]=H10))=1),"Unknown or duplicate need",IF(INDEX(NeedData[Input check],MATCH(H10,NeedData[ID],0))<>"","Complete teaming need","")))<>"",IF(H10="","Add need ID",IF(NOT(SUMPRODUCT(--(NeedData[ID]=H10))=1),"Unknown or duplicate need",IF(INDEX(NeedData[Input check],MATCH(H10,NeedData[ID],0))<>"","Complete teaming need",""))),IF(OR(D10="",E10="",I10="",J10=""),"Add role, scope and limits",IF(OR(AND(M10<>"",OR(NOT(ISNUMBER(M10)),M10<=0)),AND(N10<>"",OR(NOT(ISNUMBER(N10)),N10<=0)),AND(M10<>"",N10<>"",M10>N10)),"Check dates",IF(K10="","Add source ID",IF(NOT(SUMPRODUCT(--(SourceData[ID]=K10))=1),"Unknown or duplicate source",IF(INDEX(SourceData[Input check],MATCH(K10,SourceData[ID],0))<>"","Complete source record",""))))))))))
A11: R04 | B11: =IF(A11="","",IF(IF(G11="","Add candidate ID",IF(NOT(SUMPRODUCT(--(CandidateData[ID]=G11))=1),"Unknown or duplicate candidate",""))<>"",G11,INDEX(CandidateData[Company / UEI],MATCH(G11,CandidateData[ID],0)))) -> Surdex Corporation UEI KHTMVK6LLH11 | C11: =IF(A11="","",IF(IF(K11="","Add source ID",IF(NOT(SUMPRODUCT(--(SourceData[ID]=K11))=1),"Unknown or duplicate source",IF(INDEX(SourceData[Input check],MATCH(K11,SourceData[ID],0))<>"","Complete source record","")))<>"","Check source",HYPERLINK(INDEX(SourceData[URL],MATCH(K11,SourceData[ID],0)),INDEX(SourceData[Title],MATCH(K11,SourceData[ID],0))))) -> 47QTCA18D00J5-140S0326F0009 | D11: Interior / Surface Mining Reclamation and Enforcement | E11: Named prime awardee | F11: =IF(A11="","",IF(OR(M11="",N11=""),"Dates not established",TEXT(M11,"mmm d, yyyy")&CHAR(10)&"to "&TEXT(N11,"mmm d, yyyy"))) -> Sep 10, 2026 to Jan 31, 2027 | G11: C04 | H11: N02 | I11: Awarded LiDAR and aerial imagery services. | J11: Scheduled completion only. No inspected evaluation, accepted deliverables or proof of available staff. | K11: W04 | L11: Award fields; raw description | M11: 46275 | N11: 46418 | O11: =IF(NOT(OR(A11<>"",D11<>"",E11<>"",G11<>"",H11<>"",I11<>"",J11<>"",K11<>"",L11<>"",M11<>"",N11<>"")),"",IF(A11="","Add ID",IF(NOT(SUMPRODUCT(--(WorkData[ID]=A11))=1),"Duplicate ID",IF(IF(G11="","Add candidate ID",IF(NOT(SUMPRODUCT(--(CandidateData[ID]=G11))=1),"Unknown or duplicate candidate",""))<>"",IF(G11="","Add candidate ID",IF(NOT(SUMPRODUCT(--(CandidateData[ID]=G11))=1),"Unknown or duplicate candidate","")),IF(IF(H11="","Add need ID",IF(NOT(SUMPRODUCT(--(NeedData[ID]=H11))=1),"Unknown or duplicate need",IF(INDEX(NeedData[Input check],MATCH(H11,NeedData[ID],0))<>"","Complete teaming need","")))<>"",IF(H11="","Add need ID",IF(NOT(SUMPRODUCT(--(NeedData[ID]=H11))=1),"Unknown or duplicate need",IF(INDEX(NeedData[Input check],MATCH(H11,NeedData[ID],0))<>"","Complete teaming need",""))),IF(OR(D11="",E11="",I11="",J11=""),"Add role, scope and limits",IF(OR(AND(M11<>"",OR(NOT(ISNUMBER(M11)),M11<=0)),AND(N11<>"",OR(NOT(ISNUMBER(N11)),N11<=0)),AND(M11<>"",N11<>"",M11>N11)),"Check dates",IF(K11="","Add source ID",IF(NOT(SUMPRODUCT(--(SourceData[ID]=K11))=1),"Unknown or duplicate source",IF(INDEX(SourceData[Input check],MATCH(K11,SourceData[ID],0))<>"","Complete source record",""))))))))))
A12: R05 | B12: =IF(A12="","",IF(IF(G12="","Add candidate ID",IF(NOT(SUMPRODUCT(--(CandidateData[ID]=G12))=1),"Unknown or duplicate candidate",""))<>"",G12,INDEX(CandidateData[Company / UEI],MATCH(G12,CandidateData[ID],0)))) -> NV5 Geospatial, Inc. UEI EMJEL3XM6A87 | C12: =IF(A12="","",IF(IF(K12="","Add source ID",IF(NOT(SUMPRODUCT(--(SourceData[ID]=K12))=1),"Unknown or duplicate source",IF(INDEX(SourceData[Input check],MATCH(K12,SourceData[ID],0))<>"","Complete source record","")))<>"","Check source",HYPERLINK(INDEX(SourceData[URL],MATCH(K12,SourceData[ID],0)),INDEX(SourceData[Title],MATCH(K12,SourceData[ID],0))))) -> NOAA: 2019–2020 coastal topobathymetric LiDAR | D12: NOAA / National Geodetic Survey | E12: Named data collector; contract role not established | F12: =IF(A12="","",IF(OR(M12="",N12=""),"Dates not established",TEXT(M12,"mmm d, yyyy")&CHAR(10)&"to "&TEXT(N12,"mmm d, yyyy"))) -> Nov 26, 2019 to Aug 25, 2020 | G12: C02 | H12: N01 | I12: NOAA identifies NV5 Geospatial as the collector of coastal topobathymetric data. | J12: Collection dates, not award dates. Outside the three-year experience window; no current registrant or staff continuity proven. | K12: T02 | L12: Abstract; item identification | M12: 43795 | N12: 44068 | O12: =IF(NOT(OR(A12<>"",D12<>"",E12<>"",G12<>"",H12<>"",I12<>"",J12<>"",K12<>"",L12<>"",M12<>"",N12<>"")),"",IF(A12="","Add ID",IF(NOT(SUMPRODUCT(--(WorkData[ID]=A12))=1),"Duplicate ID",IF(IF(G12="","Add candidate ID",IF(NOT(SUMPRODUCT(--(CandidateData[ID]=G12))=1),"Unknown or duplicate candidate",""))<>"",IF(G12="","Add candidate ID",IF(NOT(SUMPRODUCT(--(CandidateData[ID]=G12))=1),"Unknown or duplicate candidate","")),IF(IF(H12="","Add need ID",IF(NOT(SUMPRODUCT(--(NeedData[ID]=H12))=1),"Unknown or duplicate need",IF(INDEX(NeedData[Input check],MATCH(H12,NeedData[ID],0))<>"","Complete teaming need","")))<>"",IF(H12="","Add need ID",IF(NOT(SUMPRODUCT(--(NeedData[ID]=H12))=1),"Unknown or duplicate need",IF(INDEX(NeedData[Input check],MATCH(H12,NeedData[ID],0))<>"","Complete teaming need",""))),IF(OR(D12="",E12="",I12="",J12=""),"Add role, scope and limits",IF(OR(AND(M12<>"",OR(NOT(ISNUMBER(M12)),M12<=0)),AND(N12<>"",OR(NOT(ISNUMBER(N12)),N12<=0)),AND(M12<>"",N12<>"",M12>N12)),"Check dates",IF(K12="","Add source ID",IF(NOT(SUMPRODUCT(--(SourceData[ID]=K12))=1),"Unknown or duplicate source",IF(INDEX(SourceData[Input check],MATCH(K12,SourceData[ID],0))<>"","Complete source record",""))))))))))
B13: =IF(A13="","",IF(IF(G13="","Add candidate ID",IF(NOT(SUMPRODUCT(--(CandidateData[ID]=G13))=1),"Unknown or duplicate candidate",""))<>"",G13,INDEX(CandidateData[Company / UEI],MATCH(G13,CandidateData[ID],0)))) | C13: =IF(A13="","",IF(IF(K13="","Add source ID",IF(NOT(SUMPRODUCT(--(SourceData[ID]=K13))=1),"Unknown or duplicate source",IF(INDEX(SourceData[Input check],MATCH(K13,SourceData[ID],0))<>"","Complete source record","")))<>"","Check source",HYPERLINK(INDEX(SourceData[URL],MATCH(K13,SourceData[ID],0)),INDEX(SourceData[Title],MATCH(K13,SourceData[ID],0))))) | F13: =IF(A13="","",IF(OR(M13="",N13=""),"Dates not established",TEXT(M13,"mmm d, yyyy")&CHAR(10)&"to "&TEXT(N13,"mmm d, yyyy"))) | O13: =IF(NOT(OR(A13<>"",D13<>"",E13<>"",G13<>"",H13<>"",I13<>"",J13<>"",K13<>"",L13<>"",M13<>"",N13<>"")),"",IF(A13="","Add ID",IF(NOT(SUMPRODUCT(--(WorkData[ID]=A13))=1),"Duplicate ID",IF(IF(G13="","Add candidate ID",IF(NOT(SUMPRODUCT(--(CandidateData[ID]=G13))=1),"Unknown or duplicate candidate",""))<>"",IF(G13="","Add candidate ID",IF(NOT(SUMPRODUCT(--(CandidateData[ID]=G13))=1),"Unknown or duplicate candidate","")),IF(IF(H13="","Add need ID",IF(NOT(SUMPRODUCT(--(NeedData[ID]=H13))=1),"Unknown or duplicate need",IF(INDEX(NeedData[Input check],MATCH(H13,NeedData[ID],0))<>"","Complete teaming need","")))<>"",IF(H13="","Add need ID",IF(NOT(SUMPRODUCT(--(NeedData[ID]=H13))=1),"Unknown or duplicate need",IF(INDEX(NeedData[Input check],MATCH(H13,NeedData[ID],0))<>"","Complete teaming need",""))),IF(OR(D13="",E13="",I13="",J13=""),"Add role, scope and limits",IF(OR(AND(M13<>"",OR(NOT(ISNUMBER(M13)),M13<=0)),AND(N13<>"",OR(NOT(ISNUMBER(N13)),N13<=0)),AND(M13<>"",N13<>"",M13>N13)),"Check dates",IF(K13="","Add source ID",IF(NOT(SUMPRODUCT(--(SourceData[ID]=K13))=1),"Unknown or duplicate source",IF(INDEX(SourceData[Input check],MATCH(K13,SourceData[ID],0))<>"","Complete source record",""))))))))))

Sheet Checks & Actions
A2: Checks & actions
A4: TEAM applies to every candidate. Dates are internal planning targets. A Pass needs recorded confirmation; citation of a buyer requirement alone is insufficient.
A7: ID | B7: Candidate ID | C7: Check | D7: Required | E7: Status | F7: Action | G7: Due date | H7: Timing | I7: Check ID | J7: Confirmation / evidence | K7: Citation | L7: Source ID | M7: Location | N7: Input check
A8: K1L | B8: C01 | C8: New Mexico licensed personnel | D8: Yes | E8: Unresolved | F8: Request named manager/alternate and relevant New Mexico registrations; confirm their role and commitment. | G8: 46283 | H8: =IF(A8="","",IF(N8<>"","Check inputs",IF(E8="Pass","Complete",IF(OR(NOT(ISNUMBER(Shortlist!$F$4)),Shortlist!$F$4<=0),"Add as-of date",IF(G8<Shortlist!$F$4,"Overdue",IF(G8=Shortlist!$F$4,"Due today","Upcoming")))))) -> Upcoming | I8: =IF(A8="","",A8&" / "&B8) -> K1L / C01 | K8: =IF(L8="","",IF(IF(L8="","Add source ID",IF(NOT(SUMPRODUCT(--(SourceData[ID]=L8))=1),"Unknown or duplicate source",IF(INDEX(SourceData[Input check],MATCH(L8,SourceData[ID],0))<>"","Complete source record","")))<>"","Check source",IF(INDEX(SourceData[URL],MATCH(L8,SourceData[ID],0))="",L8&IF(M8="",""," "&M8),HYPERLINK(INDEX(SourceData[URL],MATCH(L8,SourceData[ID],0)),L8&IF(M8="",""," "&M8))))) -> S04 pp3–4,7; RFI 07,18 | L8: S04 | M8: pp3–4,7; RFI 07,18 | N8: =IF(NOT(OR(A8<>"",B8<>"",C8<>"",D8<>"",E8<>"",F8<>"",G8<>"",J8<>"",L8<>"",M8<>"")),"",IF(A8="","Add ID",IF(NOT(SUMPRODUCT(--(CheckData[ID]=A8))=1),"Duplicate ID",IF(AND(B8<>"TEAM",IF(B8="","Add candidate ID",IF(NOT(SUMPRODUCT(--(CandidateData[ID]=B8))=1),"Unknown or duplicate candidate",""))<>""),"Check candidate ID",IF(OR(C8="",F8=""),"Add check and action",IF(NOT(OR(D8="Yes",D8="No")),"Choose required",IF(NOT(OR(E8="Pass",E8="Fail",E8="Unresolved")),"Choose status",IF(OR(NOT(ISNUMBER(G8)),G8<=0),"Add valid due date",IF(AND(E8<>"Unresolved",OR(J8="",L8="")),"Add confirmation evidence",IF(L8="","",IF(L8="","Add source ID",IF(NOT(SUMPRODUCT(--(SourceData[ID]=L8))=1),"Unknown or duplicate source",IF(INDEX(SourceData[Input check],MATCH(L8,SourceData[ID],0))<>"","Complete source record","")))))))))))))
A9: K1A | B9: C01 | C9: Flight window and teaming interest | D9: Yes | E9: Unresolved | F9: Confirm interest, sensor and crew availability for Nov 2026–Feb 2027, and coordination within two weeks of refuge clearing. | G9: 46282 | H9: =IF(A9="","",IF(N9<>"","Check inputs",IF(E9="Pass","Complete",IF(OR(NOT(ISNUMBER(Shortlist!$F$4)),Shortlist!$F$4<=0),"Add as-of date",IF(G9<Shortlist!$F$4,"Overdue",IF(G9=Shortlist!$F$4,"Due today","Upcoming")))))) -> Upcoming | I9: =IF(A9="","",A9&" / "&B9) -> K1A / C01 | K9: =IF(L9="","",IF(IF(L9="","Add source ID",IF(NOT(SUMPRODUCT(--(SourceData[ID]=L9))=1),"Unknown or duplicate source",IF(INDEX(SourceData[Input check],MATCH(L9,SourceData[ID],0))<>"","Complete source record","")))<>"","Check source",IF(INDEX(SourceData[URL],MATCH(L9,SourceData[ID],0))="",L9&IF(M9="",""," "&M9),HYPERLINK(INDEX(SourceData[URL],MATCH(L9,SourceData[ID],0)),L9&IF(M9="",""," "&M9))))) -> S03 p2 criteria 6–7; S04 pp6–8 | L9: S03 | M9: p2 criteria 6–7; S04 pp6–8 | N9: =IF(NOT(OR(A9<>"",B9<>"",C9<>"",D9<>"",E9<>"",F9<>"",G9<>"",J9<>"",L9<>"",M9<>"")),"",IF(A9="","Add ID",IF(NOT(SUMPRODUCT(--(CheckData[ID]=A9))=1),"Duplicate ID",IF(AND(B9<>"TEAM",IF(B9="","Add candidate ID",IF(NOT(SUMPRODUCT(--(CandidateData[ID]=B9))=1),"Unknown or duplicate candidate",""))<>""),"Check candidate ID",IF(OR(C9="",F9=""),"Add check and action",IF(NOT(OR(D9="Yes",D9="No")),"Choose required",IF(NOT(OR(E9="Pass",E9="Fail",E9="Unresolved")),"Choose status",IF(OR(NOT(ISNUMBER(G9)),G9<=0),"Add valid due date",IF(AND(E9<>"Unresolved",OR(J9="",L9="")),"Add confirmation evidence",IF(L9="","",IF(L9="","Add source ID",IF(NOT(SUMPRODUCT(--(SourceData[ID]=L9))=1),"Unknown or duplicate source",IF(INDEX(SourceData[Input check],MATCH(L9,SourceData[ID],0))<>"","Complete source record","")))))))))))))
A10: K1P | B10: C01 | C10: Recent evaluated project | D10: Yes | E10: Unresolved | F10: Obtain at least one recent relevant project for this firm with client, purpose, dates and evaluation. Current awards are insufficient. | G10: 46283 | H10: =IF(A10="","",IF(N10<>"","Check inputs",IF(E10="Pass","Complete",IF(OR(NOT(ISNUMBER(Shortlist!$F$4)),Shortlist!$F$4<=0),"Add as-of date",IF(G10<Shortlist!$F$4,"Overdue",IF(G10=Shortlist!$F$4,"Due today","Upcoming")))))) -> Upcoming | I10: =IF(A10="","",A10&" / "&B10) -> K1P / C01 | K10: =IF(L10="","",IF(IF(L10="","Add source ID",IF(NOT(SUMPRODUCT(--(SourceData[ID]=L10))=1),"Unknown or duplicate source",IF(INDEX(SourceData[Input check],MATCH(L10,SourceData[ID],0))<>"","Complete source record","")))<>"","Check source",IF(INDEX(SourceData[URL],MATCH(L10,SourceData[ID],0))="",L10&IF(M10="",""," "&M10),HYPERLINK(INDEX(SourceData[URL],MATCH(L10,SourceData[ID],0)),L10&IF(M10="",""," "&M10))))) -> S04 pp5–6; RFI 13–14 | L10: S04 | M10: pp5–6; RFI 13–14 | N10: =IF(NOT(OR(A10<>"",B10<>"",C10<>"",D10<>"",E10<>"",F10<>"",G10<>"",J10<>"",L10<>"",M10<>"")),"",IF(A10="","Add ID",IF(NOT(SUMPRODUCT(--(CheckData[ID]=A10))=1),"Duplicate ID",IF(AND(B10<>"TEAM",IF(B10="","Add candidate ID",IF(NOT(SUMPRODUCT(--(CandidateData[ID]=B10))=1),"Unknown or duplicate candidate",""))<>""),"Check candidate ID",IF(OR(C10="",F10=""),"Add check and action",IF(NOT(OR(D10="Yes",D10="No")),"Choose required",IF(NOT(OR(E10="Pass",E10="Fail",E10="Unresolved")),"Choose status",IF(OR(NOT(ISNUMBER(G10)),G10<=0),"Add valid due date",IF(AND(E10<>"Unresolved",OR(J10="",L10="")),"Add confirmation evidence",IF(L10="","",IF(L10="","Add source ID",IF(NOT(SUMPRODUCT(--(SourceData[ID]=L10))=1),"Unknown or duplicate source",IF(INDEX(SourceData[Input check],MATCH(L10,SourceData[ID],0))<>"","Complete source record","")))))))))))))
A11: K2L | B11: C02 | C11: New Mexico licensed personnel | D11: Yes | E11: Unresolved | F11: Request named manager/alternate and relevant New Mexico registrations; confirm their role and commitment. | G11: 46283 | H11: =IF(A11="","",IF(N11<>"","Check inputs",IF(E11="Pass","Complete",IF(OR(NOT(ISNUMBER(Shortlist!$F$4)),Shortlist!$F$4<=0),"Add as-of date",IF(G11<Shortlist!$F$4,"Overdue",IF(G11=Shortlist!$F$4,"Due today","Upcoming")))))) -> Upcoming | I11: =IF(A11="","",A11&" / "&B11) -> K2L / C02 | K11: =IF(L11="","",IF(IF(L11="","Add source ID",IF(NOT(SUMPRODUCT(--(SourceData[ID]=L11))=1),"Unknown or duplicate source",IF(INDEX(SourceData[Input check],MATCH(L11,SourceData[ID],0))<>"","Complete source record","")))<>"","Check source",IF(INDEX(SourceData[URL],MATCH(L11,SourceData[ID],0))="",L11&IF(M11="",""," "&M11),HYPERLINK(INDEX(SourceData[URL],MATCH(L11,SourceData[ID],0)),L11&IF(M11="",""," "&M11))))) -> S04 pp3–4,7; RFI 07,18 | L11: S04 | M11: pp3–4,7; RFI 07,18 | N11: =IF(NOT(OR(A11<>"",B11<>"",C11<>"",D11<>"",E11<>"",F11<>"",G11<>"",J11<>"",L11<>"",M11<>"")),"",IF(A11="","Add ID",IF(NOT(SUMPRODUCT(--(CheckData[ID]=A11))=1),"Duplicate ID",IF(AND(B11<>"TEAM",IF(B11="","Add candidate ID",IF(NOT(SUMPRODUCT(--(CandidateData[ID]=B11))=1),"Unknown or duplicate candidate",""))<>""),"Check candidate ID",IF(OR(C11="",F11=""),"Add check and action",IF(NOT(OR(D11="Yes",D11="No")),"Choose required",IF(NOT(OR(E11="Pass",E11="Fail",E11="Unresolved")),"Choose status",IF(OR(NOT(ISNUMBER(G11)),G11<=0),"Add valid due date",IF(AND(E11<>"Unresolved",OR(J11="",L11="")),"Add confirmation evidence",IF(L11="","",IF(L11="","Add source ID",IF(NOT(SUMPRODUCT(--(SourceData[ID]=L11))=1),"Unknown or duplicate source",IF(INDEX(SourceData[Input check],MATCH(L11,SourceData[ID],0))<>"","Complete source record","")))))))))))))
A12: K2A | B12: C02 | C12: Flight window and teaming interest | D12: Yes | E12: Unresolved | F12: Confirm interest, sensor and crew availability for Nov 2026–Feb 2027, and coordination within two weeks of refuge clearing. | G12: 46282 | H12: =IF(A12="","",IF(N12<>"","Check inputs",IF(E12="Pass","Complete",IF(OR(NOT(ISNUMBER(Shortlist!$F$4)),Shortlist!$F$4<=0),"Add as-of date",IF(G12<Shortlist!$F$4,"Overdue",IF(G12=Shortlist!$F$4,"Due today","Upcoming")))))) -> Upcoming | I12: =IF(A12="","",A12&" / "&B12) -> K2A / C02 | K12: =IF(L12="","",IF(IF(L12="","Add source ID",IF(NOT(SUMPRODUCT(--(SourceData[ID]=L12))=1),"Unknown or duplicate source",IF(INDEX(SourceData[Input check],MATCH(L12,SourceData[ID],0))<>"","Complete source record","")))<>"","Check source",IF(INDEX(SourceData[URL],MATCH(L12,SourceData[ID],0))="",L12&IF(M12="",""," "&M12),HYPERLINK(INDEX(SourceData[URL],MATCH(L12,SourceData[ID],0)),L12&IF(M12="",""," "&M12))))) -> S03 p2 criteria 6–7; S04 pp6–8 | L12: S03 | M12: p2 criteria 6–7; S04 pp6–8 | N12: =IF(NOT(OR(A12<>"",B12<>"",C12<>"",D12<>"",E12<>"",F12<>"",G12<>"",J12<>"",L12<>"",M12<>"")),"",IF(A12="","Add ID",IF(NOT(SUMPRODUCT(--(CheckData[ID]=A12))=1),"Duplicate ID",IF(AND(B12<>"TEAM",IF(B12="","Add candidate ID",IF(NOT(SUMPRODUCT(--(CandidateData[ID]=B12))=1),"Unknown or duplicate candidate",""))<>""),"Check candidate ID",IF(OR(C12="",F12=""),"Add check and action",IF(NOT(OR(D12="Yes",D12="No")),"Choose required",IF(NOT(OR(E12="Pass",E12="Fail",E12="Unresolved")),"Choose status",IF(OR(NOT(ISNUMBER(G12)),G12<=0),"Add valid due date",IF(AND(E12<>"Unresolved",OR(J12="",L12="")),"Add confirmation evidence",IF(L12="","",IF(L12="","Add source ID",IF(NOT(SUMPRODUCT(--(SourceData[ID]=L12))=1),"Unknown or duplicate source",IF(INDEX(SourceData[Input check],MATCH(L12,SourceData[ID],0))<>"","Complete source record","")))))))))))))
A13: K2P | B13: C02 | C13: Recent evaluated project | D13: Yes | E13: Unresolved | F13: Obtain at least one recent relevant project for this firm with client, purpose, dates and evaluation. Current awards are insufficient. | G13: 46283 | H13: =IF(A13="","",IF(N13<>"","Check inputs",IF(E13="Pass","Complete",IF(OR(NOT(ISNUMBER(Shortlist!$F$4)),Shortlist!$F$4<=0),"Add as-of date",IF(G13<Shortlist!$F$4,"Overdue",IF(G13=Shortlist!$F$4,"Due today","Upcoming")))))) -> Upcoming | I13: =IF(A13="","",A13&" / "&B13) -> K2P / C02 | K13: =IF(L13="","",IF(IF(L13="","Add source ID",IF(NOT(SUMPRODUCT(--(SourceData[ID]=L13))=1),"Unknown or duplicate source",IF(INDEX(SourceData[Input check],MATCH(L13,SourceData[ID],0))<>"","Complete source record","")))<>"","Check source",IF(INDEX(SourceData[URL],MATCH(L13,SourceData[ID],0))="",L13&IF(M13="",""," "&M13),HYPERLINK(INDEX(SourceData[URL],MATCH(L13,SourceData[ID],0)),L13&IF(M13="",""," "&M13))))) -> S04 pp5–6; RFI 13–14 | L13: S04 | M13: pp5–6; RFI 13–14 | N13: =IF(NOT(OR(A13<>"",B13<>"",C13<>"",D13<>"",E13<>"",F13<>"",G13<>"",J13<>"",L13<>"",M13<>"")),"",IF(A13="","Add ID",IF(NOT(SUMPRODUCT(--(CheckData[ID]=A13))=1),"Duplicate ID",IF(AND(B13<>"TEAM",IF(B13="","Add candidate ID",IF(NOT(SUMPRODUCT(--(CandidateData[ID]=B13))=1),"Unknown or duplicate candidate",""))<>""),"Check candidate ID",IF(OR(C13="",F13=""),"Add check and action",IF(NOT(OR(D13="Yes",D13="No")),"Choose required",IF(NOT(OR(E13="Pass",E13="Fail",E13="Unresolved")),"Choose status",IF(OR(NOT(ISNUMBER(G13)),G13<=0),"Add valid due date",IF(AND(E13<>"Unresolved",OR(J13="",L13="")),"Add confirmation evidence",IF(L13="","",IF(L13="","Add source ID",IF(NOT(SUMPRODUCT(--(SourceData[ID]=L13))=1),"Unknown or duplicate source",IF(INDEX(SourceData[Input check],MATCH(L13,SourceData[ID],0))<>"","Complete source record","")))))))))))))
A14: K3L | B14: C03 | C14: New Mexico licensed personnel | D14: Yes | E14: Unresolved | F14: Request named manager/alternate and relevant New Mexico registrations; confirm their role and commitment. | G14: 46283 | H14: =IF(A14="","",IF(N14<>"","Check inputs",IF(E14="Pass","Complete",IF(OR(NOT(ISNUMBER(Shortlist!$F$4)),Shortlist!$F$4<=0),"Add as-of date",IF(G14<Shortlist!$F$4,"Overdue",IF(G14=Shortlist!$F$4,"Due today","Upcoming")))))) -> Upcoming | I14: =IF(A14="","",A14&" / "&B14) -> K3L / C03 | K14: =IF(L14="","",IF(IF(L14="","Add source ID",IF(NOT(SUMPRODUCT(--(SourceData[ID]=L14))=1),"Unknown or duplicate source",IF(INDEX(SourceData[Input check],MATCH(L14,SourceData[ID],0))<>"","Complete source record","")))<>"","Check source",IF(INDEX(SourceData[URL],MATCH(L14,SourceData[ID],0))="",L14&IF(M14="",""," "&M14),HYPERLINK(INDEX(SourceData[URL],MATCH(L14,SourceData[ID],0)),L14&IF(M14="",""," "&M14))))) -> S04 pp3–4,7; RFI 07,18 | L14: S04 | M14: pp3–4,7; RFI 07,18 | N14: =IF(NOT(OR(A14<>"",B14<>"",C14<>"",D14<>"",E14<>"",F14<>"",G14<>"",J14<>"",L14<>"",M14<>"")),"",IF(A14="","Add ID",IF(NOT(SUMPRODUCT(--(CheckData[ID]=A14))=1),"Duplicate ID",IF(AND(B14<>"TEAM",IF(B14="","Add candidate ID",IF(NOT(SUMPRODUCT(--(CandidateData[ID]=B14))=1),"Unknown or duplicate candidate",""))<>""),"Check candidate ID",IF(OR(C14="",F14=""),"Add check and action",IF(NOT(OR(D14="Yes",D14="No")),"Choose required",IF(NOT(OR(E14="Pass",E14="Fail",E14="Unresolved")),"Choose status",IF(OR(NOT(ISNUMBER(G14)),G14<=0),"Add valid due date",IF(AND(E14<>"Unresolved",OR(J14="",L14="")),"Add confirmation evidence",IF(L14="","",IF(L14="","Add source ID",IF(NOT(SUMPRODUCT(--(SourceData[ID]=L14))=1),"Unknown or duplicate source",IF(INDEX(SourceData[Input check],MATCH(L14,SourceData[ID],0))<>"","Complete source record","")))))))))))))
A15: K3A | B15: C03 | C15: Flight window and teaming interest | D15: Yes | E15: Unresolved | F15: Confirm interest, sensor and crew availability for Nov 2026–Feb 2027, and coordination within two weeks of refuge clearing. | G15: 46282 | H15: =IF(A15="","",IF(N15<>"","Check inputs",IF(E15="Pass","Complete",IF(OR(NOT(ISNUMBER(Shortlist!$F$4)),Shortlist!$F$4<=0),"Add as-of date",IF(G15<Shortlist!$F$4,"Overdue",IF(G15=Shortlist!$F$4,"Due today","Upcoming")))))) -> Upcoming | I15: =IF(A15="","",A15&" / "&B15) -> K3A / C03 | K15: =IF(L15="","",IF(IF(L15="","Add source ID",IF(NOT(SUMPRODUCT(--(SourceData[ID]=L15))=1),"Unknown or duplicate source",IF(INDEX(SourceData[Input check],MATCH(L15,SourceData[ID],0))<>"","Complete source record","")))<>"","Check source",IF(INDEX(SourceData[URL],MATCH(L15,SourceData[ID],0))="",L15&IF(M15="",""," "&M15),HYPERLINK(INDEX(SourceData[URL],MATCH(L15,SourceData[ID],0)),L15&IF(M15="",""," "&M15))))) -> S03 p2 criteria 6–7; S04 pp6–8 | L15: S03 | M15: p2 criteria 6–7; S04 pp6–8 | N15: =IF(NOT(OR(A15<>"",B15<>"",C15<>"",D15<>"",E15<>"",F15<>"",G15<>"",J15<>"",L15<>"",M15<>"")),"",IF(A15="","Add ID",IF(NOT(SUMPRODUCT(--(CheckData[ID]=A15))=1),"Duplicate ID",IF(AND(B15<>"TEAM",IF(B15="","Add candidate ID",IF(NOT(SUMPRODUCT(--(CandidateData[ID]=B15))=1),"Unknown or duplicate candidate",""))<>""),"Check candidate ID",IF(OR(C15="",F15=""),"Add check and action",IF(NOT(OR(D15="Yes",D15="No")),"Choose required",IF(NOT(OR(E15="Pass",E15="Fail",E15="Unresolved")),"Choose status",IF(OR(NOT(ISNUMBER(G15)),G15<=0),"Add valid due date",IF(AND(E15<>"Unresolved",OR(J15="",L15="")),"Add confirmation evidence",IF(L15="","",IF(L15="","Add source ID",IF(NOT(SUMPRODUCT(--(SourceData[ID]=L15))=1),"Unknown or duplicate source",IF(INDEX(SourceData[Input check],MATCH(L15,SourceData[ID],0))<>"","Complete source record","")))))))))))))
A16: K3P | B16: C03 | C16: Recent evaluated project | D16: Yes | E16: Unresolved | F16: Obtain at least one recent relevant project for this firm with client, purpose, dates and evaluation. Current awards are insufficient. | G16: 46283 | H16: =IF(A16="","",IF(N16<>"","Check inputs",IF(E16="Pass","Complete",IF(OR(NOT(ISNUMBER(Shortlist!$F$4)),Shortlist!$F$4<=0),"Add as-of date",IF(G16<Shortlist!$F$4,"Overdue",IF(G16=Shortlist!$F$4,"Due today","Upcoming")))))) -> Upcoming | I16: =IF(A16="","",A16&" / "&B16) -> K3P / C03 | K16: =IF(L16="","",IF(IF(L16="","Add source ID",IF(NOT(SUMPRODUCT(--(SourceData[ID]=L16))=1),"Unknown or duplicate source",IF(INDEX(SourceData[Input check],MATCH(L16,SourceData[ID],0))<>"","Complete source record","")))<>"","Check source",IF(INDEX(SourceData[URL],MATCH(L16,SourceData[ID],0))="",L16&IF(M16="",""," "&M16),HYPERLINK(INDEX(SourceData[URL],MATCH(L16,SourceData[ID],0)),L16&IF(M16="",""," "&M16))))) -> S04 pp5–6; RFI 13–14 | L16: S04 | M16: pp5–6; RFI 13–14 | N16: =IF(NOT(OR(A16<>"",B16<>"",C16<>"",D16<>"",E16<>"",F16<>"",G16<>"",J16<>"",L16<>"",M16<>"")),"",IF(A16="","Add ID",IF(NOT(SUMPRODUCT(--(CheckData[ID]=A16))=1),"Duplicate ID",IF(AND(B16<>"TEAM",IF(B16="","Add candidate ID",IF(NOT(SUMPRODUCT(--(CandidateData[ID]=B16))=1),"Unknown or duplicate candidate",""))<>""),"Check candidate ID",IF(OR(C16="",F16=""),"Add check and action",IF(NOT(OR(D16="Yes",D16="No")),"Choose required",IF(NOT(OR(E16="Pass",E16="Fail",E16="Unresolved")),"Choose status",IF(OR(NOT(ISNUMBER(G16)),G16<=0),"Add valid due date",IF(AND(E16<>"Unresolved",OR(J16="",L16="")),"Add confirmation evidence",IF(L16="","",IF(L16="","Add source ID",IF(NOT(SUMPRODUCT(--(SourceData[ID]=L16))=1),"Unknown or duplicate source",IF(INDEX(SourceData[Input check],MATCH(L16,SourceData[ID],0))<>"","Complete source record","")))))))))))))
A17: K4L | B17: C04 | C17: New Mexico licensed personnel | D17: Yes | E17: Unresolved | F17: Request named manager/alternate and relevant New Mexico registrations; confirm their role and commitment. | G17: 46283 | H17: =IF(A17="","",IF(N17<>"","Check inputs",IF(E17="Pass","Complete",IF(OR(NOT(ISNUMBER(Shortlist!$F$4)),Shortlist!$F$4<=0),"Add as-of date",IF(G17<Shortlist!$F$4,"Overdue",IF(G17=Shortlist!$F$4,"Due today","Upcoming")))))) -> Upcoming | I17: =IF(A17="","",A17&" / "&B17) -> K4L / C04 | K17: =IF(L17="","",IF(IF(L17="","Add source ID",IF(NOT(SUMPRODUCT(--(SourceData[ID]=L17))=1),"Unknown or duplicate source",IF(INDEX(SourceData[Input check],MATCH(L17,SourceData[ID],0))<>"","Complete source record","")))<>"","Check source",IF(INDEX(SourceData[URL],MATCH(L17,SourceData[ID],0))="",L17&IF(M17="",""," "&M17),HYPERLINK(INDEX(SourceData[URL],MATCH(L17,SourceData[ID],0)),L17&IF(M17="",""," "&M17))))) -> S04 pp3–4,7; RFI 07,18 | L17: S04 | M17: pp3–4,7; RFI 07,18 | N17: =IF(NOT(OR(A17<>"",B17<>"",C17<>"",D17<>"",E17<>"",F17<>"",G17<>"",J17<>"",L17<>"",M17<>"")),"",IF(A17="","Add ID",IF(NOT(SUMPRODUCT(--(CheckData[ID]=A17))=1),"Duplicate ID",IF(AND(B17<>"TEAM",IF(B17="","Add candidate ID",IF(NOT(SUMPRODUCT(--(CandidateData[ID]=B17))=1),"Unknown or duplicate candidate",""))<>""),"Check candidate ID",IF(OR(C17="",F17=""),"Add check and action",IF(NOT(OR(D17="Yes",D17="No")),"Choose required",IF(NOT(OR(E17="Pass",E17="Fail",E17="Unresolved")),"Choose status",IF(OR(NOT(ISNUMBER(G17)),G17<=0),"Add valid due date",IF(AND(E17<>"Unresolved",OR(J17="",L17="")),"Add confirmation evidence",IF(L17="","",IF(L17="","Add source ID",IF(NOT(SUMPRODUCT(--(SourceData[ID]=L17))=1),"Unknown or duplicate source",IF(INDEX(SourceData[Input check],MATCH(L17,SourceData[ID],0))<>"","Complete source record","")))))))))))))
A18: K4A | B18: C04 | C18: Flight window and teaming interest | D18: Yes | E18: Unresolved | F18: Confirm interest, sensor and crew availability for Nov 2026–Feb 2027, and coordination within two weeks of refuge clearing. | G18: 46282 | H18: =IF(A18="","",IF(N18<>"","Check inputs",IF(E18="Pass","Complete",IF(OR(NOT(ISNUMBER(Shortlist!$F$4)),Shortlist!$F$4<=0),"Add as-of date",IF(G18<Shortlist!$F$4,"Overdue",IF(G18=Shortlist!$F$4,"Due today","Upcoming")))))) -> Upcoming | I18: =IF(A18="","",A18&" / "&B18) -> K4A / C04 | K18: =IF(L18="","",IF(IF(L18="","Add source ID",IF(NOT(SUMPRODUCT(--(SourceData[ID]=L18))=1),"Unknown or duplicate source",IF(INDEX(SourceData[Input check],MATCH(L18,SourceData[ID],0))<>"","Complete source record","")))<>"","Check source",IF(INDEX(SourceData[URL],MATCH(L18,SourceData[ID],0))="",L18&IF(M18="",""," "&M18),HYPERLINK(INDEX(SourceData[URL],MATCH(L18,SourceData[ID],0)),L18&IF(M18="",""," "&M18))))) -> S03 p2 criteria 6–7; S04 pp6–8 | L18: S03 | M18: p2 criteria 6–7; S04 pp6–8 | N18: =IF(NOT(OR(A18<>"",B18<>"",C18<>"",D18<>"",E18<>"",F18<>"",G18<>"",J18<>"",L18<>"",M18<>"")),"",IF(A18="","Add ID",IF(NOT(SUMPRODUCT(--(CheckData[ID]=A18))=1),"Duplicate ID",IF(AND(B18<>"TEAM",IF(B18="","Add candidate ID",IF(NOT(SUMPRODUCT(--(CandidateData[ID]=B18))=1),"Unknown or duplicate candidate",""))<>""),"Check candidate ID",IF(OR(C18="",F18=""),"Add check and action",IF(NOT(OR(D18="Yes",D18="No")),"Choose required",IF(NOT(OR(E18="Pass",E18="Fail",E18="Unresolved")),"Choose status",IF(OR(NOT(ISNUMBER(G18)),G18<=0),"Add valid due date",IF(AND(E18<>"Unresolved",OR(J18="",L18="")),"Add confirmation evidence",IF(L18="","",IF(L18="","Add source ID",IF(NOT(SUMPRODUCT(--(SourceData[ID]=L18))=1),"Unknown or duplicate source",IF(INDEX(SourceData[Input check],MATCH(L18,SourceData[ID],0))<>"","Complete source record","")))))))))))))
A19: K4P | B19: C04 | C19: Recent evaluated project | D19: Yes | E19: Unresolved | F19: Obtain at least one recent relevant project for this firm with client, purpose, dates and evaluation. Current awards are insufficient. | G19: 46283 | H19: =IF(A19="","",IF(N19<>"","Check inputs",IF(E19="Pass","Complete",IF(OR(NOT(ISNUMBER(Shortlist!$F$4)),Shortlist!$F$4<=0),"Add as-of date",IF(G19<Shortlist!$F$4,"Overdue",IF(G19=Shortlist!$F$4,"Due today","Upcoming")))))) -> Upcoming | I19: =IF(A19="","",A19&" / "&B19) -> K4P / C04 | K19: =IF(L19="","",IF(IF(L19="","Add source ID",IF(NOT(SUMPRODUCT(--(SourceData[ID]=L19))=1),"Unknown or duplicate source",IF(INDEX(SourceData[Input check],MATCH(L19,SourceData[ID],0))<>"","Complete source record","")))<>"","Check source",IF(INDEX(SourceData[URL],MATCH(L19,SourceData[ID],0))="",L19&IF(M19="",""," "&M19),HYPERLINK(INDEX(SourceData[URL],MATCH(L19,SourceData[ID],0)),L19&IF(M19="",""," "&M19))))) -> S04 pp5–6; RFI 13–14 | L19: S04 | M19: pp5–6; RFI 13–14 | N19: =IF(NOT(OR(A19<>"",B19<>"",C19<>"",D19<>"",E19<>"",F19<>"",G19<>"",J19<>"",L19<>"",M19<>"")),"",IF(A19="","Add ID",IF(NOT(SUMPRODUCT(--(CheckData[ID]=A19))=1),"Duplicate ID",IF(AND(B19<>"TEAM",IF(B19="","Add candidate ID",IF(NOT(SUMPRODUCT(--(CandidateData[ID]=B19))=1),"Unknown or duplicate candidate",""))<>""),"Check candidate ID",IF(OR(C19="",F19=""),"Add check and action",IF(NOT(OR(D19="Yes",D19="No")),"Choose required",IF(NOT(OR(E19="Pass",E19="Fail",E19="Unresolved")),"Choose status",IF(OR(NOT(ISNUMBER(G19)),G19<=0),"Add valid due date",IF(AND(E19<>"Unresolved",OR(J19="",L19="")),"Add confirmation evidence",IF(L19="","",IF(L19="","Add source ID",IF(NOT(SUMPRODUCT(--(SourceData[ID]=L19))=1),"Unknown or duplicate source",IF(INDEX(SourceData[Input check],MATCH(L19,SourceData[ID],0))<>"","Complete source record","")))))))))))))
... A21: KTR | B21: TEAM | C21: Complete SF330 team and schedule | D21: Yes | E21: Unresolved | F21: Agree tasks, licensed staff and schedule; compile at least three recent evaluated references, including one for each proposed firm. Submit SF330 by Sep 24, 5 PM EDT. | G21: 46286 | H21: =IF(A21="","",IF(N21<>"","Check inputs",IF(E21="Pass","Complete",IF(OR(NOT(ISNUMBER(Shortlist!$F$4)),Shortlist!$F$4<=0),"Add as-of date",IF(G21<Shortlist!$F$4,"Overdue",IF(G21=Shortlist!$F$4,"Due today","Upcoming")))))) -> Upcoming | I21: =IF(A21="","",A21&" / "&B21) -> KTR / TEAM | K21: =IF(L21="","",IF(IF(L21="","Add source ID",IF(NOT(SUMPRODUCT(--(SourceData[ID]=L21))=1),"Unknown or duplicate source",IF(INDEX(SourceData[Input check],MATCH(L21,SourceData[ID],0))<>"","Complete source record","")))<>"","Check source",IF(INDEX(SourceData[URL],MATCH(L21,SourceData[ID],0))="",L21&IF(M21="",""," "&M21),HYPERLINK(INDEX(SourceData[URL],MATCH(L21,SourceData[ID],0)),L21&IF(M21="",""," "&M21))))) -> S04 pp5–7,10; S03 p2 criterion 6 | L21: S04 | M21: pp5–7,10; S03 p2 criterion 6 | N21: =IF(NOT(OR(A21<>"",B21<>"",C21<>"",D21<>"",E21<>"",F21<>"",G21<>"",J21<>"",L21<>"",M21<>"")),"",IF(A21="","Add ID",IF(NOT(SUMPRODUCT(--(CheckData[ID]=A21))=1),"Duplicate ID",IF(AND(B21<>"TEAM",IF(B21="","Add candidate ID",IF(NOT(SUMPRODUCT(--(CandidateData[ID]=B21))=1),"Unknown or duplicate candidate",""))<>""),"Check candidate ID",IF(OR(C21="",F21=""),"Add check and action",IF(NOT(OR(D21="Yes",D21="No")),"Choose required",IF(NOT(OR(E21="Pass",E21="Fail",E21="Unresolved")),"Choose status",IF(OR(NOT(ISNUMBER(G21)),G21<=0),"Add valid due date",IF(AND(E21<>"Unresolved",OR(J21="",L21="")),"Add confirmation evidence",IF(L21="","",IF(L21="","Add source ID",IF(NOT(SUMPRODUCT(--(SourceData[ID]=L21))=1),"Unknown or duplicate source",IF(INDEX(SourceData[Input check],MATCH(L21,SourceData[ID],0))<>"","Complete source record","")))))))))))))
H22: =IF(A22="","",IF(N22<>"","Check inputs",IF(E22="Pass","Complete",IF(OR(NOT(ISNUMBER(Shortlist!$F$4)),Shortlist!$F$4<=0),"Add as-of date",IF(G22<Shortlist!$F$4,"Overdue",IF(G22=Shortlist!$F$4,"Due today","Upcoming")))))) | I22: =IF(A22="","",A22&" / "&B22) | K22: =IF(L22="","",IF(IF(L22="","Add source ID",IF(NOT(SUMPRODUCT(--(SourceData[ID]=L22))=1),"Unknown or duplicate source",IF(INDEX(SourceData[Input check],MATCH(L22,SourceData[ID],0))<>"","Complete source record","")))<>"","Check source",IF(INDEX(SourceData[URL],MATCH(L22,SourceData[ID],0))="",L22&IF(M22="",""," "&M22),HYPERLINK(INDEX(SourceData[URL],MATCH(L22,SourceData[ID],0)),L22&IF(M22="",""," "&M22))))) | N22: =IF(NOT(OR(A22<>"",B22<>"",C22<>"",D22<>"",E22<>"",F22<>"",G22<>"",J22<>"",L22<>"",M22<>"")),"",IF(A22="","Add ID",IF(NOT(SUMPRODUCT(--(CheckData[ID]=A22))=1),"Duplicate ID",IF(AND(B22<>"TEAM",IF(B22="","Add candidate ID",IF(NOT(SUMPRODUCT(--(CandidateData[ID]=B22))=1),"Unknown or duplicate candidate",""))<>""),"Check candidate ID",IF(OR(C22="",F22=""),"Add check and action",IF(NOT(OR(D22="Yes",D22="No")),"Choose required",IF(NOT(OR(E22="Pass",E22="Fail",E22="Unresolved")),"Choose status",IF(OR(NOT(ISNUMBER(G22)),G22<=0),"Add valid due date",IF(AND(E22<>"Unresolved",OR(J22="",L22="")),"Add confirmation evidence",IF(L22="","",IF(L22="","Add source ID",IF(NOT(SUMPRODUCT(--(SourceData[ID]=L22))=1),"Unknown or duplicate source",IF(INDEX(SourceData[Input check],MATCH(L22,SourceData[ID],0))<>"","Complete source record","")))))))))))))
H23: =IF(A23="","",IF(N23<>"","Check inputs",IF(E23="Pass","Complete",IF(OR(NOT(ISNUMBER(Shortlist!$F$4)),Shortlist!$F$4<=0),"Add as-of date",IF(G23<Shortlist!$F$4,"Overdue",IF(G23=Shortlist!$F$4,"Due today","Upcoming")))))) | I23: =IF(A23="","",A23&" / "&B23) | K23: =IF(L23="","",IF(IF(L23="","Add source ID",IF(NOT(SUMPRODUCT(--(SourceData[ID]=L23))=1),"Unknown or duplicate source",IF(INDEX(SourceData[Input check],MATCH(L23,SourceData[ID],0))<>"","Complete source record","")))<>"","Check source",IF(INDEX(SourceData[URL],MATCH(L23,SourceData[ID],0))="",L23&IF(M23="",""," "&M23),HYPERLINK(INDEX(SourceData[URL],MATCH(L23,SourceData[ID],0)),L23&IF(M23="",""," "&M23))))) | N23: =IF(NOT(OR(A23<>"",B23<>"",C23<>"",D23<>"",E23<>"",F23<>"",G23<>"",J23<>"",L23<>"",M23<>"")),"",IF(A23="","Add ID",IF(NOT(SUMPRODUCT(--(CheckData[ID]=A23))=1),"Duplicate ID",IF(AND(B23<>"TEAM",IF(B23="","Add candidate ID",IF(NOT(SUMPRODUCT(--(CandidateData[ID]=B23))=1),"Unknown or duplicate candidate",""))<>""),"Check candidate ID",IF(OR(C23="",F23=""),"Add check and action",IF(NOT(OR(D23="Yes",D23="No")),"Choose required",IF(NOT(OR(E23="Pass",E23="Fail",E23="Unresolved")),"Choose status",IF(OR(NOT(ISNUMBER(G23)),G23<=0),"Add valid due date",IF(AND(E23<>"Unresolved",OR(J23="",L23="")),"Add confirmation evidence",IF(L23="","",IF(L23="","Add source ID",IF(NOT(SUMPRODUCT(--(SourceData[ID]=L23))=1),"Unknown or duplicate source",IF(INDEX(SourceData[Input check],MATCH(L23,SourceData[ID],0))<>"","Complete source record","")))))))))))))

Sheet Sources
A2: Sources
A4: Blue cells are editable inputs; gray cells calculate. Expand grouped columns on other tabs to edit source IDs.
A5: Source dates describe the document or record update. Retrieval dates show when this research was frozen.
A7: ID | B7: Title | C7: Type | D7: Source date | E7: Retrieved | F7: Limitation | G7: URL | H7: UEI | I7: Source ID | J7: Input check
A8: S01 | B8: NM BITTER LAKE NWR AERIAL IMAGING | C8: GovTribe record | D8: 46247 | E8: 46280 | F8: Discovery and identity. Use amendments for due date and conditions; AI summary misstates the site visit. | G8: https://govtribe.com/opportunity/federal-contract-opportunity/nm-bitter-lake-nwr-aerial-imaging-140fc126r0018 | I8: =IF(A8="","",A8) -> S01 | J8: =IF(NOT(OR(A8<>"",B8<>"",C8<>"",D8<>"",E8<>"",F8<>"",G8<>"",H8<>"")),"",IF(A8="","Add ID",IF(NOT(SUMPRODUCT(--(SourceData[ID]=A8))=1),"Duplicate ID",IF(OR(B8="",C8="",F8=""),"Add title, type and limit",IF(NOT(OR(C8="GovTribe record",C8="Government document",C8="Government dataset",C8="Company disclosure",C8="Internal assumption")),"Choose source type",IF(OR(NOT(ISNUMBER(E8)),E8<=0),"Add retrieval date",IF(AND(D8<>"",OR(NOT(ISNUMBER(D8)),D8<=0,D8>E8)),"Check source date",IF(AND(C8<>"Internal assumption",LEFT(G8,8)<>"https://"),"Add https source URL",IF(AND(H8<>"",LEN(H8)<>12),"Check 12-character UEI","")))))))))
A9: S02 | B9: Bitter Lake performance work statement | C9: Government document | E9: 46280 | F9: PDF pages used. Read with amendment 0003; document issue date not relied on. | G9: https://govtribe.com/file/government-file/performance-work-statement-bitter-lake-lidar-final-dot-pdf | I9: =IF(A9="","",A9) -> S02 | J9: =IF(NOT(OR(A9<>"",B9<>"",C9<>"",D9<>"",E9<>"",F9<>"",G9<>"",H9<>"")),"",IF(A9="","Add ID",IF(NOT(SUMPRODUCT(--(SourceData[ID]=A9))=1),"Duplicate ID",IF(OR(B9="",C9="",F9=""),"Add title, type and limit",IF(NOT(OR(C9="GovTribe record",C9="Government document",C9="Government dataset",C9="Company disclosure",C9="Internal assumption")),"Choose source type",IF(OR(NOT(ISNUMBER(E9)),E9<=0),"Add retrieval date",IF(AND(D9<>"",OR(NOT(ISNUMBER(D9)),D9<=0,D9>E9)),"Check source date",IF(AND(C9<>"Internal assumption",LEFT(G9,8)<>"https://"),"Add https source URL",IF(AND(H9<>"",LEN(H9)<>12),"Check 12-character UEI","")))))))))
A10: S03 | B10: SF330 ranking criteria | C10: Government document | E10: 46280 | F10: Amendment 0003 clarifies references, licensure and schedule. No price proposal requested. | G10: https://govtribe.com/file/government-file/ranking-criteria-140fc126r0018-dot-pdf | I10: =IF(A10="","",A10) -> S03 | J10: =IF(NOT(OR(A10<>"",B10<>"",C10<>"",D10<>"",E10<>"",F10<>"",G10<>"",H10<>"")),"",IF(A10="","Add ID",IF(NOT(SUMPRODUCT(--(SourceData[ID]=A10))=1),"Duplicate ID",IF(OR(B10="",C10="",F10=""),"Add title, type and limit",IF(NOT(OR(C10="GovTribe record",C10="Government document",C10="Government dataset",C10="Company disclosure",C10="Internal assumption")),"Choose source type",IF(OR(NOT(ISNUMBER(E10)),E10<=0),"Add retrieval date",IF(AND(D10<>"",OR(NOT(ISNUMBER(D10)),D10<=0,D10>E10)),"Check source date",IF(AND(C10<>"Internal assumption",LEFT(G10,8)<>"https://"),"Add https source URL",IF(AND(H10<>"",LEN(H10)<>12),"Check 12-character UEI","")))))))))
A11: S04 | B11: Amendment 0003 — questions and answers | C11: Government document | E11: 46280 | F11: Controlling clarifications; p10 confirms Sep 24, 2026 at 5 PM EDT. Header date not used as posting date. | G11: https://govtribe.com/file/government-file/140fc126r0018-sol-140fc126r0018-amd-0003-dot-pdf | I11: =IF(A11="","",A11) -> S04 | J11: =IF(NOT(OR(A11<>"",B11<>"",C11<>"",D11<>"",E11<>"",F11<>"",G11<>"",H11<>"")),"",IF(A11="","Add ID",IF(NOT(SUMPRODUCT(--(SourceData[ID]=A11))=1),"Duplicate ID",IF(OR(B11="",C11="",F11=""),"Add title, type and limit",IF(NOT(OR(C11="GovTribe record",C11="Government document",C11="Government dataset",C11="Company disclosure",C11="Internal assumption")),"Choose source type",IF(OR(NOT(ISNUMBER(E11)),E11<=0),"Add retrieval date",IF(AND(D11<>"",OR(NOT(ISNUMBER(D11)),D11<=0,D11>E11)),"Check source date",IF(AND(C11<>"Internal assumption",LEFT(G11,8)<>"https://"),"Add https source URL",IF(AND(H11<>"",LEN(H11)<>12),"Check 12-character UEI","")))))))))
A12: V01 | B12: Dewberry Engineers Inc. | C12: GovTribe record | D12: 46007 | E12: 46280 | F12: Exact registrant. Public registration data do not establish interest, available staff or eligibility for this role. | G12: https://govtribe.com/vendors/dewberry-engineers-inc-dot-4djx0 | H12: K3WDSCEDY1V5 | I12: =IF(A12="","",A12) -> V01 | J12: =IF(NOT(OR(A12<>"",B12<>"",C12<>"",D12<>"",E12<>"",F12<>"",G12<>"",H12<>"")),"",IF(A12="","Add ID",IF(NOT(SUMPRODUCT(--(SourceData[ID]=A12))=1),"Duplicate ID",IF(OR(B12="",C12="",F12=""),"Add title, type and limit",IF(NOT(OR(C12="GovTribe record",C12="Government document",C12="Government dataset",C12="Company disclosure",C12="Internal assumption")),"Choose source type",IF(OR(NOT(ISNUMBER(E12)),E12<=0),"Add retrieval date",IF(AND(D12<>"",OR(NOT(ISNUMBER(D12)),D12<=0,D12>E12)),"Check source date",IF(AND(C12<>"Internal assumption",LEFT(G12,8)<>"https://"),"Add https source URL",IF(AND(H12<>"",LEN(H12)<>12),"Check 12-character UEI","")))))))))
A13: W01 | B13: 1305M225D0016-1305M226F0404 | C13: GovTribe record | D13: 46265 | E13: 46280 | F13: Recent award; scheduled end date. No completed deliverables, evaluation or available staff verified. | G13: https://govtribe.com/award/federal-contract-award/delivery-order-1305m225d0016-1305m226f0404 | I13: =IF(A13="","",A13) -> W01 | J13: =IF(NOT(OR(A13<>"",B13<>"",C13<>"",D13<>"",E13<>"",F13<>"",G13<>"",H13<>"")),"",IF(A13="","Add ID",IF(NOT(SUMPRODUCT(--(SourceData[ID]=A13))=1),"Duplicate ID",IF(OR(B13="",C13="",F13=""),"Add title, type and limit",IF(NOT(OR(C13="GovTribe record",C13="Government document",C13="Government dataset",C13="Company disclosure",C13="Internal assumption")),"Choose source type",IF(OR(NOT(ISNUMBER(E13)),E13<=0),"Add retrieval date",IF(AND(D13<>"",OR(NOT(ISNUMBER(D13)),D13<=0,D13>E13)),"Check source date",IF(AND(C13<>"Internal assumption",LEFT(G13,8)<>"https://"),"Add https source URL",IF(AND(H13<>"",LEN(H13)<>12),"Check 12-character UEI","")))))))))
A14: V02 | B14: NV5 Geospatial, Inc. | C14: GovTribe record | D14: 46272 | E14: 46280 | F14: Exact registrant. Public registration data do not establish interest, available staff or eligibility for this role. | G14: https://govtribe.com/vendors/quantum-spatial-inc-dot-9r590 | H14: EMJEL3XM6A87 | I14: =IF(A14="","",A14) -> V02 | J14: =IF(NOT(OR(A14<>"",B14<>"",C14<>"",D14<>"",E14<>"",F14<>"",G14<>"",H14<>"")),"",IF(A14="","Add ID",IF(NOT(SUMPRODUCT(--(SourceData[ID]=A14))=1),"Duplicate ID",IF(OR(B14="",C14="",F14=""),"Add title, type and limit",IF(NOT(OR(C14="GovTribe record",C14="Government document",C14="Government dataset",C14="Company disclosure",C14="Internal assumption")),"Choose source type",IF(OR(NOT(ISNUMBER(E14)),E14<=0),"Add retrieval date",IF(AND(D14<>"",OR(NOT(ISNUMBER(D14)),D14<=0,D14>E14)),"Check source date",IF(AND(C14<>"Internal assumption",LEFT(G14,8)<>"https://"),"Add https source URL",IF(AND(H14<>"",LEN(H14)<>12),"Check 12-character UEI","")))))))))
A15: W02 | B15: 1305M225D0017-1305M226F0396 | C15: GovTribe record | D15: 46255 | E15: 46280 | F15: Recent award; scheduled end date. No completed deliverables, evaluation or available staff verified. | G15: https://govtribe.com/award/federal-contract-award/delivery-order-1305m225d0017-1305m226f0396 | I15: =IF(A15="","",A15) -> W02 | J15: =IF(NOT(OR(A15<>"",B15<>"",C15<>"",D15<>"",E15<>"",F15<>"",G15<>"",H15<>"")),"",IF(A15="","Add ID",IF(NOT(SUMPRODUCT(--(SourceData[ID]=A15))=1),"Duplicate ID",IF(OR(B15="",C15="",F15=""),"Add title, type and limit",IF(NOT(OR(C15="GovTribe record",C15="Government document",C15="Government dataset",C15="Company disclosure",C15="Internal assumption")),"Choose source type",IF(OR(NOT(ISNUMBER(E15)),E15<=0),"Add retrieval date",IF(AND(D15<>"",OR(NOT(ISNUMBER(D15)),D15<=0,D15>E15)),"Check source date",IF(AND(C15<>"Internal assumption",LEFT(G15,8)<>"https://"),"Add https source URL",IF(AND(H15<>"",LEN(H15)<>12),"Check 12-character UEI","")))))))))
A16: V03 | B16: Woolpert, Inc. | C16: GovTribe record | D16: 46100 | E16: 46280 | F16: Exact registrant. Public registration data do not establish interest, available staff or eligibility for this role. | G16: https://govtribe.com/vendors/woolpert-inc-dot-0kr30 | H16: LD8UDJB9JLU1 | I16: =IF(A16="","",A16) -> V03 | J16: =IF(NOT(OR(A16<>"",B16<>"",C16<>"",D16<>"",E16<>"",F16<>"",G16<>"",H16<>"")),"",IF(A16="","Add ID",IF(NOT(SUMPRODUCT(--(SourceData[ID]=A16))=1),"Duplicate ID",IF(OR(B16="",C16="",F16=""),"Add title, type and limit",IF(NOT(OR(C16="GovTribe record",C16="Government document",C16="Government dataset",C16="Company disclosure",C16="Internal assumption")),"Choose source type",IF(OR(NOT(ISNUMBER(E16)),E16<=0),"Add retrieval date",IF(AND(D16<>"",OR(NOT(ISNUMBER(D16)),D16<=0,D16>E16)),"Check source date",IF(AND(C16<>"Internal assumption",LEFT(G16,8)<>"https://"),"Add https source URL",IF(AND(H16<>"",LEN(H16)<>12),"Check 12-character UEI","")))))))))
A17: W03 | B17: 1305M225D0018-1305M226F0340 | C17: GovTribe record | D17: 46230 | E17: 46280 | F17: Recent award; scheduled end date. No completed deliverables, evaluation or available staff verified. | G17: https://govtribe.com/award/federal-contract-award/delivery-order-1305m225d0018-1305m226f0340 | I17: =IF(A17="","",A17) -> W03 | J17: =IF(NOT(OR(A17<>"",B17<>"",C17<>"",D17<>"",E17<>"",F17<>"",G17<>"",H17<>"")),"",IF(A17="","Add ID",IF(NOT(SUMPRODUCT(--(SourceData[ID]=A17))=1),"Duplicate ID",IF(OR(B17="",C17="",F17=""),"Add title, type and limit",IF(NOT(OR(C17="GovTribe record",C17="Government document",C17="Government dataset",C17="Company disclosure",C17="Internal assumption")),"Choose source type",IF(OR(NOT(ISNUMBER(E17)),E17<=0),"Add retrieval date",IF(AND(D17<>"",OR(NOT(ISNUMBER(D17)),D17<=0,D17>E17)),"Check source date",IF(AND(C17<>"Internal assumption",LEFT(G17,8)<>"https://"),"Add https source URL",IF(AND(H17<>"",LEN(H17)<>12),"Check 12-character UEI","")))))))))
A18: V04 | B18: Surdex Corporation | C18: GovTribe record | D18: 45987 | E18: 46280 | F18: Exact registrant. Public registration data do not establish interest, available staff or eligibility for this role. | G18: https://govtribe.com/vendors/surdex-corporation-8g253 | H18: KHTMVK6LLH11 | I18: =IF(A18="","",A18) -> V04 | J18: =IF(NOT(OR(A18<>"",B18<>"",C18<>"",D18<>"",E18<>"",F18<>"",G18<>"",H18<>"")),"",IF(A18="","Add ID",IF(NOT(SUMPRODUCT(--(SourceData[ID]=A18))=1),"Duplicate ID",IF(OR(B18="",C18="",F18=""),"Add title, type and limit",IF(NOT(OR(C18="GovTribe record",C18="Government document",C18="Government dataset",C18="Company disclosure",C18="Internal assumption")),"Choose source type",IF(OR(NOT(ISNUMBER(E18)),E18<=0),"Add retrieval date",IF(AND(D18<>"",OR(NOT(ISNUMBER(D18)),D18<=0,D18>E18)),"Check source date",IF(AND(C18<>"Internal assumption",LEFT(G18,8)<>"https://"),"Add https source URL",IF(AND(H18<>"",LEN(H18)<>12),"Check 12-character UEI","")))))))))
A19: W04 | B19: 47QTCA18D00J5-140S0326F0009 | C19: GovTribe record | D19: 46275 | E19: 46280 | F19: Recent award; scheduled end date. No completed deliverables, evaluation or available staff verified. | G19: https://govtribe.com/award/federal-contract-award/delivery-order-47qtca18d00j5-140s0326f0009 | I19: =IF(A19="","",A19) -> W04 | J19: =IF(NOT(OR(A19<>"",B19<>"",C19<>"",D19<>"",E19<>"",F19<>"",G19<>"",H19<>"")),"",IF(A19="","Add ID",IF(NOT(SUMPRODUCT(--(SourceData[ID]=A19))=1),"Duplicate ID",IF(OR(B19="",C19="",F19=""),"Add title, type and limit",IF(NOT(OR(C19="GovTribe record",C19="Government document",C19="Government dataset",C19="Company disclosure",C19="Internal assumption")),"Choose source type",IF(OR(NOT(ISNUMBER(E19)),E19<=0),"Add retrieval date",IF(AND(D19<>"",OR(NOT(ISNUMBER(D19)),D19<=0,D19>E19)),"Check source date",IF(AND(C19<>"Internal assumption",LEFT(G19,8)<>"https://"),"Add https source URL",IF(AND(H19<>"",LEN(H19)<>12),"Check 12-character UEI","")))))))))
A20: T01 | B20: Dewberry: second CZMIL SuperNova sensor | C20: Company disclosure | D20: 45496 | E20: 46280 | F20: Company disclosure. Confirm legal entity, sensor allocation and crew. No commitment inferred. | G20: https://www.dewberry.com/insights-news/article/2024/07/23/dewberry-acquires-second-czmil-supernova-sensor | I20: =IF(A20="","",A20) -> T01 | J20: =IF(NOT(OR(A20<>"",B20<>"",C20<>"",D20<>"",E20<>"",F20<>"",G20<>"",H20<>"")),"",IF(A20="","Add ID",IF(NOT(SUMPRODUCT(--(SourceData[ID]=A20))=1),"Duplicate ID",IF(OR(B20="",C20="",F20=""),"Add title, type and limit",IF(NOT(OR(C20="GovTribe record",C20="Government document",C20="Government dataset",C20="Company disclosure",C20="Internal assumption")),"Choose source type",IF(OR(NOT(ISNUMBER(E20)),E20<=0),"Add retrieval date",IF(AND(D20<>"",OR(NOT(ISNUMBER(D20)),D20<=0,D20>E20)),"Check source date",IF(AND(C20<>"Internal assumption",LEFT(G20,8)<>"https://"),"Add https source URL",IF(AND(H20<>"",LEN(H20)<>12),"Check 12-character UEI","")))))))))
A21: T02 | B21: NOAA: 2019–2020 coastal topobathymetric LiDAR | C21: Government dataset | D21: 46253 | E21: 46280 | F21: 2019–2020 collection; metadata updated 2026. Not a recent reference. Confirm current entity and staff. | G21: https://www.fisheries.noaa.gov/inport/item/66707 | I21: =IF(A21="","",A21) -> T02 | J21: =IF(NOT(OR(A21<>"",B21<>"",C21<>"",D21<>"",E21<>"",F21<>"",G21<>"",H21<>"")),"",IF(A21="","Add ID",IF(NOT(SUMPRODUCT(--(SourceData[ID]=A21))=1),"Duplicate ID",IF(OR(B21="",C21="",F21=""),"Add title, type and limit",IF(NOT(OR(C21="GovTribe record",C21="Government document",C21="Government dataset",C21="Company disclosure",C21="Internal assumption")),"Choose source type",IF(OR(NOT(ISNUMBER(E21)),E21<=0),"Add retrieval date",IF(AND(D21<>"",OR(NOT(ISNUMBER(D21)),D21<=0,D21>E21)),"Check source date",IF(AND(C21<>"Internal assumption",LEFT(G21,8)<>"https://"),"Add https source URL",IF(AND(H21<>"",LEN(H21)<>12),"Check 12-character UEI","")))))))))
A22: B01 | B22: Illustrative prime capability profile | C22: Internal assumption | D22: 46280 | E22: 46280 | F22: Illustrative GovTribe capability assumptions: coordination and GIS integration only. No aircraft, field crew or licensed manager assumed. | I22: =IF(A22="","",A22) -> B01 | J22: =IF(NOT(OR(A22<>"",B22<>"",C22<>"",D22<>"",E22<>"",F22<>"",G22<>"",H22<>"")),"",IF(A22="","Add ID",IF(NOT(SUMPRODUCT(--(SourceData[ID]=A22))=1),"Duplicate ID",IF(OR(B22="",C22="",F22=""),"Add title, type and limit",IF(NOT(OR(C22="GovTribe record",C22="Government document",C22="Government dataset",C22="Company disclosure",C22="Internal assumption")),"Choose source type",IF(OR(NOT(ISNUMBER(E22)),E22<=0),"Add retrieval date",IF(AND(D22<>"",OR(NOT(ISNUMBER(D22)),D22<=0,D22>E22)),"Check source date",IF(AND(C22<>"Internal assumption",LEFT(G22,8)<>"https://"),"Add https source URL",IF(AND(H22<>"",LEN(H22)<>12),"Check 12-character UEI","")))))))))
I23: =IF(A23="","",A23) | J23: =IF(NOT(OR(A23<>"",B23<>"",C23<>"",D23<>"",E23<>"",F23<>"",G23<>"",H23<>"")),"",IF(A23="","Add ID",IF(NOT(SUMPRODUCT(--(SourceData[ID]=A23))=1),"Duplicate ID",IF(OR(B23="",C23="",F23=""),"Add title, type and limit",IF(NOT(OR(C23="GovTribe record",C23="Government document",C23="Government dataset",C23="Company disclosure",C23="Internal assumption")),"Choose source type",IF(OR(NOT(ISNUMBER(E23)),E23<=0),"Add retrieval date",IF(AND(D23<>"",OR(NOT(ISNUMBER(D23)),D23<=0,D23>E23)),"Check source date",IF(AND(C23<>"Internal assumption",LEFT(G23,8)<>"https://"),"Add https source URL",IF(AND(H23<>"",LEN(H23)<>12),"Check 12-character UEI","")))))))))
I24: =IF(A24="","",A24) | J24: =IF(NOT(OR(A24<>"",B24<>"",C24<>"",D24<>"",E24<>"",F24<>"",G24<>"",H24<>"")),"",IF(A24="","Add ID",IF(NOT(SUMPRODUCT(--(SourceData[ID]=A24))=1),"Duplicate ID",IF(OR(B24="",C24="",F24=""),"Add title, type and limit",IF(NOT(OR(C24="GovTribe record",C24="Government document",C24="Government dataset",C24="Company disclosure",C24="Internal assumption")),"Choose source type",IF(OR(NOT(ISNUMBER(E24)),E24<=0),"Add retrieval date",IF(AND(D24<>"",OR(NOT(ISNUMBER(D24)),D24<=0,D24>E24)),"Check source date",IF(AND(C24<>"Internal assumption",LEFT(G24,8)<>"https://"),"Add https source URL",IF(AND(H24<>"",LEN(H24)<>12),"Check 12-character UEI","")))))))))
I25: =IF(A25="","",A25) | J25: =IF(NOT(OR(A25<>"",B25<>"",C25<>"",D25<>"",E25<>"",F25<>"",G25<>"",H25<>"")),"",IF(A25="","Add ID",IF(NOT(SUMPRODUCT(--(SourceData[ID]=A25))=1),"Duplicate ID",IF(OR(B25="",C25="",F25=""),"Add title, type and limit",IF(NOT(OR(C25="GovTribe record",C25="Government document",C25="Government dataset",C25="Company disclosure",C25="Internal assumption")),"Choose source type",IF(OR(NOT(ISNUMBER(E25)),E25<=0),"Add retrieval date",IF(AND(D25<>"",OR(NOT(ISNUMBER(D25)),D25<=0,D25>E25)),"Check source date",IF(AND(C25<>"Internal assumption",LEFT(G25,8)<>"https://"),"Add https source URL",IF(AND(H25<>"",LEN(H25)<>12),"Check 12-character UEI","")))))))))
